999
DXF file: bezel_s320hjj-t03_1.dxf
999
Pro/ENGINEER 2015080 by Parametric Technology Corporation
  0
SECTION
  2
HEADER
  9
$ACADVER
  1
AC1018
  9
$DWGCODEPAGE
  3
ANSI_1252
  9
$EXTMAX
 10
1600.0
 20
1108.0
 30
0.0
  9
$EXTMIN
 10
0.0
 20
0.0
 30
0.0
  9
$LIMMIN
 10
0.0
 20
0.0
  9
$LIMMAX
 10
1600.0
 20
1108.0
  9
$VIEWCTR
 10
800.0
 20
554.0
  9
$VIEWSIZE
 40
1108.0
  9
$CLAYER
  8
0
  9
$LTSCALE
 40
88.0
  9
$CELTYPE
  6
BYLAYER
  9
$DIMSCALE
 40
1.0
  9
$DIMASZ
 40
6.0
  9
$DIMEXO
 40
1.0
  9
$DIMDLI
 40
60.8
  9
$DIMEXE
 40
3.0
  9
$DIMCEN
 40
14.4
  9
$DIMLFAC
 40
1.0
  9
$DIMBLK
  1
_FILLED
  9
$DIMALT
 70
0
  9
$DIMALTF
 40
0.0393700787
  9
$DIMTXT
 40
6.0
  9
$DIMTOL
 70
1
  9
$DIMLIM
 70
0
  9
$DIMTFAC
 40
1.0
  9
$DIMTP
 40
0.01
  9
$DIMTM
 40
0.01
  9
$DIMGAP
 40
0.625
  9
$DIMDSEP
 70
46
  9
$AUNITS
 70
0
  9
$PDMODE
 70
3
  9
$PDSIZE
 40
8.0
  9
$HANDSEED
  5
C7B
  9
$TILEMODE
 70
1
  9
$MEASUREMENT
 70
1
  9
$INSUNITS
 70
4
  0
ENDSEC
  0
SECTION
  2
CLASSES
  0
CLASS
  1
ACDBDICTIONARYWDFLT
  2
AcDbDictionaryWithDefault
  3
AutoCAD 2000
 90
0
 91
1
280
0
281
0
  0
CLASS
  1
ACDBPLACEHOLDER
  2
AcDbPlaceHolder
  3
AutoCAD 2000
 90
0
 91
1
280
0
281
0
  0
CLASS
  1
LAYOUT
  2
AcDbLayout
  3
AutoCAD 2000
 90
0
 91
0
280
0
281
0
  0
ENDSEC
  0
SECTION
  2
TABLES
  0
TABLE
  2
VPORT
  5
8
100
AcDbSymbolTable
 70
2
  0
VPORT
  5
1F4
100
AcDbSymbolTableRecord
100
AcDbViewportTableRecord
  2
*ACTIVE
 70
0
 10
0.0
 20
0.0
 11
1.0
 21
1.0
 12
800.0
 22
554.0
 13
0.0
 23
0.0
 14
1.0
 24
1.0
 15
0.0
 25
0.0
 16
0.0
 26
0.0
 36
1.0
 17
0.0
 27
0.0
 37
0.0
 40
1108.0
 41
1.4440433213
 42
50.0
 43
0.0
 44
0.0
 50
0.0
 51
0.0
 71
0
 72
100
 73
1
 74
1
 75
0
 76
0
 77
0
 78
0
  0
ENDTAB
  0
TABLE
  2
LTYPE
  5
5
100
AcDbSymbolTable
 70
6
  0
LTYPE
  5
14
100
AcDbSymbolTableRecord
100
AcDbLinetypeTableRecord
  2
BYBLOCK
 70
0
  3

 72
65
 73
0
 40
0.0
  0
LTYPE
  5
15
100
AcDbSymbolTableRecord
100
AcDbLinetypeTableRecord
  2
BYLAYER
 70
0
  3

 72
65
 73
0
 40
0.0
  0
LTYPE
  5
16
100
AcDbSymbolTableRecord
100
AcDbLinetypeTableRecord
  2
CONTINUOUS
 70
64
  3
Solid line
 72
65
 73
0
 40
0.0
  0
LTYPE
  5
1F5
100
AcDbSymbolTableRecord
100
AcDbLinetypeTableRecord
  2
CENTER
 70
64
  3
____ _ ____ _ ____ _ ____ _ ____ _ ____ _ ____
 72
65
 73
4
 40
0.6
 49
0.375
 74
0
 49
-0.075
 74
0
 49
0.075
 74
0
 49
-0.075
 74
0
  0
LTYPE
  5
1F6
100
AcDbSymbolTableRecord
100
AcDbLinetypeTableRecord
  2
HIDDEN
 70
64
  3
- - - - - - - - - - - - - - - - - - - -
 72
65
 73
2
 40
0.2
 49
0.1
 74
0
 49
-0.1
 74
0
  0
LTYPE
  5
1F7
100
AcDbSymbolTableRecord
100
AcDbLinetypeTableRecord
  2
PHANTOM
 70
64
  3
_____ _ _ _____ _ _ _____ _ _ _____
 72
65
 73
6
 40
0.8
 49
0.45
 74
0
 49
-0.05
 74
0
 49
0.1
 74
0
 49
-0.05
 74
0
 49
0.1
 74
0
 49
-0.05
 74
0
  0
LTYPE
  5
1F8
100
AcDbSymbolTableRecord
100
AcDbLinetypeTableRecord
  2
DOT
 70
64
  3
. . . . . . . . . . . . . . . . . . . .
 72
65
 73
2
 40
0.2
 49
0.1
 74
0
 49
-0.1
 74
0
  0
LTYPE
  5
1F9
100
AcDbSymbolTableRecord
100
AcDbLinetypeTableRecord
  2
DASHED
 70
64
  3
- - - - - - - - - - - - - - - - - - - -
 72
65
 73
2
 40
0.2
 49
0.1
 74
0
 49
-0.1
 74
0
  0
ENDTAB
  0
TABLE
  2
LAYER
  5
2
100
AcDbSymbolTable
 70
36
  0
LAYER
  5
10
100
AcDbSymbolTableRecord
100
AcDbLayerTableRecord
  2
0
 70
0
 62
7
  6
CONTINUOUS
370
-3
390
F
  0
LAYER
  5
1FA
100
AcDbSymbolTableRecord
100
AcDbLayerTableRecord
  2
DEFAULT_1
 70
0
 62
7
  6
CENTER
370
-3
390
F
  0
LAYER
  5
1FB
100
AcDbSymbolTableRecord
100
AcDbLayerTableRecord
  2
DEFAULT_2
 70
0
 62
8
  6
HIDDEN
370
-3
390
F
  0
LAYER
  5
1FC
100
AcDbSymbolTableRecord
100
AcDbLayerTableRecord
  2
DEFAULT_3
 70
0
 62
7
  6
PHANTOM
370
-3
390
F
  0
LAYER
  5
1FD
100
AcDbSymbolTableRecord
100
AcDbLayerTableRecord
  2
1_ALL_PLANES
 70
0
 62
7
  6
CONTINUOUS
370
-3
390
F
  0
LAYER
  5
1FE
100
AcDbSymbolTableRecord
100
AcDbLayerTableRecord
  2
1__DEF_PLANES
 70
0
 62
7
  6
CONTINUOUS
370
-3
390
F
  0
LAYER
  5
1FF
100
AcDbSymbolTableRecord
100
AcDbLayerTableRecord
  2
23_ALL_GEOM_FEAT
 70
0
 62
7
  6
CONTINUOUS
370
-3
390
F
  0
LAYER
  5
200
100
AcDbSymbolTableRecord
100
AcDbLayerTableRecord
  2
2_ALL_CSYS
 70
0
 62
7
  6
CONTINUOUS
370
-3
390
F
  0
LAYER
  5
201
100
AcDbSymbolTableRecord
100
AcDbLayerTableRecord
  2
2__DEF_CSYS
 70
0
 62
7
  6
CONTINUOUS
370
-3
390
F
  0
LAYER
  5
202
100
AcDbSymbolTableRecord
100
AcDbLayerTableRecord
  2
3707-SS00-S1X
 70
0
 62
7
  6
CONTINUOUS
370
-3
390
F
  0
LAYER
  5
203
100
AcDbSymbolTableRecord
100
AcDbLayerTableRecord
  2
3707-XP00-T1X
 70
0
 62
7
  6
CONTINUOUS
370
-3
390
F
  0
LAYER
  5
204
100
AcDbSymbolTableRecord
100
AcDbLayerTableRecord
  2
3707-XP00-T1X_1
 70
0
 62
7
  6
CONTINUOUS
370
-3
390
F
  0
LAYER
  5
205
100
AcDbSymbolTableRecord
100
AcDbLayerTableRecord
  2
3707-XP00-T1X_2
 70
0
 62
7
  6
CONTINUOUS
370
-3
390
F
  0
LAYER
  5
206
100
AcDbSymbolTableRecord
100
AcDbLayerTableRecord
  2
3707-XP00-T1X_3
 70
0
 62
7
  6
CONTINUOUS
370
-3
390
F
  0
LAYER
  5
207
100
AcDbSymbolTableRecord
100
AcDbLayerTableRecord
  2
3707-XP00-T1X_4
 70
0
 62
7
  6
CONTINUOUS
370
-3
390
F
  0
LAYER
  5
208
100
AcDbSymbolTableRecord
100
AcDbLayerTableRecord
  2
3707-XP00-T1X_5
 70
0
 62
7
  6
CONTINUOUS
370
-3
390
F
  0
LAYER
  5
209
100
AcDbSymbolTableRecord
100
AcDbLayerTableRecord
  2
3707K-1XXL-01B
 70
0
 62
7
  6
CONTINUOUS
370
-3
390
F
  0
LAYER
  5
20A
100
AcDbSymbolTableRecord
100
AcDbLayerTableRecord
  2
3_ALL_AXES
 70
0
 62
7
  6
CONTINUOUS
370
-3
390
F
  0
LAYER
  5
20B
100
AcDbSymbolTableRecord
100
AcDbLayerTableRecord
  2
41_ALL_DIM
 70
0
 62
7
  6
CONTINUOUS
370
-3
390
F
  0
LAYER
  5
20C
100
AcDbSymbolTableRecord
100
AcDbLayerTableRecord
  2
5_ALL_CURVES
 70
0
 62
7
  6
CONTINUOUS
370
-3
390
F
  0
LAYER
  5
20D
100
AcDbSymbolTableRecord
100
AcDbLayerTableRecord
  2
7_ALL_FEATURES
 70
0
 62
7
  6
CONTINUOUS
370
-3
390
F
  0
LAYER
  5
20E
100
AcDbSymbolTableRecord
100
AcDbLayerTableRecord
  2
8_ALL_NOTES_BALLOONS_SYMBOLS_GT
 70
0
 62
7
  6
CONTINUOUS
370
-3
390
F
  0
LAYER
  5
20F
100
AcDbSymbolTableRecord
100
AcDbLayerTableRecord
  2
ALL_AXIS
 70
0
 62
7
  6
CONTINUOUS
370
-3
390
F
  0
LAYER
  5
210
100
AcDbSymbolTableRecord
100
AcDbLayerTableRecord
  2
ALL_FEATURES
 70
0
 62
7
  6
CONTINUOUS
370
-3
390
F
  0
LAYER
  5
211
100
AcDbSymbolTableRecord
100
AcDbLayerTableRecord
  2
ALL_PLANES
 70
0
 62
7
  6
CONTINUOUS
370
-3
390
F
  0
LAYER
  5
212
100
AcDbSymbolTableRecord
100
AcDbLayerTableRecord
  2
ASSY_PANEL_M220ZGE-L20
 70
0
 62
7
  6
CONTINUOUS
370
-3
390
F
  0
LAYER
  5
213
100
AcDbSymbolTableRecord
100
AcDbLayerTableRecord
  2
ASSY_PCB_X-M220ZGE-L20
 70
0
 62
7
  6
CONTINUOUS
370
-3
390
F
  0
LAYER
  5
214
100
AcDbSymbolTableRecord
100
AcDbLayerTableRecord
  2
BACKCOVER_ASSY_M220ZGE_L20
 70
0
 62
7
  6
CONTINUOUS
370
-3
390
F
  0
LAYER
  5
215
100
AcDbSymbolTableRecord
100
AcDbLayerTableRecord
  2
BACKCOVER_M220ZGE-L20
 70
0
 62
7
  6
CONTINUOUS
370
-3
390
F
  0
LAYER
  5
216
100
AcDbSymbolTableRecord
100
AcDbLayerTableRecord
  2
BLU_M220ZGE_L20
 70
0
 62
7
  6
CONTINUOUS
370
-3
390
F
  0
LAYER
  5
217
100
AcDbSymbolTableRecord
100
AcDbLayerTableRecord
  2
COLOR110
 70
0
 62
7
  6
CONTINUOUS
370
-3
390
F
  0
LAYER
  5
218
100
AcDbSymbolTableRecord
100
AcDbLayerTableRecord
  2
COLOR111
 70
0
 62
7
  6
CONTINUOUS
370
-3
390
F
  0
LAYER
  5
219
100
AcDbSymbolTableRecord
100
AcDbLayerTableRecord
  2
COLOR112
 70
0
 62
7
  6
CONTINUOUS
370
-3
390
F
  0
LAYER
  5
21A
100
AcDbSymbolTableRecord
100
AcDbLayerTableRecord
  2
COLOR113
 70
0
 62
7
  6
CONTINUOUS
370
-3
390
F
  0
LAYER
  5
21B
100
AcDbSymbolTableRecord
100
AcDbLayerTableRecord
  2
COLOR115
 70
0
 62
7
  6
CONTINUOUS
370
-3
390
F
  0
LAYER
  5
21C
100
AcDbSymbolTableRecord
100
AcDbLayerTableRecord
  2
COLOR116
 70
0
 62
7
  6
CONTINUOUS
370
-3
390
F
  0
LAYER
  5
21D
100
AcDbSymbolTableRecord
100
AcDbLayerTableRecord
  2
COLOR13
 70
0
 62
7
  6
CONTINUOUS
370
-3
390
F
  0
LAYER
  5
21E
100
AcDbSymbolTableRecord
100
AcDbLayerTableRecord
  2
COLOR24
 70
0
 62
7
  6
CONTINUOUS
370
-3
390
F
  0
LAYER
  5
21F
100
AcDbSymbolTableRecord
100
AcDbLayerTableRecord
  2
COLOR5
 70
0
 62
7
  6
CONTINUOUS
370
-3
390
F
  0
LAYER
  5
220
100
AcDbSymbolTableRecord
100
AcDbLayerTableRecord
  2
COLOR9
 70
0
 62
7
  6
CONTINUOUS
370
-3
390
F
  0
LAYER
  5
221
100
AcDbSymbolTableRecord
100
AcDbLayerTableRecord
  2
COLOR98
 70
0
 62
7
  6
CONTINUOUS
370
-3
390
F
  0
LAYER
  5
222
100
AcDbSymbolTableRecord
100
AcDbLayerTableRecord
  2
CON_BC_CVILUX-CI1406M1HRF-NH_06
 70
0
 62
7
  6
CONTINUOUS
370
-3
390
F
  0
LAYER
  5
223
100
AcDbSymbolTableRecord
100
AcDbLayerTableRecord
  2
CON_IO_JAE-FI-XB30SRL-HF11-156
 70
0
 62
7
  6
CONTINUOUS
370
-3
390
F
  0
LAYER
  5
224
100
AcDbSymbolTableRecord
100
AcDbLayerTableRecord
  2
CP05-TAB
 70
0
 62
7
  6
CONTINUOUS
370
-3
390
F
  0
LAYER
  5
225
100
AcDbSymbolTableRecord
100
AcDbLayerTableRecord
  2
CP05-TAB_1
 70
0
 62
7
  6
CONTINUOUS
370
-3
390
F
  0
LAYER
  5
226
100
AcDbSymbolTableRecord
100
AcDbLayerTableRecord
  2
Defpoints
 70
0
 62
7
  6
CONTINUOUS
290
0
370
-3
390
F
  0
LAYER
  5
227
100
AcDbSymbolTableRecord
100
AcDbLayerTableRecord
  2
INTFCLR_3
 70
0
 62
7
  6
CONTINUOUS
370
-3
390
F
  0
LAYER
  5
228
100
AcDbSymbolTableRecord
100
AcDbLayerTableRecord
  2
INTFCLR_5147
 70
0
 62
7
  6
CONTINUOUS
370
-3
390
F
  0
LAYER
  5
229
100
AcDbSymbolTableRecord
100
AcDbLayerTableRecord
  2
INTFCLR_6433
 70
0
 62
7
  6
CONTINUOUS
370
-3
390
F
  0
LAYER
  5
22A
100
AcDbSymbolTableRecord
100
AcDbLayerTableRecord
  2
INTFCLR_7295
 70
0
 62
7
  6
CONTINUOUS
370
-3
390
F
  0
LAYER
  5
22B
100
AcDbSymbolTableRecord
100
AcDbLayerTableRecord
  2
INTF_1
 70
0
 62
7
  6
CONTINUOUS
370
-3
390
F
  0
LAYER
  5
22C
100
AcDbSymbolTableRecord
100
AcDbLayerTableRecord
  2
INTF_10000
 70
0
 62
7
  6
CONTINUOUS
370
-3
390
F
  0
LAYER
  5
22D
100
AcDbSymbolTableRecord
100
AcDbLayerTableRecord
  2
INTF_10000_1
 70
0
 62
7
  6
CONTINUOUS
370
-3
390
F
  0
LAYER
  5
22E
100
AcDbSymbolTableRecord
100
AcDbLayerTableRecord
  2
INTF_10000_2
 70
0
 62
7
  6
CONTINUOUS
370
-3
390
F
  0
LAYER
  5
22F
100
AcDbSymbolTableRecord
100
AcDbLayerTableRecord
  2
INTF_10000_3
 70
0
 62
7
  6
CONTINUOUS
370
-3
390
F
  0
LAYER
  5
230
100
AcDbSymbolTableRecord
100
AcDbLayerTableRecord
  2
INTF_13
 70
0
 62
7
  6
CONTINUOUS
370
-3
390
F
  0
LAYER
  5
231
100
AcDbSymbolTableRecord
100
AcDbLayerTableRecord
  2
INTF_3
 70
0
 62
7
  6
CONTINUOUS
370
-3
390
F
  0
LAYER
  5
232
100
AcDbSymbolTableRecord
100
AcDbLayerTableRecord
  2
INTF_5
 70
0
 62
7
  6
CONTINUOUS
370
-3
390
F
  0
LAYER
  5
233
100
AcDbSymbolTableRecord
100
AcDbLayerTableRecord
  2
INTF_BLANK
 70
0
 62
7
  6
CONTINUOUS
370
-3
390
F
  0
LAYER
  5
234
100
AcDbSymbolTableRecord
100
AcDbLayerTableRecord
  2
INTF_GREEN
 70
0
 62
7
  6
CONTINUOUS
370
-3
390
F
  0
LAYER
  5
235
100
AcDbSymbolTableRecord
100
AcDbLayerTableRecord
  2
INTF_MAGENTA
 70
0
 62
7
  6
CONTINUOUS
370
-3
390
F
  0
LAYER
  5
236
100
AcDbSymbolTableRecord
100
AcDbLayerTableRecord
  2
INTF_YELLOW
 70
0
 62
7
  6
CONTINUOUS
370
-3
390
F
  0
LAYER
  5
237
100
AcDbSymbolTableRecord
100
AcDbLayerTableRecord
  2
LIGHTBAR_M220ZGE_L20
 70
0
 62
7
  6
CONTINUOUS
370
-3
390
F
  0
LAYER
  5
238
100
AcDbSymbolTableRecord
100
AcDbLayerTableRecord
  2
MOLDFRAME_ASSY_M220ZGE-L20
 70
0
 62
7
  6
CONTINUOUS
370
-3
390
F
  0
LAYER
  5
239
100
AcDbSymbolTableRecord
100
AcDbLayerTableRecord
  2
MOLDFRAME_INSERT_M220ZGE-L20
 70
0
 62
7
  6
CONTINUOUS
370
-3
390
F
  0
LAYER
  5
23A
100
AcDbSymbolTableRecord
100
AcDbLayerTableRecord
  2
MOLDFRAME_INSERT_M220ZGE-L20_1
 70
0
 62
7
  6
CONTINUOUS
370
-3
390
F
  0
LAYER
  5
23B
100
AcDbSymbolTableRecord
100
AcDbLayerTableRecord
  2
MOLDFRAME_INSERT_M220ZGE-L20_2
 70
0
 62
7
  6
CONTINUOUS
370
-3
390
F
  0
LAYER
  5
23C
100
AcDbSymbolTableRecord
100
AcDbLayerTableRecord
  2
MOLDFRAME_INSERT_M220ZGE-L20_3
 70
0
 62
7
  6
CONTINUOUS
370
-3
390
F
  0
LAYER
  5
23D
100
AcDbSymbolTableRecord
100
AcDbLayerTableRecord
  2
MOLDFRAME_M220ZGE_L20
 70
0
 62
7
  6
CONTINUOUS
370
-3
390
F
  0
LAYER
  5
23E
100
AcDbSymbolTableRecord
100
AcDbLayerTableRecord
  2
MOLDFRAME_REFLECTOR
 70
0
 62
7
  6
CONTINUOUS
370
-3
390
F
  0
LAYER
  5
23F
100
AcDbSymbolTableRecord
100
AcDbLayerTableRecord
  2
MOLDRAME_ADHESIVE_M220ZGE-L20
 70
0
 62
7
  6
CONTINUOUS
370
-3
390
F
  0
LAYER
  5
240
100
AcDbSymbolTableRecord
100
AcDbLayerTableRecord
  2
MYLAR_M220ZGE_L20
 70
0
 62
7
  6
CONTINUOUS
370
-3
390
F
  0
LAYER
  5
241
100
AcDbSymbolTableRecord
100
AcDbLayerTableRecord
  2
NEWBASE-7PIN_LATCH-1-1-2__STAB_
 70
0
 62
7
  6
CONTINUOUS
370
-3
390
F
  0
LAYER
  5
242
100
AcDbSymbolTableRecord
100
AcDbLayerTableRecord
  2
NEWCONTACT_1-1
 70
0
 62
7
  6
CONTINUOUS
370
-3
390
F
  0
LAYER
  5
243
100
AcDbSymbolTableRecord
100
AcDbLayerTableRecord
  2
NEWCONTACT_1-1_1
 70
0
 62
7
  6
CONTINUOUS
370
-3
390
F
  0
LAYER
  5
244
100
AcDbSymbolTableRecord
100
AcDbLayerTableRecord
  2
NEWCONTACT_1-1_2
 70
0
 62
7
  6
CONTINUOUS
370
-3
390
F
  0
LAYER
  5
245
100
AcDbSymbolTableRecord
100
AcDbLayerTableRecord
  2
NEWCONTACT_1-1_3
 70
0
 62
7
  6
CONTINUOUS
370
-3
390
F
  0
LAYER
  5
246
100
AcDbSymbolTableRecord
100
AcDbLayerTableRecord
  2
NEWCONTACT_1-1_4
 70
0
 62
7
  6
CONTINUOUS
370
-3
390
F
  0
LAYER
  5
247
100
AcDbSymbolTableRecord
100
AcDbLayerTableRecord
  2
NEWCONTACT_1-1_5
 70
0
 62
7
  6
CONTINUOUS
370
-3
390
F
  0
LAYER
  5
248
100
AcDbSymbolTableRecord
100
AcDbLayerTableRecord
  2
PCB_X_M220ZGE-L20
 70
0
 62
7
  6
CONTINUOUS
370
-3
390
F
  0
LAYER
  5
249
100
AcDbSymbolTableRecord
100
AcDbLayerTableRecord
  2
PET_SHEET1_M220ZGE_L20
 70
0
 62
7
  6
CONTINUOUS
370
-3
390
F
  0
LAYER
  5
24A
100
AcDbSymbolTableRecord
100
AcDbLayerTableRecord
  2
PET_SHEET2_M220ZGE_L20
 70
0
 62
7
  6
CONTINUOUS
370
-3
390
F
  0
LAYER
  5
24B
100
AcDbSymbolTableRecord
100
AcDbLayerTableRecord
  2
PET_SHEET_M220ZGE_L20
 70
0
 62
7
  6
CONTINUOUS
370
-3
390
F
  0
LAYER
  5
24C
100
AcDbSymbolTableRecord
100
AcDbLayerTableRecord
  2
POLARIZER_CF_M220ZGE-L20
 70
0
 62
7
  6
CONTINUOUS
370
-3
390
F
  0
LAYER
  5
24D
100
AcDbSymbolTableRecord
100
AcDbLayerTableRecord
  2
REFLECTOR_MOLDFRAME_M220ZGE-L20
 70
0
 62
7
  6
CONTINUOUS
370
-3
390
F
  0
LAYER
  5
24E
100
AcDbSymbolTableRecord
100
AcDbLayerTableRecord
  2
SPACER_D_M220ZGE_L20
 70
0
 62
7
  6
CONTINUOUS
370
-3
390
F
  0
LAYER
  5
24F
100
AcDbSymbolTableRecord
100
AcDbLayerTableRecord
  2
SPACER_L_M220ZGE_L20
 70
0
 62
7
  6
CONTINUOUS
370
-3
390
F
  0
LAYER
  5
250
100
AcDbSymbolTableRecord
100
AcDbLayerTableRecord
  2
SPACER_R_M220ZGE_L20
 70
0
 62
7
  6
CONTINUOUS
370
-3
390
F
  0
LAYER
  5
251
100
AcDbSymbolTableRecord
100
AcDbLayerTableRecord
  2
SPACER_U_M220ZGE_L20
 70
0
 62
7
  6
CONTINUOUS
370
-3
390
F
  0
LAYER
  5
252
100
AcDbSymbolTableRecord
100
AcDbLayerTableRecord
  2
TAB
 70
0
 62
7
  6
CONTINUOUS
370
-3
390
F
  0
LAYER
  5
253
100
AcDbSymbolTableRecord
100
AcDbLayerTableRecord
  2
TAB2
 70
0
 62
7
  6
CONTINUOUS
370
-3
390
F
  0
LAYER
  5
254
100
AcDbSymbolTableRecord
100
AcDbLayerTableRecord
  2
TOP_BEZEL_M220ZGE_L20
 70
0
 62
7
  6
CONTINUOUS
370
-3
390
F
  0
LAYER
  5
255
100
AcDbSymbolTableRecord
100
AcDbLayerTableRecord
  2
WM13-406-063N
 70
0
 62
7
  6
CONTINUOUS
370
-3
390
F
  0
LAYER
  5
256
100
AcDbSymbolTableRecord
100
AcDbLayerTableRecord
  2
_2D_DELETED_OBJS
 70
0
 62
7
  6
CONTINUOUS
370
-3
390
F
  0
LAYER
  5
257
100
AcDbSymbolTableRecord
100
AcDbLayerTableRecord
  2
_2D_FEAT_TRIM_ENTS
 70
0
 62
7
  6
CONTINUOUS
370
-3
390
F
  0
LAYER
  5
258
100
AcDbSymbolTableRecord
100
AcDbLayerTableRecord
  2
_4675
 70
0
 62
7
  6
CONTINUOUS
370
-3
390
F
  0
LAYER
  5
259
100
AcDbSymbolTableRecord
100
AcDbLayerTableRecord
  2
_9741
 70
0
 62
7
  6
CONTINUOUS
370
-3
390
F
  0
LAYER
  5
25A
100
AcDbSymbolTableRecord
100
AcDbLayerTableRecord
  2
_9741_1
 70
0
 62
7
  6
CONTINUOUS
370
-3
390
F
  0
LAYER
  5
25B
100
AcDbSymbolTableRecord
100
AcDbLayerTableRecord
  2
_9741_2
 70
0
 62
7
  6
CONTINUOUS
370
-3
390
F
  0
LAYER
  5
25C
100
AcDbSymbolTableRecord
100
AcDbLayerTableRecord
  2
_9741_3
 70
0
 62
7
  6
CONTINUOUS
370
-3
390
F
  0
LAYER
  5
25D
100
AcDbSymbolTableRecord
100
AcDbLayerTableRecord
  2
_9741_4
 70
0
 62
7
  6
CONTINUOUS
370
-3
390
F
  0
LAYER
  5
25E
100
AcDbSymbolTableRecord
100
AcDbLayerTableRecord
  2
_9741_5
 70
0
 62
7
  6
CONTINUOUS
370
-3
390
F
  0
LAYER
  5
25F
100
AcDbSymbolTableRecord
100
AcDbLayerTableRecord
  2
_BLACK_HOLE
 70
0
 62
7
  6
CONTINUOUS
370
-3
390
F
  0
LAYER
  5
260
100
AcDbSymbolTableRecord
100
AcDbLayerTableRecord
  2
___
 70
0
 62
7
  6
CONTINUOUS
370
-3
390
F
  0
LAYER
  5
261
100
AcDbSymbolTableRecord
100
AcDbLayerTableRecord
  2
___GNEWBASE-7PIN_LATCH-1-1-2__S
 70
0
 62
7
  6
CONTINUOUS
370
-3
390
F
  0
LAYER
  5
262
100
AcDbSymbolTableRecord
100
AcDbLayerTableRecord
  2
___SHELL
 70
0
 62
7
  6
CONTINUOUS
370
-3
390
F
  0
ENDTAB
  0
TABLE
  2
STYLE
  5
3
100
AcDbSymbolTable
 70
1
  0
STYLE
  5
11
100
AcDbSymbolTableRecord
100
AcDbTextStyleTableRecord
  2
STANDARD
 70
0
 40
0.0
 41
0.8
 50
0.0
 71
0
 42
0.2
  3
SIMPLEX.SHX
  4

  0
STYLE
  5
263
100
AcDbSymbolTableRecord
100
AcDbTextStyleTableRecord
  2
TEXTSTYLE_1
 70
0
 40
0.0
 41
0.8
 50
0.0
 71
0
 42
0.2
  3
gdt
  4

  0
STYLE
  5
264
100
AcDbSymbolTableRecord
100
AcDbTextStyleTableRecord
  2
TEXTSTYLE_2
 70
0
 40
0.0
 41
0.7
 50
0.0
 71
0
 42
0.2
  3
SIMPLEX.SHX
  4

  0
STYLE
  5
265
100
AcDbSymbolTableRecord
100
AcDbTextStyleTableRecord
  2
TEXTSTYLE_3
 70
0
 40
0.0
 41
1.5
 50
0.0
 71
0
 42
0.2
  3
SIMPLEX.SHX
  4

  0
STYLE
  5
266
100
AcDbSymbolTableRecord
100
AcDbTextStyleTableRecord
  2
TEXTSTYLE_4
 70
0
 40
0.0
 41
1.0
 50
0.0
 71
0
 42
0.2
  3
SIMPLEX.SHX
  4

  0
ENDTAB
  0
TABLE
  2
VIEW
  5
6
100
AcDbSymbolTable
 70
0
  0
ENDTAB
  0
TABLE
  2
UCS
  5
7
100
AcDbSymbolTable
 70
0
  0
ENDTAB
  0
TABLE
  2
APPID
  5
9
100
AcDbSymbolTable
 70
1
  0
APPID
  5
267
100
AcDbSymbolTableRecord
100
AcDbRegAppTableRecord
  2
ACAD
 70
0
  0
ENDTAB
  0
TABLE
  2
BLOCK_RECORD
  5
1
100
AcDbSymbolTable
 70
0
  0
BLOCK_RECORD
  5
268
100
AcDbSymbolTableRecord
100
AcDbBlockTableRecord
  2
*Model_Space
  0
BLOCK_RECORD
  5
269
100
AcDbSymbolTableRecord
100
AcDbBlockTableRecord
  2
*Paper_Space
  0
BLOCK_RECORD
  5
26A
100
AcDbSymbolTableRecord
100
AcDbBlockTableRecord
  2
_DOT
  0
ENDTAB
  0
TABLE
  2
DIMSTYLE
  5
A
100
AcDbSymbolTable
 70
1
100
AcDbDimStyleTable
 71
0
  0
DIMSTYLE
105
26B
100
AcDbSymbolTableRecord
100
AcDbDimStyleTableRecord
  2
STANDARD
 70
0
  3

  4

 40
1.0
 41
6.0
 42
1.0
 43
0.38
 44
3.0
 45
0.0
 46
0.0
 47
0.01
 48
0.01
140
6.0
141
0.09
142
0.0
143
25.4
144
1.0
145
0.0
146
1.0
147
0.625
 71
1.0
 72
0.0
 73
0
 74
0
 75
0
 76
0
 77
1
 78
0
170
0
171
2
172
0
173
0
174
0
175
0
176
0
177
0
178
0
270
2
271
2
272
2
273
2
274
2
275
0
280
0
281
0
282
0
283
1
284
0
285
0
286
0
287
3
288
0
340
11
278
46
  0
ENDTAB
  0
ENDSEC
  0
SECTION
  2
BLOCKS
  0
BLOCK
  5
20
100
AcDbEntity
  8
0
100
AcDbBlockBegin
  2
*Model_Space
 70
0
 10
0.0
 20
0.0
 30
0.0
  3
*Model_Space
  1

  0
ENDBLK
  5
21
100
AcDbEntity
  8
0
100
AcDbBlockEnd
  0
BLOCK
  5
1C
100
AcDbEntity
  8
0
100
AcDbBlockBegin
  2
*Paper_Space
 70
0
 10
0.0
 20
0.0
 30
0.0
  3
*Paper_Space
  1

  0
ENDBLK
  5
1D
100
AcDbEntity
  8
0
100
AcDbBlockEnd
  0
BLOCK
  5
26C
100
AcDbEntity
  8
0
100
AcDbBlockBegin
  2
_DOT
 70
64
 10
0.0
 20
0.0
  3
_DOT
  1

  0
LWPOLYLINE
  5
26D
100
AcDbEntity
  8
0
  6
BYBLOCK
 62
0
100
AcDbPolyline
 90
2
 70
1
 43
0.15
 10
-0.075
 20
0.0
 42
1.0
 10
0.075
 20
0.0
 42
1.0
  0
LINE
  5
26E
100
AcDbEntity
  8
0
  6
BYBLOCK
 62
0
100
AcDbLine
 10
-0.15
 20
0.0
 11
-1.0
 21
0.0
  0
ENDBLK
  5
26F
100
AcDbEntity
  8
0
  6
BYBLOCK
 62
0
100
AcDbBlockEnd
  0
ENDSEC
  0
SECTION
  2
ENTITIES
  0
SPLINE
  5
270
100
AcDbEntity
  8
0
100
AcDbSpline
 62
4
  6
BYLAYER
 70
0
 71
3
 72
40
 73
36
 74
0
 42
0.0000001
 43
0.0000001
 44
0.0000000001
 40
0.0
 40
0.0
 40
0.0
 40
0.0
 40
0.2307931396
 40
0.2307931396
 40
0.4615862792
 40
0.4615862792
 40
0.9124880338
 40
0.9124880338
 40
1.3633897883
 40
1.3633897883
 40
1.8142915429
 40
1.8142915429
 40
2.2571459172
 40
2.2571459172
 40
2.7000002915
 40
2.7000002915
 40
3.0103390456
 40
3.0103390456
 40
3.3206777998
 40
3.3206777998
 40
3.631016554
 40
3.631016554
 40
3.9413553082
 40
3.9413553082
 40
4.2516940624
 40
4.2516940624
 40
4.9246450135
 40
4.9246450135
 40
5.4230125946
 40
5.4230125946
 40
5.7926491577
 40
5.7926491577
 40
6.1622857208
 40
6.1622857208
 40
6.2831853072
 40
6.2831853072
 40
6.2831853072
 40
6.2831853072
 10
1514.4334309569
 20
37.5630148052
 30
0.0
 10
1514.1621335186
 20
37.650086852
 30
0.0
 10
1513.877576741
 20
37.6946682337
 30
0.0
 10
1513.3154927443
 20
37.6992174749
 30
0.0
 10
1513.0383494662
 20
37.6596485064
 30
0.0
 10
1512.2638751542
 20
37.4426355323
 30
0.0
 10
1511.8111319768
 20
37.1729667986
 30
0.0
 10
1511.0610361576
 20
36.4978218896
 30
0.0
 10
1510.7602585068
 20
36.0911127307
 30
0.0
 10
1510.3123664333
 20
35.2043719976
 30
0.0
 10
1510.165038385
 20
34.7235078547
 30
0.0
 10
1510.0416250522
 20
33.7462946786
 30
0.0
 10
1510.0622603073
 20
33.249541676
 30
0.0
 10
1510.3004723716
 20
32.2852871641
 30
0.0
 10
1510.5203186267
 20
31.814972608
 30
0.0
 10
1511.0942835091
 20
31.1330577649
 30
0.0
 10
1511.3895056769
 20
30.888283016
 30
0.0
 10
1512.0645810643
 20
30.533301897
 30
0.0
 10
1512.4428471993
 20
30.4253827968
 30
0.0
 10
1513.2005305251
 20
30.3687196429
 30
0.0
 10
1513.5777345362
 20
30.4185091786
 30
0.0
 10
1514.2733457479
 20
30.6375561068
 30
0.0
 10
1514.5925971685
 20
30.8053917501
 30
0.0
 10
1515.1597509568
 20
31.217647523
 30
0.0
 10
1515.4084392335
 20
31.462155319
 30
0.0
 10
1516.0832111535
 20
32.316969878
 30
0.0
 10
1516.3799394737
 20
33.0203087847
 30
0.0
 10
1516.572369856
 20
34.2962819677
 30
0.0
 10
1516.5519574302
 20
34.8573980594
 30
0.0
 10
1516.2970322309
 20
35.798769068
 30
0.0
 10
1516.1178265414
 20
36.1891773257
 30
0.0
 10
1515.596843941
 20
36.884052099
 30
0.0
 10
1515.2516295968
 20
37.1868557569
 30
0.0
 10
1514.7139687875
 20
37.4603203129
 30
0.0
 10
1514.5755484745
 20
37.5174026416
 30
0.0
 10
1514.4334309569
 20
37.5630148052
 30
0.0
  0
SPLINE
  5
271
100
AcDbEntity
  8
0
100
AcDbSpline
 62
4
  6
BYLAYER
 70
0
 71
3
 72
40
 73
36
 74
0
 42
0.0000001
 43
0.0000001
 44
0.0000000001
 40
0.0
 40
0.0
 40
0.0
 40
0.0
 40
0.2307931396
 40
0.2307931396
 40
0.4615862792
 40
0.4615862792
 40
0.9124880338
 40
0.9124880338
 40
1.3633897883
 40
1.3633897883
 40
1.8142915429
 40
1.8142915429
 40
2.2571459172
 40
2.2571459172
 40
2.7000002915
 40
2.7000002915
 40
3.0103390456
 40
3.0103390456
 40
3.3206777998
 40
3.3206777998
 40
3.631016554
 40
3.631016554
 40
3.9413553082
 40
3.9413553082
 40
4.2516940624
 40
4.2516940624
 40
4.9246450135
 40
4.9246450135
 40
5.4230125946
 40
5.4230125946
 40
5.7926491577
 40
5.7926491577
 40
6.1622857208
 40
6.1622857208
 40
6.2831853072
 40
6.2831853072
 40
6.2831853072
 40
6.2831853072
 10
1514.4334309569
 20
37.5630148052
 30
0.0
 10
1514.1621335186
 20
37.650086852
 30
0.0
 10
1513.877576741
 20
37.6946682337
 30
0.0
 10
1513.3154927443
 20
37.6992174749
 30
0.0
 10
1513.0383494662
 20
37.6596485064
 30
0.0
 10
1512.2638751542
 20
37.4426355323
 30
0.0
 10
1511.8111319768
 20
37.1729667986
 30
0.0
 10
1511.0610361576
 20
36.4978218896
 30
0.0
 10
1510.7602585068
 20
36.0911127307
 30
0.0
 10
1510.3123664333
 20
35.2043719976
 30
0.0
 10
1510.165038385
 20
34.7235078547
 30
0.0
 10
1510.0416250522
 20
33.7462946786
 30
0.0
 10
1510.0622603073
 20
33.249541676
 30
0.0
 10
1510.3004723716
 20
32.2852871641
 30
0.0
 10
1510.5203186267
 20
31.814972608
 30
0.0
 10
1511.0942835091
 20
31.1330577649
 30
0.0
 10
1511.3895056769
 20
30.888283016
 30
0.0
 10
1512.0645810643
 20
30.533301897
 30
0.0
 10
1512.4428471993
 20
30.4253827968
 30
0.0
 10
1513.2005305251
 20
30.3687196429
 30
0.0
 10
1513.5777345362
 20
30.4185091786
 30
0.0
 10
1514.2733457479
 20
30.6375561068
 30
0.0
 10
1514.5925971685
 20
30.8053917501
 30
0.0
 10
1515.1597509568
 20
31.217647523
 30
0.0
 10
1515.4084392335
 20
31.462155319
 30
0.0
 10
1516.0832111535
 20
32.316969878
 30
0.0
 10
1516.3799394737
 20
33.0203087847
 30
0.0
 10
1516.572369856
 20
34.2962819677
 30
0.0
 10
1516.5519574302
 20
34.8573980594
 30
0.0
 10
1516.2970322309
 20
35.798769068
 30
0.0
 10
1516.1178265414
 20
36.1891773257
 30
0.0
 10
1515.596843941
 20
36.884052099
 30
0.0
 10
1515.2516295968
 20
37.1868557569
 30
0.0
 10
1514.7139687875
 20
37.4603203129
 30
0.0
 10
1514.5755484745
 20
37.5174026416
 30
0.0
 10
1514.4334309569
 20
37.5630148052
 30
0.0
  0
SPLINE
  5
272
100
AcDbEntity
  8
0
100
AcDbSpline
 62
7
420
26316
  6
BYLAYER
 70
0
 71
3
 72
40
 73
36
 74
0
 42
0.0000001
 43
0.0000001
 44
0.0000000001
 40
0.0
 40
0.0
 40
0.0
 40
0.0
 40
0.2307931396
 40
0.2307931396
 40
0.4615862792
 40
0.4615862792
 40
0.9124880338
 40
0.9124880338
 40
1.3633897883
 40
1.3633897883
 40
1.8142915429
 40
1.8142915429
 40
2.2571459172
 40
2.2571459172
 40
2.7000002915
 40
2.7000002915
 40
3.0103390456
 40
3.0103390456
 40
3.3206777998
 40
3.3206777998
 40
3.631016554
 40
3.631016554
 40
3.9413553082
 40
3.9413553082
 40
4.2516940624
 40
4.2516940624
 40
4.9246450135
 40
4.9246450135
 40
5.4230125946
 40
5.4230125946
 40
5.7926491577
 40
5.7926491577
 40
6.1622857208
 40
6.1622857208
 40
6.2831853072
 40
6.2831853072
 40
6.2831853072
 40
6.2831853072
 10
789.6980829287
 20
708.7382286494
 30
0.0
 10
787.1364574802
 20
707.4213853613
 30
0.0
 10
784.7837775787
 20
705.7060409843
 30
0.0
 10
780.7334826107
 20
701.7207819779
 30
0.0
 10
779.0353012011
 20
699.4569225131
 30
0.0
 10
775.0505669838
 20
692.3697703712
 30
0.0
 10
773.7419506717
 20
687.2059692868
 30
0.0
 10
773.2062014884
 20
677.0183470941
 30
0.0
 10
773.9634000174
 20
671.9612306499
 30
0.0
 10
777.1002906881
 20
662.4212739741
 30
0.0
 10
779.4844070357
 20
657.9309555446
 30
0.0
 10
785.5873691947
 20
650.0636761257
 30
0.0
 10
789.2856609935
 20
646.6603859763
 30
0.0
 10
797.8808933183
 20
641.4706338133
 30
0.0
 10
802.8141635074
 20
639.6802861399
 30
0.0
 10
811.7911930784
 20
638.9086597096
 30
0.0
 10
815.651091595
 20
639.2692579119
 30
0.0
 10
823.0139365633
 20
641.557292072
 30
0.0
 10
826.4891891252
 20
643.4897329551
 30
0.0
 10
832.3101386006
 20
648.5006258656
 30
0.0
 10
834.6504976078
 20
651.5527761778
 30
0.0
 10
838.056979597
 20
658.0907535036
 30
0.0
 10
839.139299729
 20
661.5724523379
 30
0.0
 10
840.2465109026
 20
668.5732728898
 30
0.0
 10
840.276392983
 20
672.0986389253
 30
0.0
 10
838.989448014
 20
683.0321246521
 30
0.0
 10
836.082995123
 20
690.1806062198
 30
0.0
 10
828.337830068
 20
700.6767564165
 30
0.0
 10
824.1810636261
 20
704.5417067771
 30
0.0
 10
815.6299371002
 20
709.4484221287
 30
0.0
 10
811.5583360191
 20
710.9580983037
 30
0.0
 10
802.86738626
 20
712.2010797346
 30
0.0
 10
798.2353529138
 20
711.8979281053
 30
0.0
 10
792.4374279674
 20
710.0094530147
 30
0.0
 10
791.0399748833
 20
709.4280490192
 30
0.0
 10
789.6980829287
 20
708.7382286494
 30
0.0
  0
TEXT
  5
273
100
AcDbEntity
  8
0
100
AcDbText
 62
2
  6
BYLAYER
 10
72.564243
 20
1081.598176
  7
STANDARD
 40
8.0
  1
1
 41
0.8
 72
1
 11
75.764243
 21
1081.598176
100
AcDbText
  0
TEXT
  5
274
100
AcDbEntity
  8
0
100
AcDbText
 62
2
  6
BYLAYER
 10
169.064243
 20
1081.598176
  7
STANDARD
 40
8.0
  1
2
 41
0.8
 72
1
 11
172.264243
 21
1081.598176
100
AcDbText
  0
TEXT
  5
275
100
AcDbEntity
  8
0
100
AcDbText
 62
2
  6
BYLAYER
 10
265.564243
 20
1081.598176
  7
STANDARD
 40
8.0
  1
3
 41
0.8
 72
1
 11
268.764243
 21
1081.598176
100
AcDbText
  0
TEXT
  5
276
100
AcDbEntity
  8
0
100
AcDbText
 62
2
  6
BYLAYER
 10
362.064243
 20
1081.598176
  7
STANDARD
 40
8.0
  1
4
 41
0.8
 72
1
 11
365.264243
 21
1081.598176
100
AcDbText
  0
TEXT
  5
277
100
AcDbEntity
  8
0
100
AcDbText
 62
2
  6
BYLAYER
 10
458.564243
 20
1081.598176
  7
STANDARD
 40
8.0
  1
5
 41
0.8
 72
1
 11
461.764243
 21
1081.598176
100
AcDbText
  0
TEXT
  5
278
100
AcDbEntity
  8
0
100
AcDbText
 62
2
  6
BYLAYER
 10
555.064243
 20
1081.598176
  7
STANDARD
 40
8.0
  1
6
 41
0.8
 72
1
 11
558.264243
 21
1081.598176
100
AcDbText
  0
TEXT
  5
279
100
AcDbEntity
  8
0
100
AcDbText
 62
2
  6
BYLAYER
 10
651.564243
 20
1081.598176
  7
STANDARD
 40
8.0
  1
7
 41
0.8
 72
1
 11
654.764243
 21
1081.598176
100
AcDbText
  0
TEXT
  5
27A
100
AcDbEntity
  8
0
100
AcDbText
 62
2
  6
BYLAYER
 10
748.064243
 20
1081.598176
  7
STANDARD
 40
8.0
  1
8
 41
0.8
 72
1
 11
751.264243
 21
1081.598176
100
AcDbText
  0
TEXT
  5
27B
100
AcDbEntity
  8
0
100
AcDbText
 62
2
  6
BYLAYER
 10
844.564243
 20
1081.598176
  7
STANDARD
 40
8.0
  1
9
 41
0.8
 72
1
 11
847.764243
 21
1081.598176
100
AcDbText
  0
TEXT
  5
27C
100
AcDbEntity
  8
0
100
AcDbText
 62
2
  6
BYLAYER
 10
937.864243
 20
1081.598176
  7
STANDARD
 40
8.0
  1
10
 41
0.8
 72
1
 11
944.264243
 21
1081.598176
100
AcDbText
  0
TEXT
  5
27D
100
AcDbEntity
  8
0
100
AcDbText
 62
2
  6
BYLAYER
 10
1034.364243
 20
1081.598176
  7
STANDARD
 40
8.0
  1
11
 41
0.8
 72
1
 11
1040.764243
 21
1081.598176
100
AcDbText
  0
TEXT
  5
27E
100
AcDbEntity
  8
0
100
AcDbText
 62
2
  6
BYLAYER
 10
1130.864243
 20
1081.598176
  7
STANDARD
 40
8.0
  1
12
 41
0.8
 72
1
 11
1137.264243
 21
1081.598176
100
AcDbText
  0
TEXT
  5
27F
100
AcDbEntity
  8
0
100
AcDbText
 62
2
  6
BYLAYER
 10
1227.364243
 20
1081.598176
  7
STANDARD
 40
8.0
  1
13
 41
0.8
 72
1
 11
1233.764243
 21
1081.598176
100
AcDbText
  0
TEXT
  5
280
100
AcDbEntity
  8
0
100
AcDbText
 62
2
  6
BYLAYER
 10
1323.864243
 20
1081.598176
  7
STANDARD
 40
8.0
  1
14
 41
0.8
 72
1
 11
1330.264243
 21
1081.598176
100
AcDbText
  0
TEXT
  5
281
100
AcDbEntity
  8
0
100
AcDbText
 62
2
  6
BYLAYER
 10
1420.364243
 20
1081.598176
  7
STANDARD
 40
8.0
  1
15
 41
0.8
 72
1
 11
1426.764243
 21
1081.598176
100
AcDbText
  0
TEXT
  5
282
100
AcDbEntity
  8
0
100
AcDbText
 62
2
  6
BYLAYER
 10
1516.864243
 20
1081.598176
  7
STANDARD
 40
8.0
  1
16
 41
0.8
 72
1
 11
1523.264243
 21
1081.598176
100
AcDbText
  0
TEXT
  5
283
100
AcDbEntity
  8
0
100
AcDbText
 62
2
  6
BYLAYER
 10
72.564243
 20
17.069951
  7
STANDARD
 40
8.0
  1
1
 41
0.8
 72
1
 11
75.764243
 21
17.069951
100
AcDbText
  0
TEXT
  5
284
100
AcDbEntity
  8
0
100
AcDbText
 62
2
  6
BYLAYER
 10
169.064243
 20
17.069951
  7
STANDARD
 40
8.0
  1
2
 41
0.8
 72
1
 11
172.264243
 21
17.069951
100
AcDbText
  0
TEXT
  5
285
100
AcDbEntity
  8
0
100
AcDbText
 62
2
  6
BYLAYER
 10
265.564243
 20
17.069951
  7
STANDARD
 40
8.0
  1
3
 41
0.8
 72
1
 11
268.764243
 21
17.069951
100
AcDbText
  0
TEXT
  5
286
100
AcDbEntity
  8
0
100
AcDbText
 62
2
  6
BYLAYER
 10
362.064243
 20
17.069951
  7
STANDARD
 40
8.0
  1
4
 41
0.8
 72
1
 11
365.264243
 21
17.069951
100
AcDbText
  0
TEXT
  5
287
100
AcDbEntity
  8
0
100
AcDbText
 62
2
  6
BYLAYER
 10
458.564243
 20
17.069951
  7
STANDARD
 40
8.0
  1
5
 41
0.8
 72
1
 11
461.764243
 21
17.069951
100
AcDbText
  0
TEXT
  5
288
100
AcDbEntity
  8
0
100
AcDbText
 62
2
  6
BYLAYER
 10
555.064243
 20
17.069951
  7
STANDARD
 40
8.0
  1
6
 41
0.8
 72
1
 11
558.264243
 21
17.069951
100
AcDbText
  0
TEXT
  5
289
100
AcDbEntity
  8
0
100
AcDbText
 62
2
  6
BYLAYER
 10
651.564243
 20
17.069951
  7
STANDARD
 40
8.0
  1
7
 41
0.8
 72
1
 11
654.764243
 21
17.069951
100
AcDbText
  0
TEXT
  5
28A
100
AcDbEntity
  8
0
100
AcDbText
 62
2
  6
BYLAYER
 10
748.064243
 20
17.069951
  7
STANDARD
 40
8.0
  1
8
 41
0.8
 72
1
 11
751.264243
 21
17.069951
100
AcDbText
  0
TEXT
  5
28B
100
AcDbEntity
  8
0
100
AcDbText
 62
2
  6
BYLAYER
 10
844.564243
 20
17.069951
  7
STANDARD
 40
8.0
  1
9
 41
0.8
 72
1
 11
847.764243
 21
17.069951
100
AcDbText
  0
TEXT
  5
28C
100
AcDbEntity
  8
0
100
AcDbText
 62
2
  6
BYLAYER
 10
937.864243
 20
17.069951
  7
STANDARD
 40
8.0
  1
10
 41
0.8
 72
1
 11
944.264243
 21
17.069951
100
AcDbText
  0
TEXT
  5
28D
100
AcDbEntity
  8
0
100
AcDbText
 62
2
  6
BYLAYER
 10
1034.364243
 20
17.069951
  7
STANDARD
 40
8.0
  1
11
 41
0.8
 72
1
 11
1040.764243
 21
17.069951
100
AcDbText
  0
TEXT
  5
28E
100
AcDbEntity
  8
0
100
AcDbText
 62
2
  6
BYLAYER
 10
1130.864243
 20
17.069951
  7
STANDARD
 40
8.0
  1
12
 41
0.8
 72
1
 11
1137.264243
 21
17.069951
100
AcDbText
  0
TEXT
  5
28F
100
AcDbEntity
  8
0
100
AcDbText
 62
2
  6
BYLAYER
 10
1227.364243
 20
17.069951
  7
STANDARD
 40
8.0
  1
13
 41
0.8
 72
1
 11
1233.764243
 21
17.069951
100
AcDbText
  0
TEXT
  5
290
100
AcDbEntity
  8
0
100
AcDbText
 62
2
  6
BYLAYER
 10
1323.864243
 20
17.069951
  7
STANDARD
 40
8.0
  1
14
 41
0.8
 72
1
 11
1330.264243
 21
17.069951
100
AcDbText
  0
TEXT
  5
291
100
AcDbEntity
  8
0
100
AcDbText
 62
2
  6
BYLAYER
 10
1420.364243
 20
17.069951
  7
STANDARD
 40
8.0
  1
15
 41
0.8
 72
1
 11
1426.764243
 21
17.069951
100
AcDbText
  0
TEXT
  5
292
100
AcDbEntity
  8
0
100
AcDbText
 62
2
  6
BYLAYER
 10
1516.864243
 20
17.069951
  7
STANDARD
 40
8.0
  1
16
 41
0.8
 72
1
 11
1523.264243
 21
17.069951
100
AcDbText
  0
TEXT
  5
293
100
AcDbEntity
  8
0
100
AcDbText
 62
2
  6
BYLAYER
 10
17.890213
 20
1011.040851
  7
STANDARD
 40
8.0
  1
A
 41
0.8
 72
1
 11
21.090213
 21
1011.040851
100
AcDbText
  0
TEXT
  5
294
100
AcDbEntity
  8
0
100
AcDbText
 62
2
  6
BYLAYER
 10
17.890213
 20
879.540851
  7
STANDARD
 40
8.0
  1
B
 41
0.8
 72
1
 11
21.090213
 21
879.540851
100
AcDbText
  0
TEXT
  5
295
100
AcDbEntity
  8
0
100
AcDbText
 62
2
  6
BYLAYER
 10
17.890213
 20
748.040851
  7
STANDARD
 40
8.0
  1
C
 41
0.8
 72
1
 11
21.090213
 21
748.040851
100
AcDbText
  0
TEXT
  5
296
100
AcDbEntity
  8
0
100
AcDbText
 62
2
  6
BYLAYER
 10
17.890213
 20
616.540851
  7
STANDARD
 40
8.0
  1
D
 41
0.8
 72
1
 11
21.090213
 21
616.540851
100
AcDbText
  0
TEXT
  5
297
100
AcDbEntity
  8
0
100
AcDbText
 62
2
  6
BYLAYER
 10
17.890213
 20
485.040851
  7
STANDARD
 40
8.0
  1
E
 41
0.8
 72
1
 11
21.090213
 21
485.040851
100
AcDbText
  0
TEXT
  5
298
100
AcDbEntity
  8
0
100
AcDbText
 62
2
  6
BYLAYER
 10
17.890213
 20
353.540851
  7
STANDARD
 40
8.0
  1
F
 41
0.8
 72
1
 11
21.090213
 21
353.540851
100
AcDbText
  0
TEXT
  5
299
100
AcDbEntity
  8
0
100
AcDbText
 62
2
  6
BYLAYER
 10
17.890213
 20
222.040851
  7
STANDARD
 40
8.0
  1
G
 41
0.8
 72
1
 11
21.090213
 21
222.040851
100
AcDbText
  0
TEXT
  5
29A
100
AcDbEntity
  8
0
100
AcDbText
 62
2
  6
BYLAYER
 10
17.890213
 20
90.540851
  7
STANDARD
 40
8.0
  1
H
 41
0.8
 72
1
 11
21.090213
 21
90.540851
100
AcDbText
  0
TEXT
  5
29B
100
AcDbEntity
  8
0
100
AcDbText
 62
2
  6
BYLAYER
 10
1576.0441
 20
1011.040851
  7
STANDARD
 40
8.0
  1
A
 41
0.8
 72
1
 11
1579.2441
 21
1011.040851
100
AcDbText
  0
TEXT
  5
29C
100
AcDbEntity
  8
0
100
AcDbText
 62
2
  6
BYLAYER
 10
1576.0441
 20
879.540851
  7
STANDARD
 40
8.0
  1
B
 41
0.8
 72
1
 11
1579.2441
 21
879.540851
100
AcDbText
  0
TEXT
  5
29D
100
AcDbEntity
  8
0
100
AcDbText
 62
2
  6
BYLAYER
 10
1576.0441
 20
748.040851
  7
STANDARD
 40
8.0
  1
C
 41
0.8
 72
1
 11
1579.2441
 21
748.040851
100
AcDbText
  0
TEXT
  5
29E
100
AcDbEntity
  8
0
100
AcDbText
 62
2
  6
BYLAYER
 10
1576.0441
 20
616.540851
  7
STANDARD
 40
8.0
  1
D
 41
0.8
 72
1
 11
1579.2441
 21
616.540851
100
AcDbText
  0
TEXT
  5
29F
100
AcDbEntity
  8
0
100
AcDbText
 62
2
  6
BYLAYER
 10
1576.0441
 20
485.040851
  7
STANDARD
 40
8.0
  1
E
 41
0.8
 72
1
 11
1579.2441
 21
485.040851
100
AcDbText
  0
TEXT
  5
2A0
100
AcDbEntity
  8
0
100
AcDbText
 62
2
  6
BYLAYER
 10
1576.0441
 20
353.540851
  7
STANDARD
 40
8.0
  1
F
 41
0.8
 72
1
 11
1579.2441
 21
353.540851
100
AcDbText
  0
TEXT
  5
2A1
100
AcDbEntity
  8
0
100
AcDbText
 62
2
  6
BYLAYER
 10
1576.0441
 20
222.040851
  7
STANDARD
 40
8.0
  1
G
 41
0.8
 72
1
 11
1579.2441
 21
222.040851
100
AcDbText
  0
TEXT
  5
2A2
100
AcDbEntity
  8
0
100
AcDbText
 62
2
  6
BYLAYER
 10
1576.0441
 20
90.540851
  7
STANDARD
 40
8.0
  1
H
 41
0.8
 72
1
 11
1579.2441
 21
90.540851
100
AcDbText
  0
TEXT
  5
2A3
100
AcDbEntity
  8
0
100
AcDbText
 62
4
  6
BYLAYER
 10
1387.6665622151
 20
74.9545050306
  7
TEXTSTYLE_2
 40
3.000008
  1
PPK
 41
0.7
 72
0
100
AcDbText
  0
TEXT
  5
2A4
100
AcDbEntity
  8
0
100
AcDbText
 62
4
  6
BYLAYER
 10
1379.9259468325
 20
75.0527634871
  7
TEXTSTYLE_3
 40
3.2
  1
N
 41
1.5
 72
0
100
AcDbText
  0
TEXT
  5
2A5
100
AcDbEntity
  8
0
100
AcDbText
 62
4
  6
BYLAYER
 10
1431.4149024779
 20
75.4055171488
  7
TEXTSTYLE_3
 40
3.2
  1
N
 41
1.5
 72
0
100
AcDbText
  0
TEXT
  5
2A6
100
AcDbEntity
  8
0
100
AcDbText
 62
2
  6
BYLAYER
 10
1551.2969667782
 20
38.5536665881
  7
STANDARD
 40
2.4
  1
SIZE
 41
0.8
 72
0
100
AcDbText
  0
TEXT
  5
2A7
100
AcDbEntity
  8
0
100
AcDbText
 62
2
  6
BYLAYER
 10
1551.051000013
 20
52.7536665881
  7
STANDARD
 40
2.0
  1
SHEET NUMBER
 41
0.8
 72
0
100
AcDbText
  0
TEXT
  5
2A8
100
AcDbEntity
  8
0
100
AcDbText
 62
2
  6
BYLAYER
 10
1477.5130997175
 20
52.5536665881
  7
STANDARD
 40
2.4
  1
PART DESCRIPTION
 41
0.8
 72
0
100
AcDbText
  0
TEXT
  5
2A9
100
AcDbEntity
  8
0
100
AcDbText
 62
2
  6
BYLAYER
 10
1551.00180666
 20
66.7536665881
  7
TEXTSTYLE_2
 40
2.0
  1
DRAWING REV.
 41
0.7
 72
0
100
AcDbText
  0
TEXT
  5
2AA
100
AcDbEntity
  8
0
100
AcDbText
 62
2
  6
BYLAYER
 10
1477.5130997175
 20
66.5536665881
  7
STANDARD
 40
2.4
  1
PART NUMBER or PDM NUMBER
 41
0.8
 72
0
100
AcDbText
  0
TEXT
  5
2AB
100
AcDbEntity
  8
0
100
AcDbText
 62
2
  6
BYLAYER
 10
1518.6130997175
 20
79.5536665881
  7
TEXTSTYLE_4
 40
2.4
  1
UNIT
 41
1.0
 72
1
 11
1523.4130997175
 21
79.5536665881
100
AcDbText
  0
TEXT
  5
2AC
100
AcDbEntity
  8
0
100
AcDbText
 62
2
  6
BYLAYER
 10
1499.5130997175
 20
79.5536665881
  7
TEXTSTYLE_4
 40
2.4
  1
SCALE
 41
1.0
 72
0
100
AcDbText
  0
TEXT
  5
2AD
100
AcDbEntity
  8
0
100
AcDbText
 62
2
  6
BYLAYER
 10
1477.5130997175
 20
79.5536665881
  7
TEXTSTYLE_4
 40
2.4
  1
DATE
 41
1.0
 72
0
100
AcDbText
  0
TEXT
  5
2AE
100
AcDbEntity
  8
0
100
AcDbText
 62
2
  6
BYLAYER
 10
1397.1986234411
 20
75.0159233733
  7
TEXTSTYLE_2
 40
3.0
  1
PPK DIMENSION
 41
0.7
 72
0
100
AcDbText
  0
TEXT
  5
2AF
100
AcDbEntity
  8
0
100
AcDbText
 62
2
  6
BYLAYER
 10
1438.2573287264
 20
75.1047009119
  7
TEXTSTYLE_2
 40
3.0
  1
CONTROL DIMENSION
 41
0.7
 72
0
100
AcDbText
  0
TEXT
  5
2B0
100
AcDbEntity
  8
0
100
AcDbText
 62
2
  6
BYLAYER
 10
1386.3925006873
 20
1073.5066899172
  7
STANDARD
 40
3.0
  1
REV
 41
0.8
 72
1
 11
1389.9925006873
 21
1073.5066899172
100
AcDbText
  0
TEXT
  5
2B1
100
AcDbEntity
  8
0
100
AcDbText
 62
2
  6
BYLAYER
 10
1407.1925006873
 20
1073.5066899172
  7
STANDARD
 40
3.0
  1
EC NUMBER
 41
0.8
 72
1
 11
1417.9925006873
 21
1073.5066899172
100
AcDbText
  0
TEXT
  5
2B2
100
AcDbEntity
  8
0
100
AcDbText
 62
2
  6
BYLAYER
 10
1474.7925006873
 20
1073.5066899172
  7
STANDARD
 40
3.0
  1
DESCRIPTION
 41
0.8
 72
1
 11
1487.9925006873
 21
1073.5066899172
100
AcDbText
  0
TEXT
  5
2B3
100
AcDbEntity
  8
0
100
AcDbText
 62
2
  6
BYLAYER
 10
1551.1925006873
 20
1073.5066899172
  7
STANDARD
 40
3.0
  1
DATE
 41
0.8
 72
1
 11
1555.9925006873
 21
1073.5066899172
100
AcDbText
  0
TEXT
  5
2B4
100
AcDbEntity
  8
0
100
AcDbText
 62
2
  6
BYLAYER
 10
1388.7925006873
 20
1063.5066899172
  7
STANDARD
 40
3.0
  1
A
 41
0.8
 72
1
 11
1389.9925006873
 21
1063.5066899172
100
AcDbText
  0
TEXT
  5
2B5
100
AcDbEntity
  8
0
100
AcDbText
 62
2
  6
BYLAYER
 10
1437.1925006873
 20
1063.5066899172
  7
STANDARD
 40
3.0
  1
First Release
 41
0.8
 72
0
100
AcDbText
  0
TEXT
  5
2B6
100
AcDbEntity
  8
0
100
AcDbText
 62
2
  6
BYLAYER
 10
1543.9925006873
 20
1063.5066899172
  7
STANDARD
 40
3.0
  1
2023/11/27
 41
0.8
 72
1
 11
1555.9925006873
 21
1063.5066899172
100
AcDbText
  0
TEXT
  5
2B7
100
AcDbEntity
  8
0
100
AcDbText
 62
2
  6
BYLAYER
 10
1407.1925006873
 20
1053.5066899172
  7
STANDARD
 40
3.0
  1
ER2450408
 41
0.8
 72
1
 11
1417.9925006873
 21
1053.5066899172
100
AcDbText
  0
TEXT
  5
2B8
100
AcDbEntity
  8
0
100
AcDbText
 62
2
  6
BYLAYER
 10
1437.1925006873
 20
1055.7566899172
  7
STANDARD
 40
3.0
  1
1.Modify Structure
 41
0.8
 72
0
100
AcDbText
  0
TEXT
  5
2B9
100
AcDbEntity
  8
0
100
AcDbText
 62
2
  6
BYLAYER
 10
1437.1925006873
 20
1051.2566899172
  7
STANDARD
 40
3.0
  1
2.Delete Balloon:23,30,44,52
 41
0.8
 72
0
100
AcDbText
  0
TEXT
  5
2BA
100
AcDbEntity
  8
0
100
AcDbText
 62
2
  6
BYLAYER
 10
1543.9925006873
 20
1053.5066899172
  7
STANDARD
 40
3.0
  1
2024/03/08
 41
0.8
 72
1
 11
1555.9925006873
 21
1053.5066899172
100
AcDbText
  0
TEXT
  5
2BB
100
AcDbEntity
  8
0
100
AcDbText
 62
2
  6
BYLAYER
 10
1476.699370133
 20
71.5002529871
  7
TEXTSTYLE_2
 40
3.0
  1
2024/03/08
 41
0.7
 72
1
 11
1487.199370133
 21
71.5002529871
100
AcDbText
  0
TEXT
  5
2BC
100
AcDbEntity
  8
0
100
AcDbText
 62
2
  6
BYLAYER
 10
1505.049370133
 20
71.5002529871
  7
TEXTSTYLE_2
 40
3.0
  1
1:1
 41
0.7
 72
1
 11
1508.199370133
 21
71.5002529871
100
AcDbText
  0
TEXT
  5
2BD
100
AcDbEntity
  8
0
100
AcDbText
 62
2
  6
BYLAYER
 10
1521.499370133
 20
71.5002529871
  7
TEXTSTYLE_2
 40
3.0
  1
mm
 41
0.7
 72
1
 11
1523.599370133
 21
71.5002529871
100
AcDbText
  0
TEXT
  5
2BE
100
AcDbEntity
  8
0
100
AcDbText
 62
2
  6
BYLAYER
 10
1394.299370133
 20
61.5002529871
  7
TEXTSTYLE_2
 40
3.0
  1
APPROVED
 41
0.7
 72
1
 11
1402.699370133
 21
61.5002529871
100
AcDbText
  0
TEXT
  5
2BF
100
AcDbEntity
  8
0
100
AcDbText
 62
2
  6
BYLAYER
 10
1438.999370133
 20
61.5002529871
  7
STANDARD
 40
3.0
  1
Jemmy Chang
 41
0.8
 72
1
 11
1452.199370133
 21
61.5002529871
100
AcDbText
  0
TEXT
  5
2C0
100
AcDbEntity
  8
0
100
AcDbText
 62
2
  6
BYLAYER
 10
1497.499370133
 20
57.5002529871
  7
STANDARD
 40
3.0
  1
7405M0001010R
 41
0.8
 72
1
 11
1513.099370133
 21
57.5002529871
100
AcDbText
  0
TEXT
  5
2C1
100
AcDbEntity
  8
0
100
AcDbText
 62
2
  6
BYLAYER
 10
1559.799370133
 20
57.5002529871
  7
STANDARD
 40
3.0
  1
B
 41
0.8
 72
1
 11
1560.999370133
 21
57.5002529871
100
AcDbText
  0
TEXT
  5
2C2
100
AcDbEntity
  8
0
100
AcDbText
 62
2
  6
BYLAYER
 10
1395.349370133
 20
47.5002529871
  7
TEXTSTYLE_2
 40
3.0
  1
CHECKED
 41
0.7
 72
1
 11
1402.699370133
 21
47.5002529871
100
AcDbText
  0
TEXT
  5
2C3
100
AcDbEntity
  8
0
100
AcDbText
 62
2
  6
BYLAYER
 10
1440.199370133
 20
47.5002529871
  7
STANDARD
 40
3.0
  1
Samuel Lin
 41
0.8
 72
1
 11
1452.199370133
 21
47.5002529871
100
AcDbText
  0
TEXT
  5
2C4
100
AcDbEntity
  8
0
100
AcDbText
 62
2
  6
BYLAYER
 10
1492.699370133
 20
43.5002529871
  7
STANDARD
 40
3.0
  1
bezel_S320HJJ-T03
 41
0.8
 72
1
 11
1513.099370133
 21
43.5002529871
100
AcDbText
  0
TEXT
  5
2C5
100
AcDbEntity
  8
0
100
AcDbText
 62
2
  6
BYLAYER
 10
1557.399370133
 20
43.5002529871
  7
STANDARD
 40
3.0
  1
1
 41
0.8
 72
1
 11
1558.599370133
 21
43.5002529871
100
AcDbText
  0
TEXT
  5
2C6
100
AcDbEntity
  8
0
100
AcDbText
 62
2
  6
BYLAYER
 10
1559.799370133
 20
43.5002529871
  7
STANDARD
 40
3.0
  1
/
 41
0.8
 72
1
 11
1560.999370133
 21
43.5002529871
100
AcDbText
  0
TEXT
  5
2C7
100
AcDbEntity
  8
0
100
AcDbText
 62
2
  6
BYLAYER
 10
1562.199370133
 20
43.5002529871
  7
STANDARD
 40
3.0
  1
2
 41
0.8
 72
1
 11
1563.399370133
 21
43.5002529871
100
AcDbText
  0
TEXT
  5
2C8
100
AcDbEntity
  8
0
100
AcDbText
 62
2
  6
BYLAYER
 10
1394.299370133
 20
33.5002529871
  7
TEXTSTYLE_2
 40
3.0
  1
DESIGNED
 41
0.7
 72
1
 11
1402.699370133
 21
33.5002529871
100
AcDbText
  0
TEXT
  5
2C9
100
AcDbEntity
  8
0
100
AcDbText
 62
2
  6
BYLAYER
 10
1440.199370133
 20
33.5002529871
  7
STANDARD
 40
3.0
  1
Barry Shen
 41
0.8
 72
1
 11
1452.199370133
 21
33.5002529871
100
AcDbText
  0
TEXT
  5
2CA
100
AcDbEntity
  8
0
100
AcDbText
 62
2
  6
BYLAYER
 10
1557.399370133
 20
29.5002529871
  7
STANDARD
 40
3.0
  1
A1+
 41
0.8
 72
1
 11
1560.999370133
 21
29.5002529871
100
AcDbText
  0
TEXT
  5
2CB
100
AcDbEntity
  8
0
100
AcDbText
 62
2
  6
BYLAYER
 10
771.6009675855
 20
299.6030683786
  7
STANDARD
 40
9.0
  1
Bom list
 41
0.8
 72
1
 11
800.4009675855
 21
299.6030683786
100
AcDbText
  0
TEXT
  5
2CC
100
AcDbEntity
  8
0
100
AcDbText
 62
2
  6
BYLAYER
 10
441.0009675855
 20
279.6030683786
  7
STANDARD
 40
9.0
  1
ITEM
 41
0.8
 72
1
 11
455.4009675855
 21
279.6030683786
100
AcDbText
  0
TEXT
  5
2CD
100
AcDbEntity
  8
0
100
AcDbText
 62
2
  6
BYLAYER
 10
501.0009675855
 20
279.6030683786
  7
STANDARD
 40
9.0
  1
Name
 41
0.8
 72
1
 11
515.4009675855
 21
279.6030683786
100
AcDbText
  0
TEXT
  5
2CE
100
AcDbEntity
  8
0
100
AcDbText
 62
2
  6
BYLAYER
 10
636.6009675855
 20
279.6030683786
  7
STANDARD
 40
9.0
  1
Material
 41
0.8
 72
1
 11
665.4009675855
 21
279.6030683786
100
AcDbText
  0
TEXT
  5
2CF
100
AcDbEntity
  8
0
100
AcDbText
 62
2
  6
BYLAYER
 10
781.4009675855
 20
279.6030683786
  7
STANDARD
 40
9.0
  1
Material Vendor
 41
0.8
 72
1
 11
835.4009675855
 21
279.6030683786
100
AcDbText
  0
TEXT
  5
2D0
100
AcDbEntity
  8
0
100
AcDbText
 62
2
  6
BYLAYER
 10
923.6009675855
 20
279.6030683786
  7
STANDARD
 40
9.0
  1
Material Type
 41
0.8
 72
1
 11
970.4009675855
 21
279.6030683786
100
AcDbText
  0
TEXT
  5
2D1
100
AcDbEntity
  8
0
100
AcDbText
 62
2
  6
BYLAYER
 10
1051.0009675855
 20
279.6030683786
  7
STANDARD
 40
9.0
  1
Q'TY
 41
0.8
 72
1
 11
1065.4009675855
 21
279.6030683786
100
AcDbText
  0
TEXT
  5
2D2
100
AcDbEntity
  8
0
100
AcDbText
 62
2
  6
BYLAYER
 10
1107.4009675855
 20
279.6030683786
  7
STANDARD
 40
9.0
  1
Maker
 41
0.8
 72
1
 11
1125.4009675855
 21
279.6030683786
100
AcDbText
  0
TEXT
  5
2D3
100
AcDbEntity
  8
0
100
AcDbText
 62
2
  6
BYLAYER
 10
451.8009675855
 20
259.6030683786
  7
STANDARD
 40
9.0
  1
A
 41
0.8
 72
1
 11
455.4009675855
 21
259.6030683786
100
AcDbText
  0
TEXT
  5
2D4
100
AcDbEntity
  8
0
100
AcDbText
 62
2
  6
BYLAYER
 10
497.4009675855
 20
259.6030683786
  7
STANDARD
 40
9.0
  1
BEZEL
 41
0.8
 72
1
 11
515.4009675855
 21
259.6030683786
100
AcDbText
  0
TEXT
  5
2D5
100
AcDbEntity
  8
0
100
AcDbText
 62
2
  6
BYLAYER
 10
651.0009675855
 20
259.6030683786
  7
STANDARD
 40
9.0
  1
SGCC
 41
0.8
 72
1
 11
665.4009675855
 21
259.6030683786
100
AcDbText
  0
TEXT
  5
2D6
100
AcDbEntity
  8
0
100
AcDbText
 62
2
  6
BYLAYER
 10
777.8009675855
 20
259.6030683786
  7
STANDARD
 40
9.0
  1
ref to DN0001884
 41
0.8
 72
1
 11
835.4009675855
 21
259.6030683786
100
AcDbText
  0
TEXT
  5
2D7
100
AcDbEntity
  8
0
100
AcDbText
 62
2
  6
BYLAYER
 10
912.8009675855
 20
259.6030683786
  7
STANDARD
 40
9.0
  1
ref to DN0001884
 41
0.8
 72
1
 11
970.4009675855
 21
259.6030683786
100
AcDbText
  0
TEXT
  5
2D8
100
AcDbEntity
  8
0
100
AcDbText
 62
2
  6
BYLAYER
 10
1061.8009675855
 20
259.6030683786
  7
STANDARD
 40
9.0
  1
1
 41
0.8
 72
1
 11
1065.4009675855
 21
259.6030683786
100
AcDbText
  0
TEXT
  5
2D9
100
AcDbEntity
  8
0
100
AcDbText
 62
2
  6
BYLAYER
 10
1114.6009675855
 20
259.6030683786
  7
STANDARD
 40
9.0
  1
BLC
 41
0.8
 72
1
 11
1125.4009675855
 21
259.6030683786
100
AcDbText
  0
TEXT
  5
2DA
100
AcDbEntity
  8
0
100
AcDbText
 62
2
  6
BYLAYER
 10
634.8009675855
 20
239.6030683786
  7
STANDARD
 40
9.0
  1
Innolux should be noticed when new vender add.
 41
0.8
 72
1
 11
800.4009675855
 21
239.6030683786
100
AcDbText
  0
LEADER
  5
2DB
100
AcDbEntity
  8
0
100
AcDbLeader
 62
2
  6
BYLAYER
  3
STANDARD
 71
1
 72
0
 73
3
 75
0
 76
2
 10
757.270931317
 20
911.3305547681
 30
0.0
 10
754.6003511427
 20
943.7842045301
 30
0.0
1001
ACAD
1000
DSTYLE
1002
{
1070
77
1070
0
1070
341
1005
26A
1002
}
  0
TEXT
  5
2DC
100
AcDbEntity
  8
0
100
AcDbText
 62
2
  6
BYLAYER
 10
751.6392363373
 20
947.6030312202
  7
STANDARD
 40
6.0
  1
A
 41
0.8
 72
0
100
AcDbText
  0
TEXT
  5
2DD
100
AcDbEntity
  8
0
100
AcDbText
 62
1
  6
BYLAYER
 10
1389.1805031595
 20
1053.0240812646
  7
STANDARD
 40
2.2
  1
B
 41
0.8
 72
0
100
AcDbText
  0
TEXT
  5
2DE
100
AcDbEntity
  8
0
100
AcDbText
 62
1
  6
BYLAYER
 10
1489.4541067261
 20
58.4630743481
  7
STANDARD
 40
3.0
  1
B
 41
0.8
 72
0
100
AcDbText
  0
LINE
  5
2DF
100
AcDbEntity
  8
0
100
AcDbLine
 62
7
  6
BYLAYER
 10
0.0
 20
1108.0
 11
0.0
 21
1058.0
  0
LINE
  5
2E0
100
AcDbEntity
  8
0
100
AcDbLine
 62
7
  6
BYLAYER
 10
0.0
 20
0.0
 11
0.0
 21
1108.0
  0
LINE
  5
2E1
100
AcDbEntity
  8
0
100
AcDbLine
 62
7
  6
BYLAYER
 10
12.0
 20
1096.0
 11
12.0
 21
12.0
  0
LWPOLYLINE
  5
2E2
100
AcDbEntity
  8
0
100
AcDbPolyline
 62
7
  6
BYLAYER
 90
2
 70
0
 43
0.6
 10
28.0
 20
28.0
 10
28.0
 20
1080.0
  0
LWPOLYLINE
  5
2E3
100
AcDbEntity
  8
0
100
AcDbPolyline
 62
7
  6
BYLAYER
 90
2
 70
0
 43
0.6
 10
124.5
 20
28.0
 10
124.5
 20
20.0
  0
LWPOLYLINE
  5
2E4
100
AcDbEntity
  8
0
100
AcDbPolyline
 62
7
  6
BYLAYER
 90
2
 70
0
 43
0.6
 10
124.5
 20
1080.0
 10
124.5
 20
1088.0
  0
LINE
  5
2E5
100
AcDbEntity
  8
0
100
AcDbLine
 62
4
  6
BYLAYER
 10
1513.287068765
 20
32.0139376445
 11
1513.5188903352
 21
32.0795457924
  0
LINE
  5
2E6
100
AcDbEntity
  8
0
100
AcDbLine
 62
4
  6
BYLAYER
 10
1513.287068765
 20
32.0139376445
 11
1513.5188903352
 21
32.0795457924
  0
LINE
  5
2E7
100
AcDbEntity
  8
0
100
AcDbLine
 62
4
  6
BYLAYER
 10
1513.1951439758
 20
31.999265275
 11
1513.287068765
 21
32.0139376445
  0
LINE
  5
2E8
100
AcDbEntity
  8
0
100
AcDbLine
 62
4
  6
BYLAYER
 10
1514.8283737874
 20
33.6298090555
 11
1516.4918192246
 21
33.7622259555
  0
LINE
  5
2E9
100
AcDbEntity
  8
0
100
AcDbLine
 62
4
  6
BYLAYER
 10
1510.5766659657
 20
31.8063194165
 11
1513.1951439758
 21
31.999265275
  0
LINE
  5
2EA
100
AcDbEntity
  8
0
100
AcDbLine
 62
4
  6
BYLAYER
 10
1514.8761740627
 20
31.0115196365
 11
1511.3386460107
 21
30.9576395688
  0
LINE
  5
2EB
100
AcDbEntity
  8
0
100
AcDbLine
 62
4
  6
BYLAYER
 10
1511.3386460107
 20
30.9576395688
 11
1510.9857199639
 21
31.2716146566
  0
LINE
  5
2EC
100
AcDbEntity
  8
0
100
AcDbLine
 62
4
  6
BYLAYER
 10
1510.9857199639
 20
31.2716146566
 11
1510.8577923095
 21
31.4140276713
  0
LINE
  5
2ED
100
AcDbEntity
  8
0
100
AcDbLine
 62
4
  6
BYLAYER
 10
1510.8577923095
 20
31.4140276713
 11
1510.5766659657
 21
31.8063194165
  0
LINE
  5
2EE
100
AcDbEntity
  8
0
100
AcDbLine
 62
4
  6
BYLAYER
 10
1516.4918192246
 20
33.7622259555
 11
1516.490495403
 21
33.753386375
  0
LINE
  5
2EF
100
AcDbEntity
  8
0
100
AcDbLine
 62
4
  6
BYLAYER
 10
1516.490495403
 20
33.753386375
 11
1516.3864819257
 21
33.2590870824
  0
LINE
  5
2F0
100
AcDbEntity
  8
0
100
AcDbLine
 62
4
  6
BYLAYER
 10
1514.8071390572
 20
33.5605689186
 11
1514.8283737874
 21
33.6298090555
  0
LINE
  5
2F1
100
AcDbEntity
  8
0
100
AcDbLine
 62
4
  6
BYLAYER
 10
1514.7841138016
 20
33.4919045736
 11
1514.8071390572
 21
33.5605689186
  0
LINE
  5
2F2
100
AcDbEntity
  8
0
100
AcDbLine
 62
4
  6
BYLAYER
 10
1516.3864819257
 20
33.2590870824
 11
1516.1974441357
 21
32.7101764717
  0
LINE
  5
2F3
100
AcDbEntity
  8
0
100
AcDbLine
 62
4
  6
BYLAYER
 10
1514.6532451393
 20
33.18034851
 11
1514.7841138016
 21
33.4919045736
  0
LINE
  5
2F4
100
AcDbEntity
  8
0
100
AcDbLine
 62
4
  6
BYLAYER
 10
1516.1974441357
 20
32.7101764717
 11
1515.9401696722
 21
32.1977636905
  0
LINE
  5
2F5
100
AcDbEntity
  8
0
100
AcDbLine
 62
4
  6
BYLAYER
 10
1514.617724341
 20
33.1110410408
 11
1514.6532451393
 21
33.18034851
  0
LINE
  5
2F6
100
AcDbEntity
  8
0
100
AcDbLine
 62
4
  6
BYLAYER
 10
1514.4474897686
 20
32.833282624
 11
1514.617724341
 21
33.1110410408
  0
LINE
  5
2F7
100
AcDbEntity
  8
0
100
AcDbLine
 62
4
  6
BYLAYER
 10
1515.9401696722
 20
32.1977636905
 11
1515.6214058454
 21
31.7319456807
  0
LINE
  5
2F8
100
AcDbEntity
  8
0
100
AcDbLine
 62
4
  6
BYLAYER
 10
1514.3981789301
 20
32.7655939615
 11
1514.4474897686
 21
32.833282624
  0
LINE
  5
2F9
100
AcDbEntity
  8
0
100
AcDbLine
 62
4
  6
BYLAYER
 10
1514.1977800088
 20
32.5327088078
 11
1514.3981789301
 21
32.7655939615
  0
LINE
  5
2FA
100
AcDbEntity
  8
0
100
AcDbLine
 62
4
  6
BYLAYER
 10
1515.6214058454
 20
31.7319456807
 11
1515.277046709
 21
31.3495864084
  0
LINE
  5
2FB
100
AcDbEntity
  8
0
100
AcDbLine
 62
4
  6
BYLAYER
 10
1514.1341136153
 20
32.4704720511
 11
1514.1977800088
 21
32.5327088078
  0
LINE
  5
2FC
100
AcDbEntity
  8
0
100
AcDbLine
 62
4
  6
BYLAYER
 10
1515.277046709
 20
31.3495864084
 11
1514.8761740627
 21
31.0115196365
  0
LINE
  5
2FD
100
AcDbEntity
  8
0
100
AcDbLine
 62
4
  6
BYLAYER
 10
1513.9137120657
 20
32.2901779446
 11
1514.1341136153
 21
32.4704720511
  0
LINE
  5
2FE
100
AcDbEntity
  8
0
100
AcDbLine
 62
4
  6
BYLAYER
 10
1513.8366430455
 20
32.2385278313
 11
1513.9137120657
 21
32.2901779446
  0
LINE
  5
2FF
100
AcDbEntity
  8
0
100
AcDbLine
 62
4
  6
BYLAYER
 10
1513.6062025112
 20
32.1150103595
 11
1513.8366430455
 21
32.2385278313
  0
LINE
  5
300
100
AcDbEntity
  8
0
100
AcDbLine
 62
4
  6
BYLAYER
 10
1513.5188903352
 20
32.0795457924
 11
1513.6062025112
 21
32.1150103595
  0
HATCH
  5
301
100
AcDbEntity
  8
0
100
AcDbHatch
 62
4
  6
BYLAYER
 10
0.0
 20
0.0
 30
0.0
210
0.0
220
0.0
230
1.0
  2
SOLID
 70
1
 71
1
 91
1
 92
1
 93
27
 72
1
 10
1513.5188903352
 20
32.0795457924
 11
1513.6062025112
 21
32.1150103595
 72
1
 10
1513.6062025112
 20
32.1150103595
 11
1513.8366430455
 21
32.2385278313
 72
1
 10
1513.8366430455
 20
32.2385278313
 11
1513.9137120657
 21
32.2901779446
 72
1
 10
1513.9137120657
 20
32.2901779446
 11
1514.1341136153
 21
32.4704720511
 72
1
 10
1514.1341136153
 20
32.4704720511
 11
1514.1977800088
 21
32.5327088078
 72
1
 10
1514.1977800088
 20
32.5327088078
 11
1514.3981789301
 21
32.7655939615
 72
1
 10
1514.3981789301
 20
32.7655939615
 11
1514.4474897686
 21
32.833282624
 72
1
 10
1514.4474897686
 20
32.833282624
 11
1514.617724341
 21
33.1110410408
 72
1
 10
1514.617724341
 20
33.1110410408
 11
1514.6532451393
 21
33.18034851
 72
1
 10
1514.6532451393
 20
33.18034851
 11
1514.7841138016
 21
33.4919045736
 72
1
 10
1514.7841138016
 20
33.4919045736
 11
1514.8071390572
 21
33.5605689186
 72
1
 10
1514.8071390572
 20
33.5605689186
 11
1514.8283737874
 21
33.6298090555
 72
1
 10
1514.8283737874
 20
33.6298090555
 11
1516.4918192246
 21
33.7622259555
 72
1
 10
1516.4918192246
 20
33.7622259555
 11
1516.490495403
 21
33.753386375
 72
1
 10
1516.490495403
 20
33.753386375
 11
1516.3864819257
 21
33.2590870824
 72
1
 10
1516.3864819257
 20
33.2590870824
 11
1516.1974441357
 21
32.7101764717
 72
1
 10
1516.1974441357
 20
32.7101764717
 11
1515.9401696722
 21
32.1977636905
 72
1
 10
1515.9401696722
 20
32.1977636905
 11
1515.6214058454
 21
31.7319456807
 72
1
 10
1515.6214058454
 20
31.7319456807
 11
1515.277046709
 21
31.3495864084
 72
1
 10
1515.277046709
 20
31.3495864084
 11
1514.8761740627
 21
31.0115196365
 72
1
 10
1514.8761740627
 20
31.0115196365
 11
1511.3386460107
 21
30.9576395688
 72
1
 10
1511.3386460107
 20
30.9576395688
 11
1510.9857199639
 21
31.2716146566
 72
1
 10
1510.9857199639
 20
31.2716146566
 11
1510.8577923095
 21
31.4140276713
 72
1
 10
1510.8577923095
 20
31.4140276713
 11
1510.5766659657
 21
31.8063194165
 72
1
 10
1510.5766659657
 20
31.8063194165
 11
1513.1951439758
 21
31.999265275
 72
1
 10
1513.1951439758
 20
31.999265275
 11
1513.287068765
 21
32.0139376445
 72
1
 10
1513.287068765
 20
32.0139376445
 11
1513.5188903352
 21
32.0795457924
 97
27
330
2E6
330
2E7
330
2E8
330
2E9
330
2EA
330
2EB
330
2EC
330
2ED
330
2EE
330
2EF
330
2F0
330
2F1
330
2F2
330
2F3
330
2F4
330
2F5
330
2F6
330
2F7
330
2F8
330
2F9
330
2FA
330
2FB
330
2FC
330
2FD
330
2FE
330
2FF
330
300
 75
0
 76
1
 98
1
 10
0.0
 20
0.0
  0
LINE
  5
302
100
AcDbEntity
  8
0
100
AcDbLine
 62
4
  6
BYLAYER
 10
1513.3203733978
 20
36.0722345927
 11
1513.0884043455
 21
36.0065673473
  0
LINE
  5
303
100
AcDbEntity
  8
0
100
AcDbLine
 62
4
  6
BYLAYER
 10
1513.3203733978
 20
36.0722345927
 11
1513.0884043455
 21
36.0065673473
  0
LINE
  5
304
100
AcDbEntity
  8
0
100
AcDbLine
 62
4
  6
BYLAYER
 10
1513.4125495926
 20
36.0869481104
 11
1513.3203733978
 21
36.0722345927
  0
LINE
  5
305
100
AcDbEntity
  8
0
100
AcDbLine
 62
4
  6
BYLAYER
 10
1513.0012396516
 20
35.9711618778
 11
1510.5363124701
 21
35.6477423642
  0
LINE
  5
306
100
AcDbEntity
  8
0
100
AcDbLine
 62
4
  6
BYLAYER
 10
1513.6388672049
 20
36.0953282698
 11
1513.4125495926
 21
36.0869481104
  0
LINE
  5
307
100
AcDbEntity
  8
0
100
AcDbLine
 62
4
  6
BYLAYER
 10
1510.7346197067
 20
35.9984666762
 11
1513.6388672049
 21
36.0953282698
  0
LINE
  5
308
100
AcDbEntity
  8
0
100
AcDbLine
 62
4
  6
BYLAYER
 10
1510.5363124701
 20
35.6477423642
 11
1510.7346197067
 21
35.9984666762
  0
LINE
  5
309
100
AcDbEntity
  8
0
100
AcDbLine
 62
4
  6
BYLAYER
 10
1513.0884043455
 20
36.0065673473
 11
1513.0012396516
 21
35.9711618778
  0
HATCH
  5
30A
100
AcDbEntity
  8
0
100
AcDbHatch
 62
4
  6
BYLAYER
 10
0.0
 20
0.0
 30
0.0
210
0.0
220
0.0
230
1.0
  2
SOLID
 70
1
 71
1
 91
1
 92
1
 93
7
 72
1
 10
1513.0884043455
 20
36.0065673473
 11
1513.0012396516
 21
35.9711618778
 72
1
 10
1513.0012396516
 20
35.9711618778
 11
1510.5363124701
 21
35.6477423642
 72
1
 10
1510.5363124701
 20
35.6477423642
 11
1510.7346197067
 21
35.9984666762
 72
1
 10
1510.7346197067
 20
35.9984666762
 11
1513.6388672049
 21
36.0953282698
 72
1
 10
1513.6388672049
 20
36.0953282698
 11
1513.4125495926
 21
36.0869481104
 72
1
 10
1513.4125495926
 20
36.0869481104
 11
1513.3203733978
 21
36.0722345927
 72
1
 10
1513.3203733978
 20
36.0722345927
 11
1513.0884043455
 21
36.0065673473
 97
7
330
303
330
304
330
305
330
306
330
307
330
308
330
309
 75
0
 76
1
 98
1
 10
0.0
 20
0.0
  0
LINE
  5
30B
100
AcDbEntity
  8
0
100
AcDbLine
 62
4
  6
BYLAYER
 10
1513.9255401421
 20
30.5280326427
 11
1513.7519029369
 21
30.478981032
  0
LINE
  5
30C
100
AcDbEntity
  8
0
100
AcDbLine
 62
4
  6
BYLAYER
 10
1513.9255401421
 20
30.5280326427
 11
1513.7519029369
 21
30.478981032
  0
LINE
  5
30D
100
AcDbEntity
  8
0
100
AcDbLine
 62
4
  6
BYLAYER
 10
1513.7519029369
 20
30.478981032
 11
1513.2838330844
 21
30.4002372207
  0
LINE
  5
30E
100
AcDbEntity
  8
0
100
AcDbLine
 62
4
  6
BYLAYER
 10
1512.3645576649
 20
30.4699200589
 11
1513.9255401421
 21
30.5280326427
  0
LINE
  5
30F
100
AcDbEntity
  8
0
100
AcDbLine
 62
4
  6
BYLAYER
 10
1513.2838330844
 20
30.4002372207
 11
1512.8216888622
 21
30.3970512198
  0
LINE
  5
310
100
AcDbEntity
  8
0
100
AcDbLine
 62
4
  6
BYLAYER
 10
1512.8216888622
 20
30.3970512198
 11
1512.3645576649
 21
30.4699200589
  0
HATCH
  5
311
100
AcDbEntity
  8
0
100
AcDbHatch
 62
4
  6
BYLAYER
 10
0.0
 20
0.0
 30
0.0
210
0.0
220
0.0
230
1.0
  2
SOLID
 70
1
 71
1
 91
1
 92
1
 93
5
 72
1
 10
1513.7519029369
 20
30.478981032
 11
1513.2838330844
 21
30.4002372207
 72
1
 10
1513.2838330844
 20
30.4002372207
 11
1512.8216888622
 21
30.3970512198
 72
1
 10
1512.8216888622
 20
30.3970512198
 11
1512.3645576649
 21
30.4699200589
 72
1
 10
1512.3645576649
 20
30.4699200589
 11
1513.9255401421
 21
30.5280326427
 72
1
 10
1513.9255401421
 20
30.5280326427
 11
1513.7519029369
 21
30.478981032
 97
5
330
30C
330
30D
330
30E
330
30F
330
310
 75
0
 76
1
 98
1
 10
0.0
 20
0.0
  0
LINE
  5
312
100
AcDbEntity
  8
0
100
AcDbLine
 62
4
  6
BYLAYER
 10
1511.6695355754
 20
33.7248581544
 11
1510.0898838201
 21
33.2959932283
  0
LINE
  5
313
100
AcDbEntity
  8
0
100
AcDbLine
 62
4
  6
BYLAYER
 10
1511.6695355754
 20
33.7248581544
 11
1510.0898838201
 21
33.2959932283
  0
LINE
  5
314
100
AcDbEntity
  8
0
100
AcDbLine
 62
4
  6
BYLAYER
 10
1510.0718317531
 20
33.8471883814
 11
1511.7041846974
 21
34.1268400448
  0
LINE
  5
315
100
AcDbEntity
  8
0
100
AcDbLine
 62
4
  6
BYLAYER
 10
1510.0898838201
 20
33.2959932283
 11
1510.0718317531
 21
33.8471883814
  0
LINE
  5
316
100
AcDbEntity
  8
0
100
AcDbLine
 62
4
  6
BYLAYER
 10
1511.6927377066
 20
34.0498061631
 11
1511.6695355754
 21
33.7248581544
  0
LINE
  5
317
100
AcDbEntity
  8
0
100
AcDbLine
 62
4
  6
BYLAYER
 10
1511.7041846974
 20
34.1268400448
 11
1511.6927377066
 21
34.0498061631
  0
HATCH
  5
318
100
AcDbEntity
  8
0
100
AcDbHatch
 62
4
  6
BYLAYER
 10
0.0
 20
0.0
 30
0.0
210
0.0
220
0.0
230
1.0
  2
SOLID
 70
1
 71
1
 91
1
 92
1
 93
5
 72
1
 10
1510.0898838201
 20
33.2959932283
 11
1510.0718317531
 21
33.8471883814
 72
1
 10
1510.0718317531
 20
33.8471883814
 11
1511.7041846974
 21
34.1268400448
 72
1
 10
1511.7041846974
 20
34.1268400448
 11
1511.6927377066
 21
34.0498061631
 72
1
 10
1511.6927377066
 20
34.0498061631
 11
1511.6695355754
 21
33.7248581544
 72
1
 10
1511.6695355754
 20
33.7248581544
 11
1510.0898838201
 21
33.2959932283
 97
5
330
313
330
314
330
315
330
316
330
317
 75
0
 76
1
 98
1
 10
0.0
 20
0.0
  0
LINE
  5
319
100
AcDbEntity
  8
0
100
AcDbLine
 62
4
  6
BYLAYER
 10
1510.0898838201
 20
33.2959932283
 11
1511.6695355754
 21
33.7248581544
  0
LINE
  5
31A
100
AcDbEntity
  8
0
100
AcDbLine
 62
4
  6
BYLAYER
 10
1511.6976872859
 20
33.3351055863
 11
1511.7132438003
 21
33.2474424901
  0
LINE
  5
31B
100
AcDbEntity
  8
0
100
AcDbLine
 62
4
  6
BYLAYER
 10
1510.1813663395
 20
32.76741442
 11
1510.0898838201
 21
33.2959932283
  0
LINE
  5
31C
100
AcDbEntity
  8
0
100
AcDbLine
 62
4
  6
BYLAYER
 10
1511.6702450578
 20
33.6411156303
 11
1511.6976872859
 21
33.3351055863
  0
LINE
  5
31D
100
AcDbEntity
  8
0
100
AcDbLine
 62
4
  6
BYLAYER
 10
1511.6695355754
 20
33.7248581544
 11
1511.6702450578
 21
33.6411156303
  0
LINE
  5
31E
100
AcDbEntity
  8
0
100
AcDbLine
 62
4
  6
BYLAYER
 10
1511.7132438003
 20
33.2474424901
 11
1510.1813663395
 21
32.76741442
  0
HATCH
  5
31F
100
AcDbEntity
  8
0
100
AcDbHatch
 62
4
  6
BYLAYER
 10
0.0
 20
0.0
 30
0.0
210
0.0
220
0.0
230
1.0
  2
SOLID
 70
1
 71
1
 91
1
 92
1
 93
6
 72
1
 10
1511.6695355754
 20
33.7248581544
 11
1511.6702450578
 21
33.6411156303
 72
1
 10
1511.6702450578
 20
33.6411156303
 11
1511.6976872859
 21
33.3351055863
 72
1
 10
1511.6976872859
 20
33.3351055863
 11
1511.7132438003
 21
33.2474424901
 72
1
 10
1511.7132438003
 20
33.2474424901
 11
1510.1813663395
 21
32.76741442
 72
1
 10
1510.1813663395
 20
32.76741442
 11
1510.0898838201
 21
33.2959932283
 72
1
 10
1510.0898838201
 20
33.2959932283
 11
1511.6695355754
 21
33.7248581544
 97
6
330
319
330
31A
330
31B
330
31C
330
31D
330
31E
 75
0
 76
1
 98
1
 10
0.0
 20
0.0
  0
LINE
  5
320
100
AcDbEntity
  8
0
100
AcDbLine
 62
3
  6
BYLAYER
 10
1525.6098863907
 20
32.1590986404
 11
1525.7105134509
 21
32.1846546581
  0
LINE
  5
321
100
AcDbEntity
  8
0
100
AcDbLine
 62
3
  6
BYLAYER
 10
1525.6098863907
 20
32.1590986404
 11
1525.7105134509
 21
32.1846546581
  0
LINE
  5
322
100
AcDbEntity
  8
0
100
AcDbLine
 62
3
  6
BYLAYER
 10
1526.3511540903
 20
30.7338868919
 11
1526.033896399
 21
30.6582610261
  0
LINE
  5
323
100
AcDbEntity
  8
0
100
AcDbLine
 62
3
  6
BYLAYER
 10
1525.5067844792
 20
32.146895725
 11
1525.6098863907
 21
32.1590986404
  0
LINE
  5
324
100
AcDbEntity
  8
0
100
AcDbLine
 62
3
  6
BYLAYER
 10
1526.033896399
 20
30.6582610261
 11
1525.7099165751
 21
30.620727201
  0
LINE
  5
325
100
AcDbEntity
  8
0
100
AcDbLine
 62
3
  6
BYLAYER
 10
1523.119797024
 20
32.0906875765
 11
1525.5067844792
 21
32.146895725
  0
LINE
  5
326
100
AcDbEntity
  8
0
100
AcDbLine
 62
3
  6
BYLAYER
 10
1527.3026757516
 20
37.7664313647
 11
1529.3026757516
 21
37.7664313647
  0
LINE
  5
327
100
AcDbEntity
  8
0
100
AcDbLine
 62
3
  6
BYLAYER
 10
1525.7099165751
 20
30.620727201
 11
1525.3837716156
 21
30.6218133553
  0
LINE
  5
328
100
AcDbEntity
  8
0
100
AcDbLine
 62
3
  6
BYLAYER
 10
1525.3837716156
 20
30.6218133553
 11
1525.0600489716
 21
30.6615042116
  0
LINE
  5
329
100
AcDbEntity
  8
0
100
AcDbLine
 62
3
  6
BYLAYER
 10
1525.0600489716
 20
30.6615042116
 11
1524.7433020226
 21
30.739241491
  0
LINE
  5
32A
100
AcDbEntity
  8
0
100
AcDbLine
 62
3
  6
BYLAYER
 10
1524.7433020226
 20
30.739241491
 11
1524.4379860301
 21
30.8539317655
  0
LINE
  5
32B
100
AcDbEntity
  8
0
100
AcDbLine
 62
3
  6
BYLAYER
 10
1524.4379860301
 20
30.8539317655
 11
1524.1483954717
 21
31.0039618385
  0
LINE
  5
32C
100
AcDbEntity
  8
0
100
AcDbLine
 62
3
  6
BYLAYER
 10
1524.1483954717
 20
31.0039618385
 11
1523.8786036358
 21
31.1872214347
  0
LINE
  5
32D
100
AcDbEntity
  8
0
100
AcDbLine
 62
3
  6
BYLAYER
 10
1523.8786036358
 20
31.1872214347
 11
1523.6966519123
 21
31.3402429717
  0
LINE
  5
32E
100
AcDbEntity
  8
0
100
AcDbLine
 62
3
  6
BYLAYER
 10
1523.6966519123
 20
31.3402429717
 11
1523.5285968275
 21
31.5084080959
  0
LINE
  5
32F
100
AcDbEntity
  8
0
100
AcDbLine
 62
3
  6
BYLAYER
 10
1523.5285968275
 20
31.5084080959
 11
1523.3756944229
 21
31.6904599433
  0
LINE
  5
330
100
AcDbEntity
  8
0
100
AcDbLine
 62
3
  6
BYLAYER
 10
1523.3756944229
 20
31.6904599433
 11
1523.239087489
 21
31.8850378611
  0
LINE
  5
331
100
AcDbEntity
  8
0
100
AcDbLine
 62
3
  6
BYLAYER
 10
1523.239087489
 20
31.8850378611
 11
1523.119797024
 21
32.0906875765
  0
LINE
  5
332
100
AcDbEntity
  8
0
100
AcDbLine
 62
3
  6
BYLAYER
 10
1526.241605624
 20
32.7744922721
 11
1527.3026757516
 21
37.7664313647
  0
LINE
  5
333
100
AcDbEntity
  8
0
100
AcDbLine
 62
3
  6
BYLAYER
 10
1529.3026757516
 20
37.7664313647
 11
1528.2458921028
 21
32.7946585696
  0
LINE
  5
334
100
AcDbEntity
  8
0
100
AcDbLine
 62
3
  6
BYLAYER
 10
1528.2458921028
 20
32.7946585696
 11
1528.1592840261
 21
32.4802213654
  0
LINE
  5
335
100
AcDbEntity
  8
0
100
AcDbLine
 62
3
  6
BYLAYER
 10
1526.2134242544
 20
32.6745686728
 11
1526.241605624
 21
32.7744922721
  0
LINE
  5
336
100
AcDbEntity
  8
0
100
AcDbLine
 62
3
  6
BYLAYER
 10
1528.1592840261
 20
32.4802213654
 11
1528.036058792
 21
32.1782490885
  0
LINE
  5
337
100
AcDbEntity
  8
0
100
AcDbLine
 62
3
  6
BYLAYER
 10
1526.1724413334
 20
32.5791783406
 11
1526.2134242544
 21
32.6745686728
  0
LINE
  5
338
100
AcDbEntity
  8
0
100
AcDbLine
 62
3
  6
BYLAYER
 10
1528.036058792
 20
32.1782490885
 11
1527.8779496474
 21
31.8929891848
  0
LINE
  5
339
100
AcDbEntity
  8
0
100
AcDbLine
 62
3
  6
BYLAYER
 10
1526.1193580901
 20
32.4899534306
 11
1526.1724413334
 21
32.5791783406
  0
LINE
  5
33A
100
AcDbEntity
  8
0
100
AcDbLine
 62
3
  6
BYLAYER
 10
1527.8779496474
 20
31.8929891848
 11
1527.6871805051
 21
31.6284540289
  0
LINE
  5
33B
100
AcDbEntity
  8
0
100
AcDbLine
 62
3
  6
BYLAYER
 10
1526.0550827936
 20
32.4084206056
 11
1526.1193580901
 21
32.4899534306
  0
LINE
  5
33C
100
AcDbEntity
  8
0
100
AcDbLine
 62
3
  6
BYLAYER
 10
1527.6871805051
 20
31.6284540289
 11
1527.4664346631
 21
31.3883644882
  0
LINE
  5
33D
100
AcDbEntity
  8
0
100
AcDbLine
 62
3
  6
BYLAYER
 10
1525.980715212
 20
32.335974915
 11
1526.0550827936
 21
32.4084206056
  0
LINE
  5
33E
100
AcDbEntity
  8
0
100
AcDbLine
 62
3
  6
BYLAYER
 10
1527.4664346631
 20
31.3883644882
 11
1527.218817062
 21
31.1760975856
  0
LINE
  5
33F
100
AcDbEntity
  8
0
100
AcDbLine
 62
3
  6
BYLAYER
 10
1525.8975277952
 20
32.2738559246
 11
1525.980715212
 21
32.335974915
  0
LINE
  5
340
100
AcDbEntity
  8
0
100
AcDbLine
 62
3
  6
BYLAYER
 10
1527.218817062
 20
31.1760975856
 11
1526.9478106121
 21
30.9946389997
  0
LINE
  5
341
100
AcDbEntity
  8
0
100
AcDbLine
 62
3
  6
BYLAYER
 10
1525.806943903
 20
32.2231265075
 11
1525.8975277952
 21
32.2738559246
  0
LINE
  5
342
100
AcDbEntity
  8
0
100
AcDbLine
 62
3
  6
BYLAYER
 10
1526.9478106121
 20
30.9946389997
 11
1526.6572272037
 21
30.846541069
  0
LINE
  5
343
100
AcDbEntity
  8
0
100
AcDbLine
 62
3
  6
BYLAYER
 10
1525.7105134509
 20
32.1846546581
 11
1525.806943903
 21
32.2231265075
  0
LINE
  5
344
100
AcDbEntity
  8
0
100
AcDbLine
 62
3
  6
BYLAYER
 10
1526.6572272037
 20
30.846541069
 11
1526.3511540903
 21
30.7338868919
  0
HATCH
  5
345
100
AcDbEntity
  8
0
100
AcDbHatch
 62
3
  6
BYLAYER
 10
0.0
 20
0.0
 30
0.0
210
0.0
220
0.0
230
1.0
  2
SOLID
 70
1
 71
1
 91
1
 92
1
 93
36
 72
1
 10
1525.7105134509
 20
32.1846546581
 11
1525.806943903
 21
32.2231265075
 72
1
 10
1525.806943903
 20
32.2231265075
 11
1525.8975277952
 21
32.2738559246
 72
1
 10
1525.8975277952
 20
32.2738559246
 11
1525.980715212
 21
32.335974915
 72
1
 10
1525.980715212
 20
32.335974915
 11
1526.0550827936
 21
32.4084206056
 72
1
 10
1526.0550827936
 20
32.4084206056
 11
1526.1193580901
 21
32.4899534306
 72
1
 10
1526.1193580901
 20
32.4899534306
 11
1526.1724413334
 21
32.5791783406
 72
1
 10
1526.1724413334
 20
32.5791783406
 11
1526.2134242544
 21
32.6745686728
 72
1
 10
1526.2134242544
 20
32.6745686728
 11
1526.241605624
 21
32.7744922721
 72
1
 10
1526.241605624
 20
32.7744922721
 11
1527.3026757516
 21
37.7664313647
 72
1
 10
1527.3026757516
 20
37.7664313647
 11
1529.3026757516
 21
37.7664313647
 72
1
 10
1529.3026757516
 20
37.7664313647
 11
1528.2458921028
 21
32.7946585696
 72
1
 10
1528.2458921028
 20
32.7946585696
 11
1528.1592840261
 21
32.4802213654
 72
1
 10
1528.1592840261
 20
32.4802213654
 11
1528.036058792
 21
32.1782490885
 72
1
 10
1528.036058792
 20
32.1782490885
 11
1527.8779496474
 21
31.8929891848
 72
1
 10
1527.8779496474
 20
31.8929891848
 11
1527.6871805051
 21
31.6284540289
 72
1
 10
1527.6871805051
 20
31.6284540289
 11
1527.4664346631
 21
31.3883644882
 72
1
 10
1527.4664346631
 20
31.3883644882
 11
1527.218817062
 21
31.1760975856
 72
1
 10
1527.218817062
 20
31.1760975856
 11
1526.9478106121
 21
30.9946389997
 72
1
 10
1526.9478106121
 20
30.9946389997
 11
1526.6572272037
 21
30.846541069
 72
1
 10
1526.6572272037
 20
30.846541069
 11
1526.3511540903
 21
30.7338868919
 72
1
 10
1526.3511540903
 20
30.7338868919
 11
1526.033896399
 21
30.6582610261
 72
1
 10
1526.033896399
 20
30.6582610261
 11
1525.7099165751
 21
30.620727201
 72
1
 10
1525.7099165751
 20
30.620727201
 11
1525.3837716156
 21
30.6218133553
 72
1
 10
1525.3837716156
 20
30.6218133553
 11
1525.0600489716
 21
30.6615042116
 72
1
 10
1525.0600489716
 20
30.6615042116
 11
1524.7433020226
 21
30.739241491
 72
1
 10
1524.7433020226
 20
30.739241491
 11
1524.4379860301
 21
30.8539317655
 72
1
 10
1524.4379860301
 20
30.8539317655
 11
1524.1483954717
 21
31.0039618385
 72
1
 10
1524.1483954717
 20
31.0039618385
 11
1523.8786036358
 21
31.1872214347
 72
1
 10
1523.8786036358
 20
31.1872214347
 11
1523.6966519123
 21
31.3402429717
 72
1
 10
1523.6966519123
 20
31.3402429717
 11
1523.5285968275
 21
31.5084080959
 72
1
 10
1523.5285968275
 20
31.5084080959
 11
1523.3756944229
 21
31.6904599433
 72
1
 10
1523.3756944229
 20
31.6904599433
 11
1523.239087489
 21
31.8850378611
 72
1
 10
1523.239087489
 20
31.8850378611
 11
1523.119797024
 21
32.0906875765
 72
1
 10
1523.119797024
 20
32.0906875765
 11
1525.5067844792
 21
32.146895725
 72
1
 10
1525.5067844792
 20
32.146895725
 11
1525.6098863907
 21
32.1590986404
 72
1
 10
1525.6098863907
 20
32.1590986404
 11
1525.7105134509
 21
32.1846546581
 97
36
330
321
330
322
330
323
330
324
330
325
330
326
330
327
330
328
330
329
330
32A
330
32B
330
32C
330
32D
330
32E
330
32F
330
330
330
331
330
332
330
333
330
334
330
335
330
336
330
337
330
338
330
339
330
33A
330
33B
330
33C
330
33D
330
33E
330
33F
330
340
330
341
330
342
330
343
330
344
 75
0
 76
1
 98
1
 10
0.0
 20
0.0
  0
LINE
  5
346
100
AcDbEntity
  8
0
100
AcDbLine
 62
4
  6
BYLAYER
 10
1511.9356939609
 20
32.651154746
 11
1510.3520482263
 21
32.2489757526
  0
LINE
  5
347
100
AcDbEntity
  8
0
100
AcDbLine
 62
4
  6
BYLAYER
 10
1511.9356939609
 20
32.651154746
 11
1510.3520482263
 21
32.2489757526
  0
LINE
  5
348
100
AcDbEntity
  8
0
100
AcDbLine
 62
4
  6
BYLAYER
 10
1511.8201747302
 20
32.8857068996
 11
1511.9356939609
 21
32.651154746
  0
LINE
  5
349
100
AcDbEntity
  8
0
100
AcDbLine
 62
4
  6
BYLAYER
 10
1511.7875579744
 20
32.972560313
 11
1511.8201747302
 21
32.8857068996
  0
LINE
  5
34A
100
AcDbEntity
  8
0
100
AcDbLine
 62
4
  6
BYLAYER
 10
1510.3520482263
 20
32.2489757526
 11
1510.1892141523
 21
32.736234282
  0
LINE
  5
34B
100
AcDbEntity
  8
0
100
AcDbLine
 62
4
  6
BYLAYER
 10
1511.7132438003
 20
33.2474424901
 11
1511.7875579744
 21
32.972560313
  0
LINE
  5
34C
100
AcDbEntity
  8
0
100
AcDbLine
 62
4
  6
BYLAYER
 10
1510.1892141523
 20
32.736234282
 11
1510.1813663395
 21
32.76741442
  0
LINE
  5
34D
100
AcDbEntity
  8
0
100
AcDbLine
 62
4
  6
BYLAYER
 10
1510.1813663395
 20
32.76741442
 11
1511.7132438003
 21
33.2474424901
  0
HATCH
  5
34E
100
AcDbEntity
  8
0
100
AcDbHatch
 62
4
  6
BYLAYER
 10
0.0
 20
0.0
 30
0.0
210
0.0
220
0.0
230
1.0
  2
SOLID
 70
1
 71
1
 91
1
 92
1
 93
7
 72
1
 10
1510.3520482263
 20
32.2489757526
 11
1510.1892141523
 21
32.736234282
 72
1
 10
1510.1892141523
 20
32.736234282
 11
1510.1813663395
 21
32.76741442
 72
1
 10
1510.1813663395
 20
32.76741442
 11
1511.7132438003
 21
33.2474424901
 72
1
 10
1511.7132438003
 20
33.2474424901
 11
1511.7875579744
 21
32.972560313
 72
1
 10
1511.7875579744
 20
32.972560313
 11
1511.8201747302
 21
32.8857068996
 72
1
 10
1511.8201747302
 20
32.8857068996
 11
1511.9356939609
 21
32.651154746
 72
1
 10
1511.9356939609
 20
32.651154746
 11
1510.3520482263
 21
32.2489757526
 97
7
330
347
330
348
330
349
330
34A
330
34B
330
34C
330
34D
 75
0
 76
1
 98
1
 10
0.0
 20
0.0
  0
LINE
  5
34F
100
AcDbEntity
  8
0
100
AcDbLine
 62
4
  6
BYLAYER
 10
1510.3520482263
 20
32.2489757526
 11
1511.9356939609
 21
32.651154746
  0
LINE
  5
350
100
AcDbEntity
  8
0
100
AcDbLine
 62
4
  6
BYLAYER
 10
1512.3819703639
 20
32.1791128393
 11
1510.5766659657
 21
31.8063194165
  0
LINE
  5
351
100
AcDbEntity
  8
0
100
AcDbLine
 62
4
  6
BYLAYER
 10
1512.2026194637
 20
32.3178128485
 11
1512.3819703639
 21
32.1791128393
  0
LINE
  5
352
100
AcDbEntity
  8
0
100
AcDbLine
 62
4
  6
BYLAYER
 10
1512.1364024625
 20
32.3832403211
 11
1512.2026194637
 21
32.3178128485
  0
LINE
  5
353
100
AcDbEntity
  8
0
100
AcDbLine
 62
4
  6
BYLAYER
 10
1511.9860598709
 20
32.5715028371
 11
1512.1364024625
 21
32.3832403211
  0
LINE
  5
354
100
AcDbEntity
  8
0
100
AcDbLine
 62
4
  6
BYLAYER
 10
1511.9356939609
 20
32.651154746
 11
1511.9860598709
 21
32.5715028371
  0
LINE
  5
355
100
AcDbEntity
  8
0
100
AcDbLine
 62
4
  6
BYLAYER
 10
1510.5766659657
 20
31.8063194165
 11
1510.3520482263
 21
32.2489757526
  0
HATCH
  5
356
100
AcDbEntity
  8
0
100
AcDbHatch
 62
4
  6
BYLAYER
 10
0.0
 20
0.0
 30
0.0
210
0.0
220
0.0
230
1.0
  2
SOLID
 70
1
 71
1
 91
1
 92
1
 93
7
 72
1
 10
1511.9356939609
 20
32.651154746
 11
1511.9860598709
 21
32.5715028371
 72
1
 10
1511.9860598709
 20
32.5715028371
 11
1512.1364024625
 21
32.3832403211
 72
1
 10
1512.1364024625
 20
32.3832403211
 11
1512.2026194637
 21
32.3178128485
 72
1
 10
1512.2026194637
 20
32.3178128485
 11
1512.3819703639
 21
32.1791128393
 72
1
 10
1512.3819703639
 20
32.1791128393
 11
1510.5766659657
 21
31.8063194165
 72
1
 10
1510.5766659657
 20
31.8063194165
 11
1510.3520482263
 21
32.2489757526
 72
1
 10
1510.3520482263
 20
32.2489757526
 11
1511.9356939609
 21
32.651154746
 97
7
330
34F
330
350
330
351
330
352
330
353
330
354
330
355
 75
0
 76
1
 98
1
 10
0.0
 20
0.0
  0
LINE
  5
357
100
AcDbEntity
  8
0
100
AcDbLine
 62
3
  6
BYLAYER
 10
1526.3511540903
 20
30.7338868919
 11
1526.033896399
 21
30.6582610261
  0
LINE
  5
358
100
AcDbEntity
  8
0
100
AcDbLine
 62
4
  6
BYLAYER
 10
1512.4733067715
 20
35.6156791989
 11
1510.3094656895
 21
35.1125544567
  0
LINE
  5
359
100
AcDbEntity
  8
0
100
AcDbLine
 62
4
  6
BYLAYER
 10
1512.4733067715
 20
35.6156791989
 11
1510.3094656895
 21
35.1125544567
  0
LINE
  5
35A
100
AcDbEntity
  8
0
100
AcDbLine
 62
4
  6
BYLAYER
 10
1510.5363124701
 20
35.6477423642
 11
1513.0012396516
 21
35.9711618778
  0
LINE
  5
35B
100
AcDbEntity
  8
0
100
AcDbLine
 62
4
  6
BYLAYER
 10
1510.3094656895
 20
35.1125544567
 11
1510.5363124701
 21
35.6477423642
  0
LINE
  5
35C
100
AcDbEntity
  8
0
100
AcDbLine
 62
4
  6
BYLAYER
 10
1512.6937300971
 20
35.7959942927
 11
1512.4733067715
 21
35.6156791989
  0
LINE
  5
35D
100
AcDbEntity
  8
0
100
AcDbLine
 62
4
  6
BYLAYER
 10
1512.7708608143
 20
35.8476851622
 11
1512.6937300971
 21
35.7959942927
  0
LINE
  5
35E
100
AcDbEntity
  8
0
100
AcDbLine
 62
4
  6
BYLAYER
 10
1513.0012396516
 20
35.9711618778
 11
1512.7708608143
 21
35.8476851622
  0
HATCH
  5
35F
100
AcDbEntity
  8
0
100
AcDbHatch
 62
4
  6
BYLAYER
 10
0.0
 20
0.0
 30
0.0
210
0.0
220
0.0
230
1.0
  2
SOLID
 70
1
 71
1
 91
1
 92
1
 93
6
 72
1
 10
1510.3094656895
 20
35.1125544567
 11
1510.5363124701
 21
35.6477423642
 72
1
 10
1510.5363124701
 20
35.6477423642
 11
1513.0012396516
 21
35.9711618778
 72
1
 10
1513.0012396516
 20
35.9711618778
 11
1512.7708608143
 21
35.8476851622
 72
1
 10
1512.7708608143
 20
35.8476851622
 11
1512.6937300971
 21
35.7959942927
 72
1
 10
1512.6937300971
 20
35.7959942927
 11
1512.4733067715
 21
35.6156791989
 72
1
 10
1512.4733067715
 20
35.6156791989
 11
1510.3094656895
 21
35.1125544567
 97
6
330
359
330
35A
330
35B
330
35C
330
35D
330
35E
 75
0
 76
1
 98
1
 10
0.0
 20
0.0
  0
LINE
  5
360
100
AcDbEntity
  8
0
100
AcDbLine
 62
4
  6
BYLAYER
 10
1510.3094656895
 20
35.1125544567
 11
1512.4733067715
 21
35.6156791989
  0
LINE
  5
361
100
AcDbEntity
  8
0
100
AcDbLine
 62
4
  6
BYLAYER
 10
1511.9897160929
 20
34.9751278761
 11
1510.2136233592
 21
34.7990910648
  0
LINE
  5
362
100
AcDbEntity
  8
0
100
AcDbLine
 62
4
  6
BYLAYER
 10
1510.2136233592
 20
34.7990910648
 11
1510.3094656895
 21
35.1125544567
  0
LINE
  5
363
100
AcDbEntity
  8
0
100
AcDbLine
 62
4
  6
BYLAYER
 10
1512.1599523942
 20
35.2528896133
 11
1511.9897160929
 21
34.9751278761
  0
LINE
  5
364
100
AcDbEntity
  8
0
100
AcDbLine
 62
4
  6
BYLAYER
 10
1512.2092698732
 20
35.3205872581
 11
1512.1599523942
 21
35.2528896133
  0
LINE
  5
365
100
AcDbEntity
  8
0
100
AcDbLine
 62
4
  6
BYLAYER
 10
1512.4096621541
 20
35.5534634295
 11
1512.2092698732
 21
35.3205872581
  0
LINE
  5
366
100
AcDbEntity
  8
0
100
AcDbLine
 62
4
  6
BYLAYER
 10
1512.4733067715
 20
35.6156791989
 11
1512.4096621541
 21
35.5534634295
  0
HATCH
  5
367
100
AcDbEntity
  8
0
100
AcDbHatch
 62
4
  6
BYLAYER
 10
0.0
 20
0.0
 30
0.0
210
0.0
220
0.0
230
1.0
  2
SOLID
 70
1
 71
1
 91
1
 92
1
 93
7
 72
1
 10
1512.4733067715
 20
35.6156791989
 11
1512.4096621541
 21
35.5534634295
 72
1
 10
1512.4096621541
 20
35.5534634295
 11
1512.2092698732
 21
35.3205872581
 72
1
 10
1512.2092698732
 20
35.3205872581
 11
1512.1599523942
 21
35.2528896133
 72
1
 10
1512.1599523942
 20
35.2528896133
 11
1511.9897160929
 21
34.9751278761
 72
1
 10
1511.9897160929
 20
34.9751278761
 11
1510.2136233592
 21
34.7990910648
 72
1
 10
1510.2136233592
 20
34.7990910648
 11
1510.3094656895
 21
35.1125544567
 72
1
 10
1510.3094656895
 20
35.1125544567
 11
1512.4733067715
 21
35.6156791989
 97
7
330
360
330
361
330
362
330
363
330
364
330
365
330
366
 75
0
 76
1
 98
1
 10
0.0
 20
0.0
  0
LINE
  5
368
100
AcDbEntity
  8
0
100
AcDbLine
 62
4
  6
BYLAYER
 10
1512.7761451289
 20
37.5861770662
 11
1513.1317263051
 21
37.6630592368
  0
LINE
  5
369
100
AcDbEntity
  8
0
100
AcDbLine
 62
4
  6
BYLAYER
 10
1512.7761451289
 20
37.5861770662
 11
1513.1317263051
 21
37.6630592368
  0
LINE
  5
36A
100
AcDbEntity
  8
0
100
AcDbLine
 62
4
  6
BYLAYER
 10
1516.4918192246
 20
33.7622259555
 11
1514.8283737874
 21
33.6298090555
  0
LINE
  5
36B
100
AcDbEntity
  8
0
100
AcDbLine
 62
4
  6
BYLAYER
 10
1513.1317263051
 20
37.6630592368
 11
1513.5965347427
 21
37.6969428543
  0
LINE
  5
36C
100
AcDbEntity
  8
0
100
AcDbLine
 62
4
  6
BYLAYER
 10
1513.6388672049
 20
36.0953282698
 11
1510.7346197067
 21
35.9984666762
  0
LINE
  5
36D
100
AcDbEntity
  8
0
100
AcDbLine
 62
4
  6
BYLAYER
 10
1513.5965347427
 20
37.6969428543
 11
1513.9843799387
 21
37.6670164256
  0
LINE
  5
36E
100
AcDbEntity
  8
0
100
AcDbLine
 62
4
  6
BYLAYER
 10
1513.7281312118
 20
36.0873472376
 11
1513.6388672049
 21
36.0953282698
  0
LINE
  5
36F
100
AcDbEntity
  8
0
100
AcDbLine
 62
4
  6
BYLAYER
 10
1513.9444815343
 20
36.0395554319
 11
1513.7281312118
 21
36.0873472376
  0
LINE
  5
370
100
AcDbEntity
  8
0
100
AcDbLine
 62
4
  6
BYLAYER
 10
1513.9843799387
 20
37.6670164256
 11
1514.4334309569
 21
37.5630148052
  0
LINE
  5
371
100
AcDbEntity
  8
0
100
AcDbLine
 62
4
  6
BYLAYER
 10
1514.4334309569
 20
37.5630148052
 11
1514.8464829142
 21
37.3929210972
  0
LINE
  5
372
100
AcDbEntity
  8
0
100
AcDbLine
 62
4
  6
BYLAYER
 10
1514.1482354917
 20
35.9525161101
 11
1513.9444815343
 21
36.0395554319
  0
LINE
  5
373
100
AcDbEntity
  8
0
100
AcDbLine
 62
4
  6
BYLAYER
 10
1514.2254717989
 20
35.9070593979
 11
1514.1482354917
 21
35.9525161101
  0
LINE
  5
374
100
AcDbEntity
  8
0
100
AcDbLine
 62
4
  6
BYLAYER
 10
1514.8464829142
 20
37.3929210972
 11
1515.2366241896
 21
37.1522251328
  0
LINE
  5
375
100
AcDbEntity
  8
0
100
AcDbLine
 62
4
  6
BYLAYER
 10
1514.4046421967
 20
35.768539156
 11
1514.2254717989
 21
35.9070593979
  0
LINE
  5
376
100
AcDbEntity
  8
0
100
AcDbLine
 62
4
  6
BYLAYER
 10
1515.2366241896
 20
37.1522251328
 11
1515.5934041409
 21
36.8432697647
  0
LINE
  5
377
100
AcDbEntity
  8
0
100
AcDbLine
 62
4
  6
BYLAYER
 10
1514.4710397003
 20
35.7029319162
 11
1514.4046421967
 21
35.768539156
  0
LINE
  5
378
100
AcDbEntity
  8
0
100
AcDbLine
 62
4
  6
BYLAYER
 10
1515.5934041409
 20
36.8432697647
 11
1515.8573352412
 21
36.5366147123
  0
LINE
  5
379
100
AcDbEntity
  8
0
100
AcDbLine
 62
4
  6
BYLAYER
 10
1514.6214678357
 20
35.5145355144
 11
1514.4710397003
 21
35.7029319162
  0
LINE
  5
37A
100
AcDbEntity
  8
0
100
AcDbLine
 62
4
  6
BYLAYER
 10
1515.8573352412
 20
36.5366147123
 11
1516.1187886309
 21
36.1253484061
  0
LINE
  5
37B
100
AcDbEntity
  8
0
100
AcDbLine
 62
4
  6
BYLAYER
 10
1514.6717482019
 20
35.4350174912
 11
1514.6214678357
 21
35.5145355144
  0
LINE
  5
37C
100
AcDbEntity
  8
0
100
AcDbLine
 62
4
  6
BYLAYER
 10
1514.7872409775
 20
35.2005343853
 11
1514.6717482019
 21
35.4350174912
  0
LINE
  5
37D
100
AcDbEntity
  8
0
100
AcDbLine
 62
4
  6
BYLAYER
 10
1516.1187886309
 20
36.1253484061
 11
1516.3216598938
 21
35.6659719195
  0
LINE
  5
37E
100
AcDbEntity
  8
0
100
AcDbLine
 62
4
  6
BYLAYER
 10
1514.8198841884
 20
35.1136119243
 11
1514.7872409775
 21
35.2005343853
  0
LINE
  5
37F
100
AcDbEntity
  8
0
100
AcDbLine
 62
4
  6
BYLAYER
 10
1516.3216598938
 20
35.6659719195
 11
1516.4055912455
 21
35.3978894794
  0
LINE
  5
380
100
AcDbEntity
  8
0
100
AcDbLine
 62
4
  6
BYLAYER
 10
1514.8942038582
 20
34.8387000069
 11
1514.8198841884
 21
35.1136119243
  0
LINE
  5
381
100
AcDbEntity
  8
0
100
AcDbLine
 62
4
  6
BYLAYER
 10
1516.4055912455
 20
35.3978894794
 11
1516.5082144102
 21
34.8737199643
  0
LINE
  5
382
100
AcDbEntity
  8
0
100
AcDbLine
 62
4
  6
BYLAYER
 10
1514.909754877
 20
34.751066651
 11
1514.8942038582
 21
34.8387000069
  0
LINE
  5
383
100
AcDbEntity
  8
0
100
AcDbLine
 62
4
  6
BYLAYER
 10
1514.9371969322
 20
34.4450677772
 11
1514.909754877
 21
34.751066651
  0
LINE
  5
384
100
AcDbEntity
  8
0
100
AcDbLine
 62
4
  6
BYLAYER
 10
1516.5082144102
 20
34.8737199643
 11
1516.5378234853
 21
34.3259056813
  0
LINE
  5
385
100
AcDbEntity
  8
0
100
AcDbLine
 62
4
  6
BYLAYER
 10
1514.9379065875
 20
34.3613140828
 11
1514.9371969322
 21
34.4450677772
  0
LINE
  5
386
100
AcDbEntity
  8
0
100
AcDbLine
 62
4
  6
BYLAYER
 10
1512.3208156774
 20
37.4195951486
 11
1512.7761451289
 21
37.5861770662
  0
LINE
  5
387
100
AcDbEntity
  8
0
100
AcDbLine
 62
4
  6
BYLAYER
 10
1514.9147039301
 20
34.0363623658
 11
1514.9379065875
 21
34.3613140828
  0
LINE
  5
388
100
AcDbEntity
  8
0
100
AcDbLine
 62
4
  6
BYLAYER
 10
1516.5378234853
 20
34.3259056813
 11
1516.4918192246
 21
33.7622259555
  0
LINE
  5
389
100
AcDbEntity
  8
0
100
AcDbLine
 62
4
  6
BYLAYER
 10
1514.9032574655
 20
33.9593321925
 11
1514.9147039301
 21
34.0363623658
  0
LINE
  5
38A
100
AcDbEntity
  8
0
100
AcDbLine
 62
4
  6
BYLAYER
 10
1514.8283737874
 20
33.6298090555
 11
1514.9032574655
 21
33.9593321925
  0
LINE
  5
38B
100
AcDbEntity
  8
0
100
AcDbLine
 62
4
  6
BYLAYER
 10
1510.7346197067
 20
35.9984666762
 11
1511.0611724878
 21
36.4468151947
  0
LINE
  5
38C
100
AcDbEntity
  8
0
100
AcDbLine
 62
4
  6
BYLAYER
 10
1511.0611724878
 20
36.4468151947
 11
1511.4360840672
 21
36.835394344
  0
LINE
  5
38D
100
AcDbEntity
  8
0
100
AcDbLine
 62
4
  6
BYLAYER
 10
1511.4360840672
 20
36.835394344
 11
1511.4723265016
 21
36.8675905729
  0
LINE
  5
38E
100
AcDbEntity
  8
0
100
AcDbLine
 62
4
  6
BYLAYER
 10
1511.4723265016
 20
36.8675905729
 11
1511.8837998992
 21
37.1795375633
  0
LINE
  5
38F
100
AcDbEntity
  8
0
100
AcDbLine
 62
4
  6
BYLAYER
 10
1511.8837998992
 20
37.1795375633
 11
1512.3208156774
 21
37.4195951486
  0
HATCH
  5
390
100
AcDbEntity
  8
0
100
AcDbHatch
 62
4
  6
BYLAYER
 10
0.0
 20
0.0
 30
0.0
210
0.0
220
0.0
230
1.0
  2
SOLID
 70
1
 71
1
 91
1
 92
1
 93
39
 72
1
 10
1513.1317263051
 20
37.6630592368
 11
1513.5965347427
 21
37.6969428543
 72
1
 10
1513.5965347427
 20
37.6969428543
 11
1513.9843799387
 21
37.6670164256
 72
1
 10
1513.9843799387
 20
37.6670164256
 11
1514.4334309569
 21
37.5630148052
 72
1
 10
1514.4334309569
 20
37.5630148052
 11
1514.8464829142
 21
37.3929210972
 72
1
 10
1514.8464829142
 20
37.3929210972
 11
1515.2366241896
 21
37.1522251328
 72
1
 10
1515.2366241896
 20
37.1522251328
 11
1515.5934041409
 21
36.8432697647
 72
1
 10
1515.5934041409
 20
36.8432697647
 11
1515.8573352412
 21
36.5366147123
 72
1
 10
1515.8573352412
 20
36.5366147123
 11
1516.1187886309
 21
36.1253484061
 72
1
 10
1516.1187886309
 20
36.1253484061
 11
1516.3216598938
 21
35.6659719195
 72
1
 10
1516.3216598938
 20
35.6659719195
 11
1516.4055912455
 21
35.3978894794
 72
1
 10
1516.4055912455
 20
35.3978894794
 11
1516.5082144102
 21
34.8737199643
 72
1
 10
1516.5082144102
 20
34.8737199643
 11
1516.5378234853
 21
34.3259056813
 72
1
 10
1516.5378234853
 20
34.3259056813
 11
1516.4918192246
 21
33.7622259555
 72
1
 10
1516.4918192246
 20
33.7622259555
 11
1514.8283737874
 21
33.6298090555
 72
1
 10
1514.8283737874
 20
33.6298090555
 11
1514.9032574655
 21
33.9593321925
 72
1
 10
1514.9032574655
 20
33.9593321925
 11
1514.9147039301
 21
34.0363623658
 72
1
 10
1514.9147039301
 20
34.0363623658
 11
1514.9379065875
 21
34.3613140828
 72
1
 10
1514.9379065875
 20
34.3613140828
 11
1514.9371969322
 21
34.4450677772
 72
1
 10
1514.9371969322
 20
34.4450677772
 11
1514.909754877
 21
34.751066651
 72
1
 10
1514.909754877
 20
34.751066651
 11
1514.8942038582
 21
34.8387000069
 72
1
 10
1514.8942038582
 20
34.8387000069
 11
1514.8198841884
 21
35.1136119243
 72
1
 10
1514.8198841884
 20
35.1136119243
 11
1514.7872409775
 21
35.2005343853
 72
1
 10
1514.7872409775
 20
35.2005343853
 11
1514.6717482019
 21
35.4350174912
 72
1
 10
1514.6717482019
 20
35.4350174912
 11
1514.6214678357
 21
35.5145355144
 72
1
 10
1514.6214678357
 20
35.5145355144
 11
1514.4710397003
 21
35.7029319162
 72
1
 10
1514.4710397003
 20
35.7029319162
 11
1514.4046421967
 21
35.768539156
 72
1
 10
1514.4046421967
 20
35.768539156
 11
1514.2254717989
 21
35.9070593979
 72
1
 10
1514.2254717989
 20
35.9070593979
 11
1514.1482354917
 21
35.9525161101
 72
1
 10
1514.1482354917
 20
35.9525161101
 11
1513.9444815343
 21
36.0395554319
 72
1
 10
1513.9444815343
 20
36.0395554319
 11
1513.7281312118
 21
36.0873472376
 72
1
 10
1513.7281312118
 20
36.0873472376
 11
1513.6388672049
 21
36.0953282698
 72
1
 10
1513.6388672049
 20
36.0953282698
 11
1510.7346197067
 21
35.9984666762
 72
1
 10
1510.7346197067
 20
35.9984666762
 11
1511.0611724878
 21
36.4468151947
 72
1
 10
1511.0611724878
 20
36.4468151947
 11
1511.4360840672
 21
36.835394344
 72
1
 10
1511.4360840672
 20
36.835394344
 11
1511.4723265016
 21
36.8675905729
 72
1
 10
1511.4723265016
 20
36.8675905729
 11
1511.8837998992
 21
37.1795375633
 72
1
 10
1511.8837998992
 20
37.1795375633
 11
1512.3208156774
 21
37.4195951486
 72
1
 10
1512.3208156774
 20
37.4195951486
 11
1512.7761451289
 21
37.5861770662
 72
1
 10
1512.7761451289
 20
37.5861770662
 11
1513.1317263051
 21
37.6630592368
 97
39
330
369
330
36A
330
36B
330
36C
330
36D
330
36E
330
36F
330
370
330
371
330
372
330
373
330
374
330
375
330
376
330
377
330
378
330
379
330
37A
330
37B
330
37C
330
37D
330
37E
330
37F
330
380
330
381
330
382
330
383
330
384
330
385
330
386
330
387
330
388
330
389
330
38A
330
38B
330
38C
330
38D
330
38E
330
38F
 75
0
 76
1
 98
1
 10
0.0
 20
0.0
  0
LINE
  5
391
100
AcDbEntity
  8
0
100
AcDbLine
 62
4
  6
BYLAYER
 10
1511.8233287049
 20
34.5942686801
 11
1510.1027761118
 21
34.2305018528
  0
LINE
  5
392
100
AcDbEntity
  8
0
100
AcDbLine
 62
4
  6
BYLAYER
 10
1511.8233287049
 20
34.5942686801
 11
1510.1027761118
 21
34.2305018528
  0
LINE
  5
393
100
AcDbEntity
  8
0
100
AcDbLine
 62
4
  6
BYLAYER
 10
1510.2136233592
 20
34.7990910648
 11
1511.9897160929
 21
34.9751278761
  0
LINE
  5
394
100
AcDbEntity
  8
0
100
AcDbLine
 62
4
  6
BYLAYER
 10
1510.1027761118
 20
34.2305018528
 11
1510.2136233592
 21
34.7990910648
  0
LINE
  5
395
100
AcDbEntity
  8
0
100
AcDbLine
 62
4
  6
BYLAYER
 10
1511.9541970236
 20
34.9058237272
 11
1511.8233287049
 21
34.5942686801
  0
LINE
  5
396
100
AcDbEntity
  8
0
100
AcDbLine
 62
4
  6
BYLAYER
 10
1511.9897160929
 20
34.9751278761
 11
1511.9541970236
 21
34.9058237272
  0
HATCH
  5
397
100
AcDbEntity
  8
0
100
AcDbHatch
 62
4
  6
BYLAYER
 10
0.0
 20
0.0
 30
0.0
210
0.0
220
0.0
230
1.0
  2
SOLID
 70
1
 71
1
 91
1
 92
1
 93
5
 72
1
 10
1510.1027761118
 20
34.2305018528
 11
1510.2136233592
 21
34.7990910648
 72
1
 10
1510.2136233592
 20
34.7990910648
 11
1511.9897160929
 21
34.9751278761
 72
1
 10
1511.9897160929
 20
34.9751278761
 11
1511.9541970236
 21
34.9058237272
 72
1
 10
1511.9541970236
 20
34.9058237272
 11
1511.8233287049
 21
34.5942686801
 72
1
 10
1511.8233287049
 20
34.5942686801
 11
1510.1027761118
 21
34.2305018528
 97
5
330
392
330
393
330
394
330
395
330
396
 75
0
 76
1
 98
1
 10
0.0
 20
0.0
  0
LINE
  5
398
100
AcDbEntity
  8
0
100
AcDbLine
 62
4
  6
BYLAYER
 10
1510.1027761118
 20
34.2305018528
 11
1511.8233287049
 21
34.5942686801
  0
LINE
  5
399
100
AcDbEntity
  8
0
100
AcDbLine
 62
4
  6
BYLAYER
 10
1511.7041846974
 20
34.1268400448
 11
1510.0718317531
 21
33.8471883814
  0
LINE
  5
39A
100
AcDbEntity
  8
0
100
AcDbLine
 62
4
  6
BYLAYER
 10
1510.0718317531
 20
33.8471883814
 11
1510.1027761118
 21
34.2305018528
  0
LINE
  5
39B
100
AcDbEntity
  8
0
100
AcDbLine
 62
4
  6
BYLAYER
 10
1511.7790686884
 20
34.4563642111
 11
1511.7041846974
 21
34.1268400448
  0
LINE
  5
39C
100
AcDbEntity
  8
0
100
AcDbLine
 62
4
  6
BYLAYER
 10
1511.8003031056
 20
34.5256033187
 11
1511.7790686884
 21
34.4563642111
  0
LINE
  5
39D
100
AcDbEntity
  8
0
100
AcDbLine
 62
4
  6
BYLAYER
 10
1511.8233287049
 20
34.5942686801
 11
1511.8003031056
 21
34.5256033187
  0
HATCH
  5
39E
100
AcDbEntity
  8
0
100
AcDbHatch
 62
4
  6
BYLAYER
 10
0.0
 20
0.0
 30
0.0
210
0.0
220
0.0
230
1.0
  2
SOLID
 70
1
 71
1
 91
1
 92
1
 93
6
 72
1
 10
1511.8233287049
 20
34.5942686801
 11
1511.8003031056
 21
34.5256033187
 72
1
 10
1511.8003031056
 20
34.5256033187
 11
1511.7790686884
 21
34.4563642111
 72
1
 10
1511.7790686884
 20
34.4563642111
 11
1511.7041846974
 21
34.1268400448
 72
1
 10
1511.7041846974
 20
34.1268400448
 11
1510.0718317531
 21
33.8471883814
 72
1
 10
1510.0718317531
 20
33.8471883814
 11
1510.1027761118
 21
34.2305018528
 72
1
 10
1510.1027761118
 20
34.2305018528
 11
1511.8233287049
 21
34.5942686801
 97
6
330
398
330
399
330
39A
330
39B
330
39C
330
39D
 75
0
 76
1
 98
1
 10
0.0
 20
0.0
  0
LINE
  5
39F
100
AcDbEntity
  8
0
100
AcDbLine
 62
7
  6
BYLAYER
 10
1547.6623627375
 20
79.6545352722
 11
1560.7433307375
 21
82.3750012722
  0
LINE
  5
3A0
100
AcDbEntity
  8
0
100
AcDbLine
 62
4
  6
BYLAYER
 10
1512.3819703639
 20
32.1791128393
 11
1510.5766659657
 21
31.8063194165
  0
LINE
  5
3A1
100
AcDbEntity
  8
0
100
AcDbLine
 62
4
  6
BYLAYER
 10
1510.5766659657
 20
31.8063194165
 11
1512.3819703639
 21
32.1791128393
  0
LINE
  5
3A2
100
AcDbEntity
  8
0
100
AcDbLine
 62
4
  6
BYLAYER
 10
1513.1951439758
 20
31.999265275
 11
1510.5766659657
 21
31.8063194165
  0
LINE
  5
3A3
100
AcDbEntity
  8
0
100
AcDbLine
 62
4
  6
BYLAYER
 10
1512.968574958
 20
31.9908439675
 11
1513.1951439758
 21
31.999265275
  0
LINE
  5
3A4
100
AcDbEntity
  8
0
100
AcDbLine
 62
4
  6
BYLAYER
 10
1512.8793884768
 20
31.998800118
 11
1512.968574958
 21
31.9908439675
  0
LINE
  5
3A5
100
AcDbEntity
  8
0
100
AcDbLine
 62
4
  6
BYLAYER
 10
1512.6629606285
 20
32.0466168054
 11
1512.8793884768
 21
31.998800118
  0
LINE
  5
3A6
100
AcDbEntity
  8
0
100
AcDbLine
 62
4
  6
BYLAYER
 10
1512.4591291453
 20
32.1336810088
 11
1512.6629606285
 21
32.0466168054
  0
LINE
  5
3A7
100
AcDbEntity
  8
0
100
AcDbLine
 62
4
  6
BYLAYER
 10
1512.3819703639
 20
32.1791128393
 11
1512.4591291453
 21
32.1336810088
  0
HATCH
  5
3A8
100
AcDbEntity
  8
0
100
AcDbHatch
 62
4
  6
BYLAYER
 10
0.0
 20
0.0
 30
0.0
210
0.0
220
0.0
230
1.0
  2
SOLID
 70
1
 71
1
 91
1
 92
1
 93
7
 72
1
 10
1512.3819703639
 20
32.1791128393
 11
1512.4591291453
 21
32.1336810088
 72
1
 10
1512.4591291453
 20
32.1336810088
 11
1512.6629606285
 21
32.0466168054
 72
1
 10
1512.6629606285
 20
32.0466168054
 11
1512.8793884768
 21
31.998800118
 72
1
 10
1512.8793884768
 20
31.998800118
 11
1512.968574958
 21
31.9908439675
 72
1
 10
1512.968574958
 20
31.9908439675
 11
1513.1951439758
 21
31.999265275
 72
1
 10
1513.1951439758
 20
31.999265275
 11
1510.5766659657
 21
31.8063194165
 72
1
 10
1510.5766659657
 20
31.8063194165
 11
1512.3819703639
 21
32.1791128393
 97
7
330
3A1
330
3A2
330
3A3
330
3A4
330
3A5
330
3A6
330
3A7
 75
0
 76
1
 98
1
 10
0.0
 20
0.0
  0
LINE
  5
3A9
100
AcDbEntity
  8
0
100
AcDbLine
 62
4
  6
BYLAYER
 10
1511.7041846974
 20
34.1268400448
 11
1510.0718317531
 21
33.8471883814
  0
LINE
  5
3AA
100
AcDbEntity
  8
0
100
AcDbLine
 62
4
  6
BYLAYER
 10
1513.7519029369
 20
30.478981032
 11
1513.2838330844
 21
30.4002372207
  0
LINE
  5
3AB
100
AcDbEntity
  8
0
100
AcDbLine
 62
4
  6
BYLAYER
 10
1513.1951439758
 20
31.999265275
 11
1513.287068765
 21
32.0139376445
  0
LINE
  5
3AC
100
AcDbEntity
  8
0
100
AcDbLine
 62
4
  6
BYLAYER
 10
1513.4125495926
 20
36.0869481104
 11
1513.3203733978
 21
36.0722345927
  0
LWPOLYLINE
  5
3AD
100
AcDbEntity
  8
0
100
AcDbPolyline
 62
7
  6
BYLAYER
 90
2
 70
0
 43
0.6
 10
221.0
 20
28.0
 10
221.0
 20
20.0
  0
LWPOLYLINE
  5
3AE
100
AcDbEntity
  8
0
100
AcDbPolyline
 62
7
  6
BYLAYER
 90
2
 70
0
 43
0.6
 10
221.0
 20
1080.0
 10
221.0
 20
1088.0
  0
LINE
  5
3AF
100
AcDbEntity
  8
0
100
AcDbLine
 62
4
  6
BYLAYER
 10
1513.0012396516
 20
35.9711618778
 11
1510.5363124701
 21
35.6477423642
  0
LINE
  5
3B0
100
AcDbEntity
  8
0
100
AcDbLine
 62
3
  6
BYLAYER
 10
1525.5067844792
 20
32.146895725
 11
1525.6098863907
 21
32.1590986404
  0
LINE
  5
3B1
100
AcDbEntity
  8
0
100
AcDbLine
 62
3
  6
BYLAYER
 10
1526.033896399
 20
30.6582610261
 11
1525.7099165751
 21
30.620727201
  0
LINE
  5
3B2
100
AcDbEntity
  8
0
100
AcDbLine
 62
3
  6
BYLAYER
 10
1524.7995883254
 20
32.5072301632
 11
1523.0187146032
 21
32.3058720664
  0
LINE
  5
3B3
100
AcDbEntity
  8
0
100
AcDbLine
 62
3
  6
BYLAYER
 10
1524.7995883254
 20
32.5072301632
 11
1523.0187146032
 21
32.3058720664
  0
LINE
  5
3B4
100
AcDbEntity
  8
0
100
AcDbLine
 62
3
  6
BYLAYER
 10
1522.9365957153
 20
32.528983045
 11
1524.7103870589
 21
32.6942445075
  0
LINE
  5
3B5
100
AcDbEntity
  8
0
100
AcDbLine
 62
3
  6
BYLAYER
 10
1524.7488589083
 20
32.5978140554
 11
1524.7995883254
 21
32.5072301632
  0
LINE
  5
3B6
100
AcDbEntity
  8
0
100
AcDbLine
 62
3
  6
BYLAYER
 10
1524.7103870589
 20
32.6942445075
 11
1524.7488589083
 21
32.5978140554
  0
LINE
  5
3B7
100
AcDbEntity
  8
0
100
AcDbLine
 62
3
  6
BYLAYER
 10
1523.0187146032
 20
32.3058720664
 11
1522.9365957153
 21
32.528983045
  0
HATCH
  5
3B8
100
AcDbEntity
  8
0
100
AcDbHatch
 62
3
  6
BYLAYER
 10
0.0
 20
0.0
 30
0.0
210
0.0
220
0.0
230
1.0
  2
SOLID
 70
1
 71
1
 91
1
 92
1
 93
5
 72
1
 10
1523.0187146032
 20
32.3058720664
 11
1522.9365957153
 21
32.528983045
 72
1
 10
1522.9365957153
 20
32.528983045
 11
1524.7103870589
 21
32.6942445075
 72
1
 10
1524.7103870589
 20
32.6942445075
 11
1524.7488589083
 21
32.5978140554
 72
1
 10
1524.7488589083
 20
32.5978140554
 11
1524.7995883254
 21
32.5072301632
 72
1
 10
1524.7995883254
 20
32.5072301632
 11
1523.0187146032
 21
32.3058720664
 97
5
330
3B3
330
3B4
330
3B5
330
3B6
330
3B7
 75
0
 76
1
 98
1
 10
0.0
 20
0.0
  0
LINE
  5
3B9
100
AcDbEntity
  8
0
100
AcDbLine
 62
3
  6
BYLAYER
 10
1523.0187146032
 20
32.3058720664
 11
1524.7995883254
 21
32.5072301632
  0
LINE
  5
3BA
100
AcDbEntity
  8
0
100
AcDbLine
 62
3
  6
BYLAYER
 10
1525.0156858314
 20
32.2853998683
 11
1523.119797024
 21
32.0906875765
  0
LINE
  5
3BB
100
AcDbEntity
  8
0
100
AcDbLine
 62
3
  6
BYLAYER
 10
1524.9341530065
 20
32.3496751648
 11
1525.0156858314
 21
32.2853998683
  0
LINE
  5
3BC
100
AcDbEntity
  8
0
100
AcDbLine
 62
3
  6
BYLAYER
 10
1524.8617073159
 20
32.4240427464
 11
1524.9341530065
 21
32.3496751648
  0
LINE
  5
3BD
100
AcDbEntity
  8
0
100
AcDbLine
 62
3
  6
BYLAYER
 10
1524.7995883254
 20
32.5072301632
 11
1524.8617073159
 21
32.4240427464
  0
LINE
  5
3BE
100
AcDbEntity
  8
0
100
AcDbLine
 62
3
  6
BYLAYER
 10
1523.119797024
 20
32.0906875765
 11
1523.0187146032
 21
32.3058720664
  0
HATCH
  5
3BF
100
AcDbEntity
  8
0
100
AcDbHatch
 62
3
  6
BYLAYER
 10
0.0
 20
0.0
 30
0.0
210
0.0
220
0.0
230
1.0
  2
SOLID
 70
1
 71
1
 91
1
 92
1
 93
6
 72
1
 10
1524.7995883254
 20
32.5072301632
 11
1524.8617073159
 21
32.4240427464
 72
1
 10
1524.8617073159
 20
32.4240427464
 11
1524.9341530065
 21
32.3496751648
 72
1
 10
1524.9341530065
 20
32.3496751648
 11
1525.0156858314
 21
32.2853998683
 72
1
 10
1525.0156858314
 20
32.2853998683
 11
1523.119797024
 21
32.0906875765
 72
1
 10
1523.119797024
 20
32.0906875765
 11
1523.0187146032
 21
32.3058720664
 72
1
 10
1523.0187146032
 20
32.3058720664
 11
1524.7995883254
 21
32.5072301632
 97
6
330
3B9
330
3BA
330
3BB
330
3BC
330
3BD
330
3BE
 75
0
 76
1
 98
1
 10
0.0
 20
0.0
  0
LINE
  5
3C0
100
AcDbEntity
  8
0
100
AcDbLine
 62
3
  6
BYLAYER
 10
1525.0156858314
 20
32.2853998683
 11
1523.119797024
 21
32.0906875765
  0
LINE
  5
3C1
100
AcDbEntity
  8
0
100
AcDbLine
 62
3
  6
BYLAYER
 10
1523.119797024
 20
32.0906875765
 11
1525.0156858314
 21
32.2853998683
  0
LINE
  5
3C2
100
AcDbEntity
  8
0
100
AcDbLine
 62
3
  6
BYLAYER
 10
1525.5067844792
 20
32.146895725
 11
1523.119797024
 21
32.0906875765
  0
LINE
  5
3C3
100
AcDbEntity
  8
0
100
AcDbLine
 62
3
  6
BYLAYER
 10
1525.4029718188
 20
32.1482547072
 11
1525.5067844792
 21
32.146895725
  0
LINE
  5
3C4
100
AcDbEntity
  8
0
100
AcDbLine
 62
3
  6
BYLAYER
 10
1525.3002246729
 20
32.1631523344
 11
1525.4029718188
 21
32.1482547072
  0
LINE
  5
3C5
100
AcDbEntity
  8
0
100
AcDbLine
 62
3
  6
BYLAYER
 10
1525.2003010736
 20
32.191333704
 11
1525.3002246729
 21
32.1631523344
  0
LINE
  5
3C6
100
AcDbEntity
  8
0
100
AcDbLine
 62
3
  6
BYLAYER
 10
1525.1049107415
 20
32.232316625
 11
1525.2003010736
 21
32.191333704
  0
LINE
  5
3C7
100
AcDbEntity
  8
0
100
AcDbLine
 62
3
  6
BYLAYER
 10
1525.0156858314
 20
32.2853998683
 11
1525.1049107415
 21
32.232316625
  0
HATCH
  5
3C8
100
AcDbEntity
  8
0
100
AcDbHatch
 62
3
  6
BYLAYER
 10
0.0
 20
0.0
 30
0.0
210
0.0
220
0.0
230
1.0
  2
SOLID
 70
1
 71
1
 91
1
 92
1
 93
7
 72
1
 10
1525.0156858314
 20
32.2853998683
 11
1525.1049107415
 21
32.232316625
 72
1
 10
1525.1049107415
 20
32.232316625
 11
1525.2003010736
 21
32.191333704
 72
1
 10
1525.2003010736
 20
32.191333704
 11
1525.3002246729
 21
32.1631523344
 72
1
 10
1525.3002246729
 20
32.1631523344
 11
1525.4029718188
 21
32.1482547072
 72
1
 10
1525.4029718188
 20
32.1482547072
 11
1525.5067844792
 21
32.146895725
 72
1
 10
1525.5067844792
 20
32.146895725
 11
1523.119797024
 21
32.0906875765
 72
1
 10
1523.119797024
 20
32.0906875765
 11
1525.0156858314
 21
32.2853998683
 97
7
330
3C1
330
3C2
330
3C3
330
3C4
330
3C5
330
3C6
330
3C7
 75
0
 76
1
 98
1
 10
0.0
 20
0.0
  0
LINE
  5
3C9
100
AcDbEntity
  8
0
100
AcDbLine
 62
4
  6
BYLAYER
 10
1511.9897160929
 20
34.9751278761
 11
1510.2136233592
 21
34.7990910648
  0
LINE
  5
3CA
100
AcDbEntity
  8
0
100
AcDbLine
 62
3
  6
BYLAYER
 10
1524.7103870589
 20
32.6942445075
 11
1522.9365957153
 21
32.528983045
  0
LINE
  5
3CB
100
AcDbEntity
  8
0
100
AcDbLine
 62
3
  6
BYLAYER
 10
1524.7103870589
 20
32.6942445075
 11
1522.9365957153
 21
32.528983045
  0
LINE
  5
3CC
100
AcDbEntity
  8
0
100
AcDbLine
 62
3
  6
BYLAYER
 10
1522.8740541157
 20
32.7583529837
 11
1524.6726281259
 21
32.8979734792
  0
LINE
  5
3CD
100
AcDbEntity
  8
0
100
AcDbLine
 62
3
  6
BYLAYER
 10
1522.9365957153
 20
32.528983045
 11
1522.8740541157
 21
32.7583529837
  0
LINE
  5
3CE
100
AcDbEntity
  8
0
100
AcDbLine
 62
3
  6
BYLAYER
 10
1524.6848310413
 20
32.7948715677
 11
1524.7103870589
 21
32.6942445075
  0
LINE
  5
3CF
100
AcDbEntity
  8
0
100
AcDbLine
 62
3
  6
BYLAYER
 10
1524.6726281259
 20
32.8979734792
 11
1524.6848310413
 21
32.7948715677
  0
HATCH
  5
3D0
100
AcDbEntity
  8
0
100
AcDbHatch
 62
3
  6
BYLAYER
 10
0.0
 20
0.0
 30
0.0
210
0.0
220
0.0
230
1.0
  2
SOLID
 70
1
 71
1
 91
1
 92
1
 93
5
 72
1
 10
1522.9365957153
 20
32.528983045
 11
1522.8740541157
 21
32.7583529837
 72
1
 10
1522.8740541157
 20
32.7583529837
 11
1524.6726281259
 21
32.8979734792
 72
1
 10
1524.6726281259
 20
32.8979734792
 11
1524.6848310413
 21
32.7948715677
 72
1
 10
1524.6848310413
 20
32.7948715677
 11
1524.7103870589
 21
32.6942445075
 72
1
 10
1524.7103870589
 20
32.6942445075
 11
1522.9365957153
 21
32.528983045
 97
5
330
3CB
330
3CC
330
3CD
330
3CE
330
3CF
 75
0
 76
1
 98
1
 10
0.0
 20
0.0
  0
LINE
  5
3D1
100
AcDbEntity
  8
0
100
AcDbLine
 62
4
  6
BYLAYER
 10
1516.4918192246
 20
33.7622259555
 11
1514.8283737874
 21
33.6298090555
  0
LINE
  5
3D2
100
AcDbEntity
  8
0
100
AcDbLine
 62
3
  6
BYLAYER
 10
1524.6726281259
 20
32.8979734792
 11
1522.8740541157
 21
32.7583529837
  0
LINE
  5
3D3
100
AcDbEntity
  8
0
100
AcDbLine
 62
3
  6
BYLAYER
 10
1524.6726281259
 20
32.8979734792
 11
1522.8740541157
 21
32.7583529837
  0
LINE
  5
3D4
100
AcDbEntity
  8
0
100
AcDbLine
 62
3
  6
BYLAYER
 10
1522.8315572394
 20
32.992267575
 11
1524.6888847352
 21
33.1045332855
  0
LINE
  5
3D5
100
AcDbEntity
  8
0
100
AcDbLine
 62
3
  6
BYLAYER
 10
1522.8740541157
 20
32.7583529837
 11
1522.8315572394
 21
32.992267575
  0
LINE
  5
3D6
100
AcDbEntity
  8
0
100
AcDbLine
 62
3
  6
BYLAYER
 10
1524.6739871081
 20
33.0017861396
 11
1524.6726281259
 21
32.8979734792
  0
LINE
  5
3D7
100
AcDbEntity
  8
0
100
AcDbLine
 62
3
  6
BYLAYER
 10
1524.6888847352
 20
33.1045332855
 11
1524.6739871081
 21
33.0017861396
  0
HATCH
  5
3D8
100
AcDbEntity
  8
0
100
AcDbHatch
 62
3
  6
BYLAYER
 10
0.0
 20
0.0
 30
0.0
210
0.0
220
0.0
230
1.0
  2
SOLID
 70
1
 71
1
 91
1
 92
1
 93
5
 72
1
 10
1522.8740541157
 20
32.7583529837
 11
1522.8315572394
 21
32.992267575
 72
1
 10
1522.8315572394
 20
32.992267575
 11
1524.6888847352
 21
33.1045332855
 72
1
 10
1524.6888847352
 20
33.1045332855
 11
1524.6739871081
 21
33.0017861396
 72
1
 10
1524.6739871081
 20
33.0017861396
 11
1524.6726281259
 21
32.8979734792
 72
1
 10
1524.6726281259
 20
32.8979734792
 11
1522.8740541157
 21
32.7583529837
 97
5
330
3D3
330
3D4
330
3D5
330
3D6
330
3D7
 75
0
 76
1
 98
1
 10
0.0
 20
0.0
  0
LINE
  5
3D9
100
AcDbEntity
  8
0
100
AcDbLine
 62
4
  6
BYLAYER
 10
1513.1951439758
 20
31.999265275
 11
1510.5766659657
 21
31.8063194165
  0
LINE
  5
3DA
100
AcDbEntity
  8
0
100
AcDbLine
 62
4
  6
BYLAYER
 10
1513.1317263051
 20
37.6630592368
 11
1513.5965347427
 21
37.6969428543
  0
LINE
  5
3DB
100
AcDbEntity
  8
0
100
AcDbLine
 62
3
  6
BYLAYER
 10
1524.6888847352
 20
33.1045332855
 11
1522.8315572394
 21
32.992267575
  0
LINE
  5
3DC
100
AcDbEntity
  8
0
100
AcDbLine
 62
3
  6
BYLAYER
 10
1524.6888847352
 20
33.1045332855
 11
1522.8315572394
 21
32.992267575
  0
LINE
  5
3DD
100
AcDbEntity
  8
0
100
AcDbLine
 62
3
  6
BYLAYER
 10
1523.6798024798
 20
37.7664313647
 11
1525.6798024798
 21
37.7664313647
  0
LINE
  5
3DE
100
AcDbEntity
  8
0
100
AcDbLine
 62
3
  6
BYLAYER
 10
1522.8315572394
 20
32.992267575
 11
1522.8094227075
 21
33.2289785443
  0
LINE
  5
3DF
100
AcDbEntity
  8
0
100
AcDbLine
 62
3
  6
BYLAYER
 10
1522.8094227075
 20
33.2289785443
 11
1522.8078159532
 21
33.4667167171
  0
LINE
  5
3E0
100
AcDbEntity
  8
0
100
AcDbLine
 62
3
  6
BYLAYER
 10
1522.8078159532
 20
33.4667167171
 11
1522.8267489854
 21
33.7037052417
  0
LINE
  5
3E1
100
AcDbEntity
  8
0
100
AcDbLine
 62
3
  6
BYLAYER
 10
1522.8267489854
 20
33.7037052417
 11
1522.8660802988
 21
33.9381728691
  0
LINE
  5
3E2
100
AcDbEntity
  8
0
100
AcDbLine
 62
3
  6
BYLAYER
 10
1522.8660802988
 20
33.9381728691
 11
1523.6798024798
 21
37.7664313647
  0
LINE
  5
3E3
100
AcDbEntity
  8
0
100
AcDbLine
 62
3
  6
BYLAYER
 10
1525.6798024798
 20
37.7664313647
 11
1524.6888847352
 21
33.1045332855
  0
HATCH
  5
3E4
100
AcDbEntity
  8
0
100
AcDbHatch
 62
3
  6
BYLAYER
 10
0.0
 20
0.0
 30
0.0
210
0.0
220
0.0
230
1.0
  2
SOLID
 70
1
 71
1
 91
1
 92
1
 93
8
 72
1
 10
1522.8315572394
 20
32.992267575
 11
1522.8094227075
 21
33.2289785443
 72
1
 10
1522.8094227075
 20
33.2289785443
 11
1522.8078159532
 21
33.4667167171
 72
1
 10
1522.8078159532
 20
33.4667167171
 11
1522.8267489854
 21
33.7037052417
 72
1
 10
1522.8267489854
 20
33.7037052417
 11
1522.8660802988
 21
33.9381728691
 72
1
 10
1522.8660802988
 20
33.9381728691
 11
1523.6798024798
 21
37.7664313647
 72
1
 10
1523.6798024798
 20
37.7664313647
 11
1525.6798024798
 21
37.7664313647
 72
1
 10
1525.6798024798
 20
37.7664313647
 11
1524.6888847352
 21
33.1045332855
 72
1
 10
1524.6888847352
 20
33.1045332855
 11
1522.8315572394
 21
32.992267575
 97
8
330
3DC
330
3DD
330
3DE
330
3DF
330
3E0
330
3E1
330
3E2
330
3E3
 75
0
 76
1
 98
1
 10
0.0
 20
0.0
  0
LINE
  5
3E5
100
AcDbEntity
  8
0
100
AcDbLine
 62
7
  6
BYLAYER
 10
1600.0
 20
0.0
 11
1550.0
 21
0.0
  0
LINE
  5
3E6
100
AcDbEntity
  8
0
100
AcDbLine
 62
7
  6
BYLAYER
 10
0.0
 20
0.0
 11
1600.0
 21
0.0
  0
LINE
  5
3E7
100
AcDbEntity
  8
0
100
AcDbLine
 62
4
  6
BYLAYER
 10
1513.9255401421
 20
30.5280326427
 11
1512.3645576649
 21
30.4699200589
  0
LINE
  5
3E8
100
AcDbEntity
  8
0
100
AcDbLine
 62
4
  6
BYLAYER
 10
1513.9255401421
 20
30.5280326427
 11
1512.3645576649
 21
30.4699200589
  0
LINE
  5
3E9
100
AcDbEntity
  8
0
100
AcDbLine
 62
4
  6
BYLAYER
 10
1511.3386460107
 20
30.9576395688
 11
1514.8761740627
 21
31.0115196365
  0
LINE
  5
3EA
100
AcDbEntity
  8
0
100
AcDbLine
 62
4
  6
BYLAYER
 10
1512.3645576649
 20
30.4699200589
 11
1512.1512248021
 21
30.531127229
  0
LINE
  5
3EB
100
AcDbEntity
  8
0
100
AcDbLine
 62
4
  6
BYLAYER
 10
1512.1512248021
 20
30.531127229
 11
1511.7270433706
 21
30.7107924565
  0
LINE
  5
3EC
100
AcDbEntity
  8
0
100
AcDbLine
 62
4
  6
BYLAYER
 10
1511.7270433706
 20
30.7107924565
 11
1511.3386460107
 21
30.9576395688
  0
LINE
  5
3ED
100
AcDbEntity
  8
0
100
AcDbLine
 62
4
  6
BYLAYER
 10
1514.8761740627
 20
31.0115196365
 11
1514.809897328
 21
30.9644979807
  0
LINE
  5
3EE
100
AcDbEntity
  8
0
100
AcDbLine
 62
4
  6
BYLAYER
 10
1514.809897328
 20
30.9644979807
 11
1514.3773010321
 21
30.7095974513
  0
LINE
  5
3EF
100
AcDbEntity
  8
0
100
AcDbLine
 62
4
  6
BYLAYER
 10
1514.3773010321
 20
30.7095974513
 11
1513.9255401421
 21
30.5280326427
  0
HATCH
  5
3F0
100
AcDbEntity
  8
0
100
AcDbHatch
 62
4
  6
BYLAYER
 10
0.0
 20
0.0
 30
0.0
210
0.0
220
0.0
230
1.0
  2
SOLID
 70
1
 71
1
 91
1
 92
1
 93
8
 72
1
 10
1512.3645576649
 20
30.4699200589
 11
1512.1512248021
 21
30.531127229
 72
1
 10
1512.1512248021
 20
30.531127229
 11
1511.7270433706
 21
30.7107924565
 72
1
 10
1511.7270433706
 20
30.7107924565
 11
1511.3386460107
 21
30.9576395688
 72
1
 10
1511.3386460107
 20
30.9576395688
 11
1514.8761740627
 21
31.0115196365
 72
1
 10
1514.8761740627
 20
31.0115196365
 11
1514.809897328
 21
30.9644979807
 72
1
 10
1514.809897328
 20
30.9644979807
 11
1514.3773010321
 21
30.7095974513
 72
1
 10
1514.3773010321
 20
30.7095974513
 11
1513.9255401421
 21
30.5280326427
 72
1
 10
1513.9255401421
 20
30.5280326427
 11
1512.3645576649
 21
30.4699200589
 97
8
330
3E8
330
3E9
330
3EA
330
3EB
330
3EC
330
3ED
330
3EE
330
3EF
 75
0
 76
1
 98
1
 10
0.0
 20
0.0
  0
LINE
  5
3F1
100
AcDbEntity
  8
0
100
AcDbLine
 62
4
  6
BYLAYER
 10
1512.968574958
 20
31.9908439675
 11
1513.1951439758
 21
31.999265275
  0
LINE
  5
3F2
100
AcDbEntity
  8
0
100
AcDbLine
 62
4
  6
BYLAYER
 10
1513.6388672049
 20
36.0953282698
 11
1513.4125495926
 21
36.0869481104
  0
LINE
  5
3F3
100
AcDbEntity
  8
0
100
AcDbLine
 62
4
  6
BYLAYER
 10
1513.6388672049
 20
36.0953282698
 11
1510.7346197067
 21
35.9984666762
  0
LINE
  5
3F4
100
AcDbEntity
  8
0
100
AcDbLine
 62
3
  6
BYLAYER
 10
1525.5067844792
 20
32.146895725
 11
1523.119797024
 21
32.0906875765
  0
LINE
  5
3F5
100
AcDbEntity
  8
0
100
AcDbLine
 62
4
  6
BYLAYER
 10
1514.8761740627
 20
31.0115196365
 11
1511.3386460107
 21
30.9576395688
  0
LINE
  5
3F6
100
AcDbEntity
  8
0
100
AcDbLine
 62
4
  6
BYLAYER
 10
1513.2838330844
 20
30.4002372207
 11
1512.8216888622
 21
30.3970512198
  0
LINE
  5
3F7
100
AcDbEntity
  8
0
100
AcDbLine
 62
7
  6
BYLAYER
 10
1588.0
 20
12.0
 11
12.0
 21
12.0
  0
LWPOLYLINE
  5
3F8
100
AcDbEntity
  8
0
100
AcDbPolyline
 62
7
  6
BYLAYER
 90
2
 70
0
 43
0.6
 10
28.0
 20
28.0
 10
1572.0
 20
28.0
  0
LINE
  5
3F9
100
AcDbEntity
  8
0
100
AcDbLine
 62
2
  6
BYLAYER
 10
1377.199370133
 20
28.0002529871
 11
1571.999370133
 21
28.0002529871
  0
LINE
  5
3FA
100
AcDbEntity
  8
0
100
AcDbLine
 62
4
  6
BYLAYER
 10
1534.3836522821
 20
30.4664347428
 11
1532.288819265
 21
30.4664347428
  0
LINE
  5
3FB
100
AcDbEntity
  8
0
100
AcDbLine
 62
4
  6
BYLAYER
 10
1534.3836522821
 20
30.4664347428
 11
1532.288819265
 21
30.4664347428
  0
LINE
  5
3FC
100
AcDbEntity
  8
0
100
AcDbLine
 62
4
  6
BYLAYER
 10
1530.4542723039
 20
30.4664347428
 11
1528.2210009344
 21
30.4664347428
  0
LINE
  5
3FD
100
AcDbEntity
  8
0
100
AcDbLine
 62
4
  6
BYLAYER
 10
1530.0142940975
 20
37.7664347428
 11
1532.1091271146
 21
37.7664347428
  0
LINE
  5
3FE
100
AcDbEntity
  8
0
100
AcDbLine
 62
4
  6
BYLAYER
 10
1533.5821646884
 20
37.7664347428
 11
1535.815436058
 21
37.7664347428
  0
LINE
  5
3FF
100
AcDbEntity
  8
0
100
AcDbLine
 62
4
  6
BYLAYER
 10
1532.288819265
 20
30.4664347428
 11
1531.7423429383
 21
32.2203292445
  0
LINE
  5
400
100
AcDbEntity
  8
0
100
AcDbLine
 62
4
  6
BYLAYER
 10
1531.0770942635
 20
34.3554189744
 11
1530.0142940975
 21
37.7664347428
  0
LINE
  5
401
100
AcDbEntity
  8
0
100
AcDbLine
 62
4
  6
BYLAYER
 10
1532.1091271146
 20
37.7664347428
 11
1532.5479167338
 21
36.3581565378
  0
LINE
  5
402
100
AcDbEntity
  8
0
100
AcDbLine
 62
4
  6
BYLAYER
 10
1533.2131654086
 20
34.2230668078
 11
1534.3836522821
 21
30.4664347428
  0
LINE
  5
403
100
AcDbEntity
  8
0
100
AcDbLine
 62
4
  6
BYLAYER
 10
1528.2210009344
 20
30.4664347428
 11
1531.0770942635
 21
34.3554189744
  0
LINE
  5
404
100
AcDbEntity
  8
0
100
AcDbLine
 62
4
  6
BYLAYER
 10
1532.5479167338
 20
36.3581565378
 11
1533.5821646884
 21
37.7664347428
  0
LINE
  5
405
100
AcDbEntity
  8
0
100
AcDbLine
 62
4
  6
BYLAYER
 10
1535.815436058
 20
37.7664347428
 11
1533.2131654086
 21
34.2230668078
  0
LINE
  5
406
100
AcDbEntity
  8
0
100
AcDbLine
 62
4
  6
BYLAYER
 10
1531.7423429383
 20
32.2203292445
 11
1530.4542723039
 21
30.4664347428
  0
HATCH
  5
407
100
AcDbEntity
  8
0
100
AcDbHatch
 62
4
  6
BYLAYER
 10
0.0
 20
0.0
 30
0.0
210
0.0
220
0.0
230
1.0
  2
SOLID
 70
1
 71
1
 91
1
 92
1
 93
12
 72
1
 10
1532.288819265
 20
30.4664347428
 11
1531.7423429383
 21
32.2203292445
 72
1
 10
1531.7423429383
 20
32.2203292445
 11
1530.4542723039
 21
30.4664347428
 72
1
 10
1530.4542723039
 20
30.4664347428
 11
1528.2210009344
 21
30.4664347428
 72
1
 10
1528.2210009344
 20
30.4664347428
 11
1531.0770942635
 21
34.3554189744
 72
1
 10
1531.0770942635
 20
34.3554189744
 11
1530.0142940975
 21
37.7664347428
 72
1
 10
1530.0142940975
 20
37.7664347428
 11
1532.1091271146
 21
37.7664347428
 72
1
 10
1532.1091271146
 20
37.7664347428
 11
1532.5479167338
 21
36.3581565378
 72
1
 10
1532.5479167338
 20
36.3581565378
 11
1533.5821646884
 21
37.7664347428
 72
1
 10
1533.5821646884
 20
37.7664347428
 11
1535.815436058
 21
37.7664347428
 72
1
 10
1535.815436058
 20
37.7664347428
 11
1533.2131654086
 21
34.2230668078
 72
1
 10
1533.2131654086
 20
34.2230668078
 11
1534.3836522821
 21
30.4664347428
 72
1
 10
1534.3836522821
 20
30.4664347428
 11
1532.288819265
 21
30.4664347428
 97
12
330
3FB
330
3FC
330
3FD
330
3FE
330
3FF
330
400
330
401
330
402
330
403
330
404
330
405
330
406
 75
0
 76
1
 98
1
 10
0.0
 20
0.0
  0
LINE
  5
408
100
AcDbEntity
  8
0
100
AcDbLine
 62
1
  6
BYLAYER
 10
1521.6802904567
 20
30.4664347428
 11
1516.7779484901
 21
30.4664347428
  0
LINE
  5
409
100
AcDbEntity
  8
0
100
AcDbLine
 62
1
  6
BYLAYER
 10
1521.6802904567
 20
30.4664347428
 11
1516.7779484901
 21
30.4664347428
  0
LINE
  5
40A
100
AcDbEntity
  8
0
100
AcDbLine
 62
1
  6
BYLAYER
 10
1519.4817525189
 20
32.1753362955
 11
1522.0350556266
 21
32.1753362955
  0
LINE
  5
40B
100
AcDbEntity
  8
0
100
AcDbLine
 62
1
  6
BYLAYER
 10
1518.7501329662
 20
39.9664347428
 11
1521.0991718252
 21
39.9664347428
  0
LINE
  5
40C
100
AcDbEntity
  8
0
100
AcDbLine
 62
1
  6
BYLAYER
 10
1516.7779484901
 20
30.4664347428
 11
1518.7501329662
 21
39.9664347428
  0
LINE
  5
40D
100
AcDbEntity
  8
0
100
AcDbLine
 62
1
  6
BYLAYER
 10
1521.0991718252
 20
39.9664347428
 11
1519.4817525189
 21
32.1753362955
  0
LINE
  5
40E
100
AcDbEntity
  8
0
100
AcDbLine
 62
1
  6
BYLAYER
 10
1522.0350556266
 20
32.1753362955
 11
1521.6802904567
 21
30.4664347428
  0
HATCH
  5
40F
100
AcDbEntity
  8
0
100
AcDbHatch
 62
1
  6
BYLAYER
 10
0.0
 20
0.0
 30
0.0
210
0.0
220
0.0
230
1.0
  2
SOLID
 70
1
 71
1
 91
1
 92
1
 93
6
 72
1
 10
1516.7779484901
 20
30.4664347428
 11
1518.7501329662
 21
39.9664347428
 72
1
 10
1518.7501329662
 20
39.9664347428
 11
1521.0991718252
 21
39.9664347428
 72
1
 10
1521.0991718252
 20
39.9664347428
 11
1519.4817525189
 21
32.1753362955
 72
1
 10
1519.4817525189
 20
32.1753362955
 11
1522.0350556266
 21
32.1753362955
 72
1
 10
1522.0350556266
 20
32.1753362955
 11
1521.6802904567
 21
30.4664347428
 72
1
 10
1521.6802904567
 20
30.4664347428
 11
1516.7779484901
 21
30.4664347428
 97
6
330
409
330
40A
330
40B
330
40C
330
40D
330
40E
 75
0
 76
1
 98
1
 10
0.0
 20
0.0
  0
LINE
  5
410
100
AcDbEntity
  8
0
100
AcDbLine
 62
4
  6
BYLAYER
 10
1508.5011149597
 20
30.4664347428
 11
1506.4881652944
 21
30.4664347428
  0
LINE
  5
411
100
AcDbEntity
  8
0
100
AcDbLine
 62
4
  6
BYLAYER
 10
1508.5011149597
 20
30.4664347428
 11
1506.4881652944
 21
30.4664347428
  0
LINE
  5
412
100
AcDbEntity
  8
0
100
AcDbLine
 62
4
  6
BYLAYER
 10
1504.6374535705
 20
30.4664347428
 11
1502.5811072108
 21
30.4664347428
  0
LINE
  5
413
100
AcDbEntity
  8
0
100
AcDbLine
 62
4
  6
BYLAYER
 10
1504.3260986955
 20
37.7664347428
 11
1506.3824450553
 21
37.7664347428
  0
LINE
  5
414
100
AcDbEntity
  8
0
100
AcDbLine
 62
4
  6
BYLAYER
 10
1508.2281813887
 20
37.7664347428
 11
1510.1294332258
 21
37.7664347428
  0
LINE
  5
415
100
AcDbEntity
  8
0
100
AcDbLine
 62
4
  6
BYLAYER
 10
1506.4881652944
 20
30.4664347428
 11
1505.6542905831
 21
34.7202722297
  0
LINE
  5
416
100
AcDbEntity
  8
0
100
AcDbLine
 62
4
  6
BYLAYER
 10
1506.3824450553
 20
37.7664347428
 11
1507.2150750312
 21
33.5189470127
  0
LINE
  5
417
100
AcDbEntity
  8
0
100
AcDbLine
 62
4
  6
BYLAYER
 10
1510.1294332258
 20
37.7664347428
 11
1508.5011149597
 21
30.4664347428
  0
LINE
  5
418
100
AcDbEntity
  8
0
100
AcDbLine
 62
4
  6
BYLAYER
 10
1507.2150750312
 20
33.5189470127
 11
1508.2281813887
 21
37.7664347428
  0
LINE
  5
419
100
AcDbEntity
  8
0
100
AcDbLine
 62
4
  6
BYLAYER
 10
1502.5811072108
 20
30.4664347428
 11
1504.3260986955
 21
37.7664347428
  0
LINE
  5
41A
100
AcDbEntity
  8
0
100
AcDbLine
 62
4
  6
BYLAYER
 10
1505.6542905831
 20
34.7202722297
 11
1504.6374535705
 21
30.4664347428
  0
HATCH
  5
41B
100
AcDbEntity
  8
0
100
AcDbHatch
 62
4
  6
BYLAYER
 10
0.0
 20
0.0
 30
0.0
210
0.0
220
0.0
230
1.0
  2
SOLID
 70
1
 71
1
 91
1
 92
1
 93
10
 72
1
 10
1506.4881652944
 20
30.4664347428
 11
1505.6542905831
 21
34.7202722297
 72
1
 10
1505.6542905831
 20
34.7202722297
 11
1504.6374535705
 21
30.4664347428
 72
1
 10
1504.6374535705
 20
30.4664347428
 11
1502.5811072108
 21
30.4664347428
 72
1
 10
1502.5811072108
 20
30.4664347428
 11
1504.3260986955
 21
37.7664347428
 72
1
 10
1504.3260986955
 20
37.7664347428
 11
1506.3824450553
 21
37.7664347428
 72
1
 10
1506.3824450553
 20
37.7664347428
 11
1507.2150750312
 21
33.5189470127
 72
1
 10
1507.2150750312
 20
33.5189470127
 11
1508.2281813887
 21
37.7664347428
 72
1
 10
1508.2281813887
 20
37.7664347428
 11
1510.1294332258
 21
37.7664347428
 72
1
 10
1510.1294332258
 20
37.7664347428
 11
1508.5011149597
 21
30.4664347428
 72
1
 10
1508.5011149597
 20
30.4664347428
 11
1506.4881652944
 21
30.4664347428
 97
10
330
411
330
412
330
413
330
414
330
415
330
416
330
417
330
418
330
419
330
41A
 75
0
 76
1
 98
1
 10
0.0
 20
0.0
  0
LINE
  5
41C
100
AcDbEntity
  8
0
100
AcDbLine
 62
4
  6
BYLAYER
 10
1504.6374535705
 20
30.4664347428
 11
1502.5811072108
 21
30.4664347428
  0
LINE
  5
41D
100
AcDbEntity
  8
0
100
AcDbLine
 62
4
  6
BYLAYER
 10
1501.761446966
 20
30.4664347428
 11
1499.7484973006
 21
30.4664347428
  0
LINE
  5
41E
100
AcDbEntity
  8
0
100
AcDbLine
 62
4
  6
BYLAYER
 10
1501.761446966
 20
30.4664347428
 11
1499.7484973006
 21
30.4664347428
  0
LINE
  5
41F
100
AcDbEntity
  8
0
100
AcDbLine
 62
4
  6
BYLAYER
 10
1497.8977855768
 20
30.4664347428
 11
1495.841439217
 21
30.4664347428
  0
LINE
  5
420
100
AcDbEntity
  8
0
100
AcDbLine
 62
4
  6
BYLAYER
 10
1497.5864307018
 20
37.7664347428
 11
1499.6427770616
 21
37.7664347428
  0
LINE
  5
421
100
AcDbEntity
  8
0
100
AcDbLine
 62
4
  6
BYLAYER
 10
1501.488513395
 20
37.7664347428
 11
1503.3897652321
 21
37.7664347428
  0
LINE
  5
422
100
AcDbEntity
  8
0
100
AcDbLine
 62
4
  6
BYLAYER
 10
1499.7484973006
 20
30.4664347428
 11
1498.9146225894
 21
34.7202722297
  0
LINE
  5
423
100
AcDbEntity
  8
0
100
AcDbLine
 62
4
  6
BYLAYER
 10
1499.6427770616
 20
37.7664347428
 11
1500.4754070375
 21
33.5189470127
  0
LINE
  5
424
100
AcDbEntity
  8
0
100
AcDbLine
 62
4
  6
BYLAYER
 10
1503.3897652321
 20
37.7664347428
 11
1501.761446966
 21
30.4664347428
  0
LINE
  5
425
100
AcDbEntity
  8
0
100
AcDbLine
 62
4
  6
BYLAYER
 10
1500.4754070375
 20
33.5189470127
 11
1501.488513395
 21
37.7664347428
  0
LINE
  5
426
100
AcDbEntity
  8
0
100
AcDbLine
 62
4
  6
BYLAYER
 10
1495.841439217
 20
30.4664347428
 11
1497.5864307018
 21
37.7664347428
  0
LINE
  5
427
100
AcDbEntity
  8
0
100
AcDbLine
 62
4
  6
BYLAYER
 10
1498.9146225894
 20
34.7202722297
 11
1497.8977855768
 21
30.4664347428
  0
HATCH
  5
428
100
AcDbEntity
  8
0
100
AcDbHatch
 62
4
  6
BYLAYER
 10
0.0
 20
0.0
 30
0.0
210
0.0
220
0.0
230
1.0
  2
SOLID
 70
1
 71
1
 91
1
 92
1
 93
10
 72
1
 10
1499.7484973006
 20
30.4664347428
 11
1498.9146225894
 21
34.7202722297
 72
1
 10
1498.9146225894
 20
34.7202722297
 11
1497.8977855768
 21
30.4664347428
 72
1
 10
1497.8977855768
 20
30.4664347428
 11
1495.841439217
 21
30.4664347428
 72
1
 10
1495.841439217
 20
30.4664347428
 11
1497.5864307018
 21
37.7664347428
 72
1
 10
1497.5864307018
 20
37.7664347428
 11
1499.6427770616
 21
37.7664347428
 72
1
 10
1499.6427770616
 20
37.7664347428
 11
1500.4754070375
 21
33.5189470127
 72
1
 10
1500.4754070375
 20
33.5189470127
 11
1501.488513395
 21
37.7664347428
 72
1
 10
1501.488513395
 20
37.7664347428
 11
1503.3897652321
 21
37.7664347428
 72
1
 10
1503.3897652321
 20
37.7664347428
 11
1501.761446966
 21
30.4664347428
 72
1
 10
1501.761446966
 20
30.4664347428
 11
1499.7484973006
 21
30.4664347428
 97
10
330
41E
330
41F
330
420
330
421
330
422
330
423
330
424
330
425
330
426
330
427
 75
0
 76
1
 98
1
 10
0.0
 20
0.0
  0
LINE
  5
429
100
AcDbEntity
  8
0
100
AcDbLine
 62
4
  6
BYLAYER
 10
1497.8977855768
 20
30.4664347428
 11
1495.841439217
 21
30.4664347428
  0
LINE
  5
42A
100
AcDbEntity
  8
0
100
AcDbLine
 62
4
  6
BYLAYER
 10
1495.074109829
 20
30.4664347428
 11
1493.0728046823
 21
30.4664347428
  0
LINE
  5
42B
100
AcDbEntity
  8
0
100
AcDbLine
 62
4
  6
BYLAYER
 10
1495.074109829
 20
30.4664347428
 11
1493.0728046823
 21
30.4664347428
  0
LINE
  5
42C
100
AcDbEntity
  8
0
100
AcDbLine
 62
4
  6
BYLAYER
 10
1495.0449891585
 20
39.9664347428
 11
1497.3449891585
 21
39.9664347428
  0
LINE
  5
42D
100
AcDbEntity
  8
0
100
AcDbLine
 62
4
  6
BYLAYER
 10
1493.0728046823
 20
30.4664347428
 11
1495.0449891585
 21
39.9664347428
  0
LINE
  5
42E
100
AcDbEntity
  8
0
100
AcDbLine
 62
4
  6
BYLAYER
 10
1497.3449891585
 20
39.9664347428
 11
1495.074109829
 21
30.4664347428
  0
HATCH
  5
42F
100
AcDbEntity
  8
0
100
AcDbHatch
 62
4
  6
BYLAYER
 10
0.0
 20
0.0
 30
0.0
210
0.0
220
0.0
230
1.0
  2

 70
1
 71
1
 91
1
 92
1
 93
4
 72
1
 10
1493.0728046823
 20
30.4664347428
 11
1495.0449891585
 21
39.9664347428
 72
1
 10
1495.0449891585
 20
39.9664347428
 11
1497.3449891585
 21
39.9664347428
 72
1
 10
1497.3449891585
 20
39.9664347428
 11
1495.074109829
 21
30.4664347428
 72
1
 10
1495.074109829
 20
30.4664347428
 11
1493.0728046823
 21
30.4664347428
 97
4
330
42B
330
42C
330
42D
330
42E
 75
0
 76
1
 98
1
 10
0.0
 20
0.0
  0
LINE
  5
430
100
AcDbEntity
  8
0
100
AcDbLine
 62
7
  6
BYLAYER
 10
1528.2210009344
 20
30.4664347428
 11
1530.4542723039
 21
30.4664347428
  0
LINE
  5
431
100
AcDbEntity
  8
0
100
AcDbLine
 62
1
  6
BYLAYER
 10
1519.4817525189
 20
32.1753362955
 11
1522.0350556266
 21
32.1753362955
  0
LINE
  5
432
100
AcDbEntity
  8
0
100
AcDbLine
 62
4
  6
BYLAYER
 10
1535.815436058
 20
37.7664347428
 11
1533.5821646884
 21
37.7664347428
  0
LINE
  5
433
100
AcDbEntity
  8
0
100
AcDbLine
 62
4
  6
BYLAYER
 10
1532.1091271146
 20
37.7664347428
 11
1530.0142940975
 21
37.7664347428
  0
LINE
  5
434
100
AcDbEntity
  8
0
100
AcDbLine
 62
3
  6
BYLAYER
 10
1529.3026757516
 20
37.7664347428
 11
1527.3026757516
 21
37.7664347428
  0
LINE
  5
435
100
AcDbEntity
  8
0
100
AcDbLine
 62
3
  6
BYLAYER
 10
1525.6798024798
 20
37.7664347428
 11
1523.6798024798
 21
37.7664347428
  0
LINE
  5
436
100
AcDbEntity
  8
0
100
AcDbLine
 62
4
  6
BYLAYER
 10
1510.1294332258
 20
37.7664347428
 11
1508.2281813887
 21
37.7664347428
  0
LINE
  5
437
100
AcDbEntity
  8
0
100
AcDbLine
 62
4
  6
BYLAYER
 10
1506.3824450553
 20
37.7664347428
 11
1504.3260986955
 21
37.7664347428
  0
LINE
  5
438
100
AcDbEntity
  8
0
100
AcDbLine
 62
4
  6
BYLAYER
 10
1503.3897652321
 20
37.7664347428
 11
1501.488513395
 21
37.7664347428
  0
LINE
  5
439
100
AcDbEntity
  8
0
100
AcDbLine
 62
4
  6
BYLAYER
 10
1499.6427770616
 20
37.7664347428
 11
1497.5864307018
 21
37.7664347428
  0
LINE
  5
43A
100
AcDbEntity
  8
0
100
AcDbLine
 62
4
  6
BYLAYER
 10
1497.3449891585
 20
39.9664347428
 11
1495.0449891585
 21
39.9664347428
  0
LINE
  5
43B
100
AcDbEntity
  8
0
100
AcDbLine
 62
1
  6
BYLAYER
 10
1518.7501329662
 20
39.9664347428
 11
1521.0991718252
 21
39.9664347428
  0
LINE
  5
43C
100
AcDbEntity
  8
0
100
AcDbLine
 62
2
  6
BYLAYER
 10
1377.199370133
 20
42.0002529871
 11
1571.999370133
 21
42.0002529871
  0
LINE
  5
43D
100
AcDbEntity
  8
0
100
AcDbLine
 62
2
  6
BYLAYER
 10
1377.199370133
 20
56.0002529871
 11
1571.999370133
 21
56.0002529871
  0
LINE
  5
43E
100
AcDbEntity
  8
0
100
AcDbLine
 62
1
  6
BYLAYER
 10
1485.8972167231
 20
57.1687273614
 11
1495.2695927231
 21
57.1687273614
  0
LINE
  5
43F
100
AcDbEntity
  8
0
100
AcDbLine
 62
3
  6
BYLAYER
 10
1525.7099165751
 20
30.620727201
 11
1525.3837716156
 21
30.6218133553
  0
LINE
  5
440
100
AcDbEntity
  8
0
100
AcDbLine
 62
3
  6
BYLAYER
 10
1525.4029718188
 20
32.1482547072
 11
1525.5067844792
 21
32.146895725
  0
LWPOLYLINE
  5
441
100
AcDbEntity
  8
0
100
AcDbPolyline
 62
7
  6
BYLAYER
 90
2
 70
0
 43
0.6
 10
317.5
 20
28.0
 10
317.5
 20
20.0
  0
LWPOLYLINE
  5
442
100
AcDbEntity
  8
0
100
AcDbPolyline
 62
7
  6
BYLAYER
 90
2
 70
0
 43
0.6
 10
317.5
 20
1080.0
 10
317.5
 20
1088.0
  0
LINE
  5
443
100
AcDbEntity
  8
0
100
AcDbLine
 62
7
  6
BYLAYER
 10
430.1346795969
 20
866.7376253185
 11
430.4217994319
 21
867.5127536709
  0
LINE
  5
444
100
AcDbEntity
  8
0
100
AcDbLine
 62
7
  6
BYLAYER
 10
443.3830967945
 20
889.714262322
 11
443.4341020724
 21
889.8177696495
  0
LINE
  5
445
100
AcDbEntity
  8
0
100
AcDbLine
 62
7
  6
BYLAYER
 10
444.308849685
 20
889.4825523963
 11
444.257844407
 21
889.3790450688
  0
LINE
  5
446
100
AcDbEntity
  8
0
100
AcDbLine
 62
7
  6
BYLAYER
 10
430.6534047831
 20
859.0909956301
 11
430.5614799591
 21
859.0257640029
  0
LINE
  5
447
100
AcDbEntity
  8
0
100
AcDbLine
 62
7
  6
BYLAYER
 10
431.4362275716
 20
858.6905467497
 11
431.5281523957
 21
858.7557783769
  0
LINE
  5
448
100
AcDbEntity
  8
0
100
AcDbLine
 62
7
  6
BYLAYER
 10
435.5871290492
 20
889.2057629429
 11
436.1219754399
 21
889.401023052
  0
LINE
  5
449
100
AcDbEntity
  8
DEFAULT_1
100
AcDbLine
 62
1
  6
BYLAYER
 10
1533.9705147375
 20
76.5808532722
 11
1561.3556507375
 21
76.5872692722
  0
LINE
  5
44A
100
AcDbEntity
  8
0
100
AcDbLine
 62
2
  6
BYLAYER
 10
1377.199370133
 20
70.0002529871
 11
1571.999370133
 21
70.0002529871
  0
LINE
  5
44B
100
AcDbEntity
  8
0
100
AcDbLine
 62
4
  6
BYLAYER
 10
1396.0455302151
 20
74.3777230306
 11
1385.9184542151
 21
74.3777230306
  0
LINE
  5
44C
100
AcDbEntity
  8
0
100
AcDbLine
 62
4
  6
BYLAYER
 10
1385.9184542151
 20
78.4399950306
 11
1396.0455302151
 21
78.4399950306
  0
LINE
  5
44D
100
AcDbEntity
  8
0
100
AcDbLine
 62
2
  6
BYLAYER
 10
1377.199370133
 20
83.0002529871
 11
1571.999370133
 21
83.0002529871
  0
LINE
  5
44E
100
AcDbEntity
  8
0
100
AcDbLine
 62
4
  6
BYLAYER
 10
1513.5965347427
 20
37.6969428543
 11
1513.9843799387
 21
37.6670164256
  0
LINE
  5
44F
100
AcDbEntity
  8
0
100
AcDbLine
 62
4
  6
BYLAYER
 10
1512.8793884768
 20
31.998800118
 11
1512.968574958
 21
31.9908439675
  0
LINE
  5
450
100
AcDbEntity
  8
0
100
AcDbLine
 62
4
  6
BYLAYER
 10
1513.7281312118
 20
36.0873472376
 11
1513.6388672049
 21
36.0953282698
  0
LWPOLYLINE
  5
451
100
AcDbEntity
  8
0
100
AcDbPolyline
 62
7
  6
BYLAYER
 90
2
 70
0
 43
0.6
 10
414.0
 20
28.0
 10
414.0
 20
20.0
  0
LWPOLYLINE
  5
452
100
AcDbEntity
  8
0
100
AcDbPolyline
 62
7
  6
BYLAYER
 90
2
 70
0
 43
0.6
 10
414.0
 20
1080.0
 10
414.0
 20
1088.0
  0
LINE
  5
453
100
AcDbEntity
  8
0
100
AcDbLine
 62
7
  6
BYLAYER
 10
433.3600481846
 20
764.0181304337
 11
433.6471680196
 21
764.7932587861
  0
LINE
  5
454
100
AcDbEntity
  8
0
100
AcDbLine
 62
7
  6
BYLAYER
 10
571.474415019
 20
901.1065880863
 11
572.0092614097
 21
901.3018481954
  0
LWPOLYLINE
  5
455
100
AcDbEntity
  8
0
100
AcDbPolyline
 62
7
  6
BYLAYER
 90
2
 70
0
 43
0.6
 10
28.0
 20
159.5
 10
20.0
 20
159.5
  0
LWPOLYLINE
  5
456
100
AcDbEntity
  8
0
100
AcDbPolyline
 62
7
  6
BYLAYER
 90
2
 70
0
 43
0.6
 10
1572.0
 20
159.5
 10
1580.0
 20
159.5
  0
LINE
  5
457
100
AcDbEntity
  8
0
100
AcDbLine
 62
3
  6
BYLAYER
 10
1525.3837716156
 20
30.6218133553
 11
1525.0600489716
 21
30.6615042116
  0
LINE
  5
458
100
AcDbEntity
  8
0
100
AcDbLine
 62
3
  6
BYLAYER
 10
1525.3002246729
 20
32.1631523344
 11
1525.4029718188
 21
32.1482547072
  0
LINE
  5
459
100
AcDbEntity
  8
0
100
AcDbLine
 62
4
  6
BYLAYER
 10
1512.8216888622
 20
30.3970512198
 11
1512.3645576649
 21
30.4699200589
  0
LINE
  5
45A
100
AcDbEntity
  8
0
100
AcDbLine
 62
7
  6
BYLAYER
 10
440.9447143808
 20
477.2842670913
 11
440.9602209605
 21
476.7904233658
  0
LINE
  5
45B
100
AcDbEntity
  8
0
100
AcDbLine
 62
7
  6
BYLAYER
 10
441.0694217709
 20
477.1828863848
 11
441.0849283507
 21
476.6890426594
  0
LINE
  5
45C
100
AcDbEntity
  8
0
100
AcDbLine
 62
7
  6
BYLAYER
 10
441.649811386
 20
498.4096234001
 11
441.629410684
 21
499.0593320304
  0
LINE
  5
45D
100
AcDbEntity
  8
0
100
AcDbLine
 62
7
  6
BYLAYER
 10
441.4039397238
 20
506.2399882897
 11
441.3835390218
 21
506.88969692
  0
LINE
  5
45E
100
AcDbEntity
  8
0
100
AcDbLine
 62
7
  6
BYLAYER
 10
438.4244427983
 20
601.1291182849
 11
438.4040420963
 21
601.7788269152
  0
LINE
  5
45F
100
AcDbEntity
  8
0
100
AcDbLine
 62
7
  6
BYLAYER
 10
438.1785711361
 20
608.9594831744
 11
438.1581704341
 21
609.6091918047
  0
LINE
  5
460
100
AcDbEntity
  8
0
100
AcDbLine
 62
7
  6
BYLAYER
 10
433.5863899167
 20
755.2083606121
 11
433.5659892147
 21
755.8580692424
  0
LINE
  5
461
100
AcDbEntity
  8
0
100
AcDbLine
 62
7
  6
BYLAYER
 10
433.3405182545
 20
763.0387255016
 11
433.3201175525
 21
763.6884341319
  0
LINE
  5
462
100
AcDbEntity
  8
0
100
AcDbLine
 62
7
  6
BYLAYER
 10
430.361021329
 20
857.9278554968
 11
430.340620627
 21
858.5775641271
  0
LINE
  5
463
100
AcDbEntity
  8
0
100
AcDbLine
 62
7
  6
BYLAYER
 10
430.1151496668
 20
865.7582203864
 11
430.0947489648
 21
866.4079290167
  0
LINE
  5
464
100
AcDbEntity
  8
0
100
AcDbLine
 62
7
  6
BYLAYER
 10
429.8230793821
 20
888.181792181
 11
430.461730064
 21
867.8424499728
  0
LINE
  5
465
100
AcDbEntity
  8
0
100
AcDbLine
 62
7
  6
BYLAYER
 10
442.7555668924
 20
476.3161251911
 11
442.1169162105
 21
496.6554673993
  0
LINE
  5
466
100
AcDbEntity
  8
0
100
AcDbLine
 62
7
  6
BYLAYER
 10
441.750520121
 20
508.3242178761
 11
438.8915476228
 21
599.374962284
  0
LINE
  5
467
100
AcDbEntity
  8
0
100
AcDbLine
 62
7
  6
BYLAYER
 10
438.5251515333
 20
611.0437127609
 11
434.0534947413
 21
753.4542046112
  0
LINE
  5
468
100
AcDbEntity
  8
0
100
AcDbLine
 62
7
  6
BYLAYER
 10
433.6870986517
 20
765.122955088
 11
430.8281261536
 21
856.173699496
  0
LINE
  5
469
100
AcDbEntity
  8
0
100
AcDbLine
 62
7
  6
BYLAYER
 10
442.8141120426
 20
476.2936897547
 11
442.8226073585
 21
476.0231363161
  0
LINE
  5
46A
100
AcDbEntity
  8
0
100
AcDbLine
 62
7
  6
BYLAYER
 10
442.1630541722
 20
500.0209634091
 11
441.9948806712
 21
505.3768464984
  0
LINE
  5
46B
100
AcDbEntity
  8
0
100
AcDbLine
 62
7
  6
BYLAYER
 10
438.9376855845
 20
602.7404582939
 11
438.7695120835
 21
608.0963413832
  0
LINE
  5
46C
100
AcDbEntity
  8
0
100
AcDbLine
 62
7
  6
BYLAYER
 10
434.0996327029
 20
756.819700621
 11
433.9314592019
 21
762.1755837103
  0
LINE
  5
46D
100
AcDbEntity
  8
0
100
AcDbLine
 62
7
  6
BYLAYER
 10
430.8742641152
 20
859.5391955058
 11
430.7060906142
 21
864.8950785951
  0
LINE
  5
46E
100
AcDbEntity
  8
0
100
AcDbLine
 62
7
  6
BYLAYER
 10
443.2311550044
 20
476.1338722323
 11
443.2396503204
 21
475.8633187938
  0
LINE
  5
46F
100
AcDbEntity
  8
0
100
AcDbLine
 62
7
  6
BYLAYER
 10
430.2916562303
 20
888.222829509
 11
430.2761496505
 21
888.7166732345
  0
LINE
  5
470
100
AcDbEntity
  8
0
100
AcDbLine
 62
7
  6
BYLAYER
 10
444.9450424423
 20
475.4770831986
 11
432.012554932
 21
887.3427501885
  0
LINE
  5
471
100
AcDbEntity
  8
0
100
AcDbLine
 62
7
  6
BYLAYER
 10
432.4656252004
 20
887.877631242
 11
432.4811317801
 21
887.3837875166
  0
LINE
  5
472
100
AcDbEntity
  8
0
100
AcDbLine
 62
7
  6
BYLAYER
 10
445.4291258702
 20
475.0242768013
 11
445.4160105448
 21
475.441965373
  0
LINE
  5
473
100
AcDbEntity
  8
0
100
AcDbLine
 62
7
  6
BYLAYER
 10
445.5873871912
 20
475.4515298924
 11
432.6548996809
 21
887.3171968822
  0
LINE
  5
474
100
AcDbEntity
  8
0
100
AcDbLine
 62
7
  6
BYLAYER
 10
454.7167531
 20
486.2293831201
 11
442.4091807535
 21
878.1931479761
  0
LINE
  5
475
100
AcDbEntity
  8
0
100
AcDbLine
 62
2
  6
BYLAYER
 10
435.4009675855
 20
314.1030683786
 11
435.4009675855
 21
234.1030683786
  0
LINE
  5
476
100
AcDbEntity
  8
0
100
AcDbLine
 62
7
  6
BYLAYER
 10
438.1981010662
 20
609.9388881066
 11
438.4852209012
 21
610.714016459
  0
LINE
  5
477
100
AcDbEntity
  8
0
100
AcDbLine
 62
7
  6
BYLAYER
 10
579.2703827644
 20
901.6150874654
 11
579.3213880423
 21
901.7185947929
  0
LINE
  5
478
100
AcDbEntity
  8
0
100
AcDbLine
 62
7
  6
BYLAYER
 10
580.1961356548
 20
901.3833775397
 11
580.1451303769
 21
901.2798702122
  0
LINE
  5
479
100
AcDbEntity
  8
0
100
AcDbLine
 62
7
  6
BYLAYER
 10
433.8787733708
 20
756.3715007453
 11
433.7868485468
 21
756.3062691181
  0
LINE
  5
47A
100
AcDbEntity
  8
0
100
AcDbLine
 62
7
  6
BYLAYER
 10
434.6615961593
 20
755.9710518649
 11
434.7535209834
 21
756.0362834921
  0
LINE
  5
47B
100
AcDbEntity
  8
0
100
AcDbLine
 62
7
  6
BYLAYER
 10
697.9901640254
 20
912.1866666681
 11
698.5250104161
 21
912.3819267772
  0
LINE
  5
47C
100
AcDbEntity
  8
0
100
AcDbLine
 62
7
  6
BYLAYER
 10
829.1916815136
 20
923.6771185307
 11
829.7265279042
 21
923.8723786398
  0
LINE
  5
47D
100
AcDbEntity
  8
0
100
AcDbLine
 62
4
  6
BYLAYER
 10
1512.6629606285
 20
32.0466168054
 11
1512.8793884768
 21
31.998800118
  0
LINE
  5
47E
100
AcDbEntity
  8
0
100
AcDbLine
 62
4
  6
BYLAYER
 10
1513.9444815343
 20
36.0395554319
 11
1513.7281312118
 21
36.0873472376
  0
LINE
  5
47F
100
AcDbEntity
  8
0
100
AcDbLine
 62
4
  6
BYLAYER
 10
1513.9843799387
 20
37.6670164256
 11
1514.4334309569
 21
37.5630148052
  0
LINE
  5
480
100
AcDbEntity
  8
0
100
AcDbLine
 62
3
  6
BYLAYER
 10
1525.0600489716
 20
30.6615042116
 11
1524.7433020226
 21
30.739241491
  0
LINE
  5
481
100
AcDbEntity
  8
0
100
AcDbLine
 62
7
  6
BYLAYER
 10
442.0550559631
 20
497.0241715916
 11
441.7116716335
 21
498.0409192078
  0
LINE
  5
482
100
AcDbEntity
  8
0
100
AcDbLine
 62
7
  6
BYLAYER
 10
438.8296873754
 20
599.7436664764
 11
438.4863030458
 21
600.7604140926
  0
LINE
  5
483
100
AcDbEntity
  8
0
100
AcDbLine
 62
2
  6
BYLAYER
 10
475.4009675855
 20
294.1030683786
 11
475.4009675855
 21
254.1030683786
  0
LWPOLYLINE
  5
484
100
AcDbEntity
  8
0
100
AcDbPolyline
 62
7
  6
BYLAYER
 90
2
 70
0
 43
0.6
 10
510.5
 20
28.0
 10
510.5
 20
20.0
  0
LWPOLYLINE
  5
485
100
AcDbEntity
  8
0
100
AcDbPolyline
 62
7
  6
BYLAYER
 90
2
 70
0
 43
0.6
 10
510.5
 20
1080.0
 10
510.5
 20
1088.0
  0
LINE
  5
486
100
AcDbEntity
  8
0
100
AcDbLine
 62
7
  6
BYLAYER
 10
441.4234696539
 20
507.2193932218
 11
441.7105894889
 21
507.9945215742
  0
LINE
  5
487
100
AcDbEntity
  8
0
100
AcDbLine
 62
7
  6
BYLAYER
 10
955.70743052
 20
934.7571971125
 11
956.2422769106
 21
934.9524572215
  0
LINE
  5
488
100
AcDbEntity
  8
0
100
AcDbLine
 62
2
  6
BYLAYER
 10
435.4009675855
 20
234.1030683786
 11
1165.4009675855
 21
234.1030683786
  0
LINE
  5
489
100
AcDbEntity
  8
0
100
AcDbLine
 62
2
  6
BYLAYER
 10
435.4009675855
 20
254.1030683786
 11
1165.4009675855
 21
254.1030683786
  0
LINE
  5
48A
100
AcDbEntity
  8
0
100
AcDbLine
 62
2
  6
BYLAYER
 10
435.4009675855
 20
274.1030683786
 11
1165.4009675855
 21
274.1030683786
  0
LINE
  5
48B
100
AcDbEntity
  8
0
100
AcDbLine
 62
7
  6
BYLAYER
 10
1547.6638027375
 20
73.5135852722
 11
1560.7460427375
 21
70.7992492722
  0
LINE
  5
48C
100
AcDbEntity
  8
0
100
AcDbLine
 62
3
  6
BYLAYER
 10
1525.2003010736
 20
32.191333704
 11
1525.3002246729
 21
32.1631523344
  0
LINE
  5
48D
100
AcDbEntity
  8
0
100
AcDbLine
 62
4
  6
BYLAYER
 10
1512.3645576649
 20
30.4699200589
 11
1512.1512248021
 21
30.531127229
  0
LINE
  5
48E
100
AcDbEntity
  8
0
100
AcDbLine
 62
7
  6
BYLAYER
 10
433.9916344938
 20
753.8229088035
 11
433.6482501642
 21
754.8396564198
  0
LINE
  5
48F
100
AcDbEntity
  8
0
100
AcDbLine
 62
2
  6
BYLAYER
 10
555.4009675855
 20
294.1030683786
 11
555.4009675855
 21
254.1030683786
  0
LINE
  5
490
100
AcDbEntity
  8
0
100
AcDbLine
 62
7
  6
BYLAYER
 10
705.7861317708
 20
912.6951660471
 11
705.8371370487
 21
912.7986733747
  0
LINE
  5
491
100
AcDbEntity
  8
0
100
AcDbLine
 62
7
  6
BYLAYER
 10
706.7118846612
 20
912.4634561215
 11
706.6608793833
 21
912.359948794
  0
LINE
  5
492
100
AcDbEntity
  8
0
100
AcDbLine
 62
7
  6
BYLAYER
 10
438.7168262524
 20
602.2922584181
 11
438.6249014284
 21
602.227026791
  0
LINE
  5
493
100
AcDbEntity
  8
0
100
AcDbLine
 62
7
  6
BYLAYER
 10
439.4996490409
 20
601.8918095378
 11
439.5915738649
 21
601.957041165
  0
LINE
  5
494
100
AcDbEntity
  8
0
100
AcDbLine
 62
7
  6
BYLAYER
 10
1091.5947164898
 20
946.6580222558
 11
1092.1295628805
 21
946.8532823649
  0
LWPOLYLINE
  5
495
100
AcDbEntity
  8
0
100
AcDbPolyline
 62
7
  6
BYLAYER
 90
2
 70
0
 43
0.6
 10
28.0
 20
291.0
 10
20.0
 20
291.0
  0
LWPOLYLINE
  5
496
100
AcDbEntity
  8
0
100
AcDbPolyline
 62
7
  6
BYLAYER
 90
2
 70
0
 43
0.6
 10
1572.0
 20
291.0
 10
1580.0
 20
291.0
  0
LINE
  5
497
100
AcDbEntity
  8
0
100
AcDbLine
 62
2
  6
BYLAYER
 10
435.4009675855
 20
294.1030683786
 11
1165.4009675855
 21
294.1030683786
  0
LINE
  5
498
100
AcDbEntity
  8
0
100
AcDbLine
 62
2
  6
BYLAYER
 10
435.4009675855
 20
314.1030683786
 11
1165.4009675855
 21
314.1030683786
  0
LINE
  5
499
100
AcDbEntity
  8
0
100
AcDbLine
 62
3
  6
BYLAYER
 10
1524.7433020226
 20
30.739241491
 11
1524.4379860301
 21
30.8539317655
  0
LINE
  5
49A
100
AcDbEntity
  8
0
100
AcDbLine
 62
7
  6
BYLAYER
 10
430.7662659061
 20
856.5424036883
 11
430.4228815765
 21
857.5591513045
  0
LWPOLYLINE
  5
49B
100
AcDbEntity
  8
0
100
AcDbPolyline
 62
7
  6
BYLAYER
 90
2
 70
0
 43
0.6
 10
607.0
 20
28.0
 10
607.0
 20
20.0
  0
LWPOLYLINE
  5
49C
100
AcDbEntity
  8
0
100
AcDbPolyline
 62
7
  6
BYLAYER
 90
2
 70
0
 43
0.6
 10
607.0
 20
1080.0
 10
607.0
 20
1088.0
  0
LINE
  5
49D
100
AcDbEntity
  8
0
100
AcDbLine
 62
7
  6
BYLAYER
 10
441.9421948401
 20
499.5727635334
 11
441.8502700161
 21
499.5075319062
  0
LINE
  5
49E
100
AcDbEntity
  8
0
100
AcDbLine
 62
7
  6
BYLAYER
 10
442.7250176286
 20
499.172314653
 11
442.8169424526
 21
499.2375462802
  0
LINE
  5
49F
100
AcDbEntity
  8
0
100
AcDbLine
 62
5
  6
BYLAYER
 10
977.1845708633
 20
421.7992278926
 11
976.0343947928
 21
421.5604982068
  0
LINE
  5
4A0
100
AcDbEntity
  8
0
100
AcDbLine
 62
5
  6
BYLAYER
 10
978.4636594293
 20
432.3514902897
 11
979.6138353396
 21
432.5902198713
  0
LINE
  5
4A1
100
AcDbEntity
  8
0
100
AcDbLine
 62
5
  6
BYLAYER
 10
970.9880923688
 20
432.9433491038
 11
969.6187076034
 21
432.7433592993
  0
LINE
  5
4A2
100
AcDbEntity
  8
0
100
AcDbLine
 62
5
  6
BYLAYER
 10
973.4788035369
 20
442.4604620889
 11
974.8481889132
 21
442.6604518622
  0
LINE
  5
4A3
100
AcDbEntity
  8
0
100
AcDbLine
 62
5
  6
BYLAYER
 10
974.9673087878
 20
441.3518942954
 11
973.859123748
 21
441.2328238781
  0
LINE
  5
4A4
100
AcDbEntity
  8
0
100
AcDbLine
 62
5
  6
BYLAYER
 10
976.7114844521
 20
423.0250751208
 11
975.7903425411
 21
422.9357328428
  0
LINE
  5
4A5
100
AcDbEntity
  8
0
100
AcDbLine
 62
5
  6
BYLAYER
 10
978.9367451988
 20
431.1256426433
 11
979.857887752
 21
431.21498534
  0
LINE
  5
4A6
100
AcDbEntity
  8
0
100
AcDbLine
 62
5
  6
BYLAYER
 10
969.7607867512
 20
434.1328359356
 11
970.6077721572
 21
434.1709873147
  0
LINE
  5
4A7
100
AcDbEntity
  8
0
100
AcDbLine
 62
5
  6
BYLAYER
 10
976.0343947928
 20
421.5604982068
 11
974.650178219
 21
421.6805892318
  0
LINE
  5
4A8
100
AcDbEntity
  8
0
100
AcDbLine
 62
5
  6
BYLAYER
 10
979.6138353396
 20
432.5902198713
 11
980.9980518336
 21
432.470128794
  0
LINE
  5
4A9
100
AcDbEntity
  8
0
100
AcDbLine
 62
5
  6
BYLAYER
 10
974.8481889132
 20
442.6604518622
 11
976.0197606679
 21
442.5749158682
  0
LINE
  5
4AA
100
AcDbEntity
  8
0
100
AcDbLine
 62
5
  6
BYLAYER
 10
975.8776817028
 20
441.1854392889
 11
974.9673087878
 21
441.3518942954
  0
LINE
  5
4AB
100
AcDbEntity
  8
0
100
AcDbLine
 62
5
  6
BYLAYER
 10
975.7903425411
 20
422.9357328428
 11
974.9812141768
 21
423.1751880933
  0
LINE
  5
4AC
100
AcDbEntity
  8
0
100
AcDbLine
 62
5
  6
BYLAYER
 10
979.857887752
 20
431.21498534
 11
980.6670159557
 21
430.9755299848
  0
LINE
  5
4AD
100
AcDbEntity
  8
0
100
AcDbLine
 62
5
  6
BYLAYER
 10
969.6187076034
 20
432.7433592993
 11
968.3203622303
 21
433.2381083982
  0
LINE
  5
4AE
100
AcDbEntity
  8
0
100
AcDbLine
 62
5
  6
BYLAYER
 10
974.650178219
 20
421.6805892318
 11
973.7240303328
 21
422.0994538509
  0
LINE
  5
4AF
100
AcDbEntity
  8
0
100
AcDbLine
 62
5
  6
BYLAYER
 10
976.0197606679
 20
442.5749158682
 11
977.3181058133
 21
442.0801671802
  0
LINE
  5
4B0
100
AcDbEntity
  8
0
100
AcDbLine
 62
5
  6
BYLAYER
 10
980.9980518336
 20
432.470128794
 11
981.9242003288
 21
432.0512631091
  0
LINE
  5
4B1
100
AcDbEntity
  8
0
100
AcDbLine
 62
5
  6
BYLAYER
 10
969.0482272862
 20
434.5848166156
 11
969.7607867512
 21
434.1328359356
  0
LINE
  5
4B2
100
AcDbEntity
  8
0
100
AcDbLine
 62
5
  6
BYLAYER
 10
976.5902409851
 20
440.7334585519
 11
975.8776817028
 21
441.1854392889
  0
LINE
  5
4B3
100
AcDbEntity
  8
0
100
AcDbLine
 62
5
  6
BYLAYER
 10
974.9812141768
 20
423.1751880933
 11
974.2840996808
 21
423.7434410818
  0
LINE
  5
4B4
100
AcDbEntity
  8
0
100
AcDbLine
 62
5
  6
BYLAYER
 10
980.6670159557
 20
430.9755299848
 11
981.3641304516
 21
430.4072769964
  0
LINE
  5
4B5
100
AcDbEntity
  8
0
100
AcDbLine
 62
5
  6
BYLAYER
 10
968.3203622303
 20
433.2381083982
 11
967.5444162382
 21
433.8946952872
  0
LINE
  5
4B6
100
AcDbEntity
  8
0
100
AcDbLine
 62
5
  6
BYLAYER
 10
977.3181058133
 20
442.0801671802
 11
978.0940518274
 21
441.4235799772
  0
LINE
  5
4B7
100
AcDbEntity
  8
0
100
AcDbLine
 62
5
  6
BYLAYER
 10
973.7240303328
 20
422.0994538509
 11
972.9098955251
 21
422.8471171557
  0
LINE
  5
4B8
100
AcDbEntity
  8
0
100
AcDbLine
 62
5
  6
BYLAYER
 10
981.9242003288
 20
432.0512631091
 11
982.7383344467
 21
431.3036008178
  0
LINE
  5
4B9
100
AcDbEntity
  8
0
100
AcDbLine
 62
5
  6
BYLAYER
 10
968.5334807696
 20
435.3223232956
 11
969.0482272862
 21
434.5848166156
  0
LINE
  5
4BA
100
AcDbEntity
  8
0
100
AcDbLine
 62
5
  6
BYLAYER
 10
977.1049874108
 20
439.9959521648
 11
976.5902409851
 21
440.7334585519
  0
LINE
  5
4BB
100
AcDbEntity
  8
0
100
AcDbLine
 62
5
  6
BYLAYER
 10
972.9098955251
 20
422.8471171557
 11
971.9737352011
 21
424.282396713
  0
LINE
  5
4BC
100
AcDbEntity
  8
0
100
AcDbLine
 62
5
  6
BYLAYER
 10
974.2840996808
 20
423.7434410818
 11
973.3479393568
 21
425.178720639
  0
LINE
  5
4BD
100
AcDbEntity
  8
0
100
AcDbLine
 62
5
  6
BYLAYER
 10
981.3641304516
 20
430.4072769964
 11
982.3002907756
 21
428.9719974391
  0
LINE
  5
4BE
100
AcDbEntity
  8
0
100
AcDbLine
 62
5
  6
BYLAYER
 10
982.7383344467
 20
431.3036008178
 11
983.6744947706
 21
429.8683212605
  0
LINE
  5
4BF
100
AcDbEntity
  8
0
100
AcDbLine
 62
5
  6
BYLAYER
 10
967.5444162382
 20
433.8946952872
 11
966.9662830577
 21
434.8368081334
  0
LINE
  5
4C0
100
AcDbEntity
  8
0
100
AcDbLine
 62
5
  6
BYLAYER
 10
978.0940518274
 20
441.4235799772
 11
978.6721849401
 21
440.4814672701
  0
LINE
  5
4C1
100
AcDbEntity
  8
0
100
AcDbLine
 62
5
  6
BYLAYER
 10
966.3958028314
 20
436.6782651568
 11
966.3400689175
 21
437.7822162398
  0
LINE
  5
4C2
100
AcDbEntity
  8
0
100
AcDbLine
 62
5
  6
BYLAYER
 10
979.2426651664
 20
438.6400102466
 11
979.2983991482
 21
437.5360590246
  0
LINE
  5
4C3
100
AcDbEntity
  8
0
100
AcDbLine
 62
5
  6
BYLAYER
 10
971.6176691017
 20
425.3288336244
 11
971.6076566634
 21
426.345248563
  0
LINE
  5
4C4
100
AcDbEntity
  8
0
100
AcDbLine
 62
5
  6
BYLAYER
 10
967.9706532938
 20
438.0631250751
 11
967.9630005433
 21
437.1637803191
  0
LINE
  5
4C5
100
AcDbEntity
  8
0
100
AcDbLine
 62
5
  6
BYLAYER
 10
969.560809348
 20
441.2466742118
 11
973.4788035369
 21
442.4604620889
  0
LINE
  5
4C6
100
AcDbEntity
  8
0
100
AcDbLine
 62
5
  6
BYLAYER
 10
973.859123748
 20
441.2328238781
 11
969.9411295591
 21
440.0190360009
  0
LINE
  5
4C7
100
AcDbEntity
  8
0
100
AcDbLine
 62
5
  6
BYLAYER
 10
971.9737352011
 20
424.282396713
 11
971.6176691017
 21
425.3288336244
  0
LINE
  5
4C8
100
AcDbEntity
  8
0
100
AcDbLine
 62
5
  6
BYLAYER
 10
983.6744947706
 20
429.8683212605
 11
984.03056156
 21
428.8218833357
  0
LINE
  5
4C9
100
AcDbEntity
  8
0
100
AcDbLine
 62
5
  6
BYLAYER
 10
966.9662830577
 20
434.8368081334
 11
966.3958028314
 21
436.6782651568
  0
LINE
  5
4CA
100
AcDbEntity
  8
0
100
AcDbLine
 62
5
  6
BYLAYER
 10
967.9630005433
 20
437.1637803191
 11
968.5334807696
 21
435.3223232956
  0
LINE
  5
4CB
100
AcDbEntity
  8
0
100
AcDbLine
 62
5
  6
BYLAYER
 10
970.6077721572
 20
434.1709873147
 11
970.9880923688
 21
432.9433491038
  0
LINE
  5
4CC
100
AcDbEntity
  8
0
100
AcDbLine
 62
5
  6
BYLAYER
 10
976.9956832632
 20
434.8044904552
 11
976.615363052
 21
436.032128666
  0
LINE
  5
4CD
100
AcDbEntity
  8
0
100
AcDbLine
 62
5
  6
BYLAYER
 10
977.6754676371
 20
438.1544951413
 11
977.1049874108
 21
439.9959521648
  0
LINE
  5
4CE
100
AcDbEntity
  8
0
100
AcDbLine
 62
5
  6
BYLAYER
 10
978.6721849401
 20
440.4814672701
 11
979.2426651664
 21
438.6400102466
  0
LINE
  5
4CF
100
AcDbEntity
  8
0
100
AcDbLine
 62
5
  6
BYLAYER
 10
973.3479393568
 20
425.178720639
 11
973.1088928591
 21
426.0457482346
  0
LINE
  5
4D0
100
AcDbEntity
  8
0
100
AcDbLine
 62
5
  6
BYLAYER
 10
982.3002907756
 20
428.9719974391
 11
982.5393372733
 21
428.1049698435
  0
LINE
  5
4D1
100
AcDbEntity
  8
0
100
AcDbLine
 62
5
  6
BYLAYER
 10
984.03056156
 20
428.8218833357
 11
984.0405733891
 21
427.8054694628
  0
LINE
  5
4D2
100
AcDbEntity
  8
0
100
AcDbLine
 62
5
  6
BYLAYER
 10
977.6678149775
 20
437.2551500929
 11
977.6754676371
 21
438.1544951413
  0
LINE
  5
4D3
100
AcDbEntity
  8
0
100
AcDbLine
 62
5
  6
BYLAYER
 10
973.1088928591
 20
426.0457482346
 11
973.2159008125
 21
426.8827529083
  0
LINE
  5
4D4
100
AcDbEntity
  8
0
100
AcDbLine
 62
5
  6
BYLAYER
 10
982.5393372733
 20
428.1049698435
 11
982.4323294801
 21
427.2679652741
  0
LINE
  5
4D5
100
AcDbEntity
  8
0
100
AcDbLine
 62
5
  6
BYLAYER
 10
966.3400689175
 20
437.7822162398
 11
966.6089213247
 21
438.7624802007
  0
LINE
  5
4D6
100
AcDbEntity
  8
0
100
AcDbLine
 62
5
  6
BYLAYER
 10
979.2983991482
 20
437.5360590246
 11
979.0295467189
 21
436.5557953777
  0
LINE
  5
4D7
100
AcDbEntity
  8
0
100
AcDbLine
 62
5
  6
BYLAYER
 10
971.6076566634
 20
426.345248563
 11
972.0557122436
 21
427.6604381211
  0
LINE
  5
4D8
100
AcDbEntity
  8
0
100
AcDbLine
 62
5
  6
BYLAYER
 10
984.0405733891
 20
427.8054694628
 11
983.5925178889
 21
426.490279957
  0
LINE
  5
4D9
100
AcDbEntity
  8
0
100
AcDbLine
 62
5
  6
BYLAYER
 10
968.3028925476
 20
438.8387826055
 11
967.9706532938
 21
438.0631250751
  0
LINE
  5
4DA
100
AcDbEntity
  8
0
100
AcDbLine
 62
5
  6
BYLAYER
 10
977.3355759069
 20
436.4794926185
 11
977.6678149775
 21
437.2551500929
  0
LINE
  5
4DB
100
AcDbEntity
  8
0
100
AcDbLine
 62
5
  6
BYLAYER
 10
973.2159008125
 20
426.8827529083
 11
973.6689628966
 21
427.6897344521
  0
LINE
  5
4DC
100
AcDbEntity
  8
0
100
AcDbLine
 62
5
  6
BYLAYER
 10
982.4323294801
 20
427.2679652741
 11
981.9792667544
 21
426.4609833126
  0
LINE
  5
4DD
100
AcDbEntity
  8
0
100
AcDbLine
 62
5
  6
BYLAYER
 10
966.6089213247
 20
438.7624802007
 11
967.4001729766
 21
439.9045823914
  0
LINE
  5
4DE
100
AcDbEntity
  8
0
100
AcDbLine
 62
5
  6
BYLAYER
 10
979.0295467189
 20
436.5557953777
 11
978.2382952947
 21
435.4136927761
  0
LINE
  5
4DF
100
AcDbEntity
  8
0
100
AcDbLine
 62
5
  6
BYLAYER
 10
972.0557122436
 20
427.6604381211
 11
972.7378084872
 21
428.6168070727
  0
LINE
  5
4E0
100
AcDbEntity
  8
0
100
AcDbLine
 62
5
  6
BYLAYER
 10
983.5925178889
 20
426.490279957
 11
982.9104218059
 21
425.5339111097
  0
LINE
  5
4E1
100
AcDbEntity
  8
0
100
AcDbLine
 62
5
  6
BYLAYER
 10
968.959717893
 20
439.4907529441
 11
968.3028925476
 21
438.8387826055
  0
LINE
  5
4E2
100
AcDbEntity
  8
0
100
AcDbLine
 62
5
  6
BYLAYER
 10
973.6689628966
 20
427.6897344521
 11
974.4680786019
 21
428.4666939956
  0
LINE
  5
4E3
100
AcDbEntity
  8
0
100
AcDbLine
 62
5
  6
BYLAYER
 10
981.9792667544
 20
426.4609833126
 11
981.1801510495
 21
425.6840237686
  0
LINE
  5
4E4
100
AcDbEntity
  8
0
100
AcDbLine
 62
5
  6
BYLAYER
 10
972.7378084872
 20
428.6168070727
 11
973.7659585259
 21
429.543153407
  0
LINE
  5
4E5
100
AcDbEntity
  8
0
100
AcDbLine
 62
5
  6
BYLAYER
 10
982.9104218059
 20
425.5339111097
 11
981.8822714601
 21
424.607563844
  0
LINE
  5
4E6
100
AcDbEntity
  8
0
100
AcDbLine
 62
5
  6
BYLAYER
 10
967.4001729766
 20
439.9045823914
 11
968.3181981105
 21
440.6374719156
  0
LINE
  5
4E7
100
AcDbEntity
  8
0
100
AcDbLine
 62
5
  6
BYLAYER
 10
973.7659585259
 20
429.543153407
 11
977.2014688349
 21
431.7839631698
  0
LINE
  5
4E8
100
AcDbEntity
  8
0
100
AcDbLine
 62
5
  6
BYLAYER
 10
974.4680786019
 20
428.4666939956
 11
977.9035889104
 21
430.7075037588
  0
LINE
  5
4E9
100
AcDbEntity
  8
0
100
AcDbLine
 62
5
  6
BYLAYER
 10
981.1801510495
 20
425.6840237686
 11
977.7446407406
 21
423.4432140059
  0
LINE
  5
4EA
100
AcDbEntity
  8
0
100
AcDbLine
 62
5
  6
BYLAYER
 10
981.8822714601
 20
424.607563844
 11
978.4467611511
 21
422.3667540812
  0
LINE
  5
4EB
100
AcDbEntity
  8
0
100
AcDbLine
 62
5
  6
BYLAYER
 10
976.615363052
 20
436.032128666
 11
977.3355759069
 21
436.4794926185
  0
LINE
  5
4EC
100
AcDbEntity
  8
0
100
AcDbLine
 62
5
  6
BYLAYER
 10
969.9411295591
 20
440.0190360009
 11
968.959717893
 21
439.4907529441
  0
LINE
  5
4ED
100
AcDbEntity
  8
0
100
AcDbLine
 62
5
  6
BYLAYER
 10
968.3181981105
 20
440.6374719156
 11
969.560809348
 21
441.2466742118
  0
LINE
  5
4EE
100
AcDbEntity
  8
0
100
AcDbLine
 62
5
  6
BYLAYER
 10
978.2382952947
 20
435.4136927761
 11
976.9956832632
 21
434.8044904552
  0
LINE
  5
4EF
100
AcDbEntity
  8
0
100
AcDbLine
 62
5
  6
BYLAYER
 10
977.2014688349
 20
431.7839631698
 11
978.4636594293
 21
432.3514902897
  0
LINE
  5
4F0
100
AcDbEntity
  8
0
100
AcDbLine
 62
5
  6
BYLAYER
 10
978.4467611511
 20
422.3667540812
 11
977.1845708633
 21
421.7992278926
  0
LINE
  5
4F1
100
AcDbEntity
  8
0
100
AcDbLine
 62
5
  6
BYLAYER
 10
977.9035889104
 20
430.7075037588
 11
978.9367451988
 21
431.1256426433
  0
LINE
  5
4F2
100
AcDbEntity
  8
0
100
AcDbLine
 62
5
  6
BYLAYER
 10
977.7446407406
 20
423.4432140059
 11
976.7114844521
 21
423.0250751208
  0
CIRCLE
  5
4F3
100
AcDbEntity
  8
0
100
AcDbCircle
 62
5
  6
BYLAYER
 10
968.0125465685
 20
450.6140188334
 40
3.4425
  0
HATCH
  5
4F4
100
AcDbEntity
  8
0
100
AcDbHatch
 62
5
  6
BYLAYER
 10
0.0
 20
0.0
 30
0.0
210
0.0
220
0.0
230
1.0
  2
SOLID
 70
1
 71
1
 91
4
 92
1
 93
24
 72
1
 10
976.0343947928
 20
421.5604982068
 11
974.650178219
 21
421.6805892318
 72
1
 10
974.650178219
 20
421.6805892318
 11
973.7240303328
 21
422.0994538509
 72
1
 10
973.7240303328
 20
422.0994538509
 11
972.9098955251
 21
422.8471171557
 72
1
 10
972.9098955251
 20
422.8471171557
 11
971.9737352011
 21
424.282396713
 72
1
 10
971.9737352011
 20
424.282396713
 11
971.6176691017
 21
425.3288336244
 72
1
 10
971.6176691017
 20
425.3288336244
 11
971.6076566634
 21
426.345248563
 72
1
 10
971.6076566634
 20
426.345248563
 11
972.0557122436
 21
427.6604381211
 72
1
 10
972.0557122436
 20
427.6604381211
 11
972.7378084872
 21
428.6168070727
 72
1
 10
972.7378084872
 20
428.6168070727
 11
973.7659585259
 21
429.543153407
 72
1
 10
973.7659585259
 20
429.543153407
 11
977.2014688349
 21
431.7839631698
 72
1
 10
977.2014688349
 20
431.7839631698
 11
978.4636594293
 21
432.3514902897
 72
1
 10
978.4636594293
 20
432.3514902897
 11
979.6138353396
 21
432.5902198713
 72
1
 10
979.6138353396
 20
432.5902198713
 11
980.9980518336
 21
432.470128794
 72
1
 10
980.9980518336
 20
432.470128794
 11
981.9242003288
 21
432.0512631091
 72
1
 10
981.9242003288
 20
432.0512631091
 11
982.7383344467
 21
431.3036008178
 72
1
 10
982.7383344467
 20
431.3036008178
 11
983.6744947706
 21
429.8683212605
 72
1
 10
983.6744947706
 20
429.8683212605
 11
984.03056156
 21
428.8218833357
 72
1
 10
984.03056156
 20
428.8218833357
 11
984.0405733891
 21
427.8054694628
 72
1
 10
984.0405733891
 20
427.8054694628
 11
983.5925178889
 21
426.490279957
 72
1
 10
983.5925178889
 20
426.490279957
 11
982.9104218059
 21
425.5339111097
 72
1
 10
982.9104218059
 20
425.5339111097
 11
981.8822714601
 21
424.607563844
 72
1
 10
981.8822714601
 20
424.607563844
 11
978.4467611511
 21
422.3667540812
 72
1
 10
978.4467611511
 20
422.3667540812
 11
977.1845708633
 21
421.7992278926
 72
1
 10
977.1845708633
 20
421.7992278926
 11
976.0343947928
 21
421.5604982068
 97
85
330
49F
330
4A0
330
4A1
330
4A2
330
4A3
330
4A4
330
4A5
330
4A6
330
4A7
330
4A8
330
4A9
330
4AA
330
4AB
330
4AC
330
4AD
330
4AE
330
4AF
330
4B0
330
4B1
330
4B2
330
4B3
330
4B4
330
4B5
330
4B6
330
4B7
330
4B8
330
4B9
330
4BA
330
4BB
330
4BC
330
4BD
330
4BE
330
4BF
330
4C0
330
4C1
330
4C2
330
4C3
330
4C4
330
4C5
330
4C6
330
4C7
330
4C8
330
4C9
330
4CA
330
4CB
330
4CC
330
4CD
330
4CE
330
4CF
330
4D0
330
4D1
330
4D2
330
4D3
330
4D4
330
4D5
330
4D6
330
4D7
330
4D8
330
4D9
330
4DA
330
4DB
330
4DC
330
4DD
330
4DE
330
4DF
330
4E0
330
4E1
330
4E2
330
4E3
330
4E4
330
4E5
330
4E6
330
4E7
330
4E8
330
4E9
330
4EA
330
4EB
330
4EC
330
4ED
330
4EE
330
4EF
330
4F0
330
4F1
330
4F2
330
4F3
 92
1
 93
40
 72
1
 10
969.6187076034
 20
432.7433592993
 11
968.3203622303
 21
433.2381083982
 72
1
 10
968.3203622303
 20
433.2381083982
 11
967.5444162382
 21
433.8946952872
 72
1
 10
967.5444162382
 20
433.8946952872
 11
966.9662830577
 21
434.8368081334
 72
1
 10
966.9662830577
 20
434.8368081334
 11
966.3958028314
 21
436.6782651568
 72
1
 10
966.3958028314
 20
436.6782651568
 11
966.3400689175
 21
437.7822162398
 72
1
 10
966.3400689175
 20
437.7822162398
 11
966.6089213247
 21
438.7624802007
 72
1
 10
966.6089213247
 20
438.7624802007
 11
967.4001729766
 21
439.9045823914
 72
1
 10
967.4001729766
 20
439.9045823914
 11
968.3181981105
 21
440.6374719156
 72
1
 10
968.3181981105
 20
440.6374719156
 11
969.560809348
 21
441.2466742118
 72
1
 10
969.560809348
 20
441.2466742118
 11
973.4788035369
 21
442.4604620889
 72
1
 10
973.4788035369
 20
442.4604620889
 11
974.8481889132
 21
442.6604518622
 72
1
 10
974.8481889132
 20
442.6604518622
 11
976.0197606679
 21
442.5749158682
 72
1
 10
976.0197606679
 20
442.5749158682
 11
977.3181058133
 21
442.0801671802
 72
1
 10
977.3181058133
 20
442.0801671802
 11
978.0940518274
 21
441.4235799772
 72
1
 10
978.0940518274
 20
441.4235799772
 11
978.6721849401
 21
440.4814672701
 72
1
 10
978.6721849401
 20
440.4814672701
 11
979.2426651664
 21
438.6400102466
 72
1
 10
979.2426651664
 20
438.6400102466
 11
979.2983991482
 21
437.5360590246
 72
1
 10
979.2983991482
 20
437.5360590246
 11
979.0295467189
 21
436.5557953777
 72
1
 10
979.0295467189
 20
436.5557953777
 11
978.2382952947
 21
435.4136927761
 72
1
 10
978.2382952947
 20
435.4136927761
 11
976.9956832632
 21
434.8044904552
 72
1
 10
976.9956832632
 20
434.8044904552
 11
976.615363052
 21
436.032128666
 72
1
 10
976.615363052
 20
436.032128666
 11
977.3355759069
 21
436.4794926185
 72
1
 10
977.3355759069
 20
436.4794926185
 11
977.6678149775
 21
437.2551500929
 72
1
 10
977.6678149775
 20
437.2551500929
 11
977.6754676371
 21
438.1544951413
 72
1
 10
977.6754676371
 20
438.1544951413
 11
977.1049874108
 21
439.9959521648
 72
1
 10
977.1049874108
 20
439.9959521648
 11
976.5902409851
 21
440.7334585519
 72
1
 10
976.5902409851
 20
440.7334585519
 11
975.8776817028
 21
441.1854392889
 72
1
 10
975.8776817028
 20
441.1854392889
 11
974.9673087878
 21
441.3518942954
 72
1
 10
974.9673087878
 20
441.3518942954
 11
973.859123748
 21
441.2328238781
 72
1
 10
973.859123748
 20
441.2328238781
 11
969.9411295591
 21
440.0190360009
 72
1
 10
969.9411295591
 20
440.0190360009
 11
968.959717893
 21
439.4907529441
 72
1
 10
968.959717893
 20
439.4907529441
 11
968.3028925476
 21
438.8387826055
 72
1
 10
968.3028925476
 20
438.8387826055
 11
967.9706532938
 21
438.0631250751
 72
1
 10
967.9706532938
 20
438.0631250751
 11
967.9630005433
 21
437.1637803191
 72
1
 10
967.9630005433
 20
437.1637803191
 11
968.5334807696
 21
435.3223232956
 72
1
 10
968.5334807696
 20
435.3223232956
 11
969.0482272862
 21
434.5848166156
 72
1
 10
969.0482272862
 20
434.5848166156
 11
969.7607867512
 21
434.1328359356
 72
1
 10
969.7607867512
 20
434.1328359356
 11
970.6077721572
 21
434.1709873147
 72
1
 10
970.6077721572
 20
434.1709873147
 11
970.9880923688
 21
432.9433491038
 72
1
 10
970.9880923688
 20
432.9433491038
 11
969.6187076034
 21
432.7433592993
 97
85
330
49F
330
4A0
330
4A1
330
4A2
330
4A3
330
4A4
330
4A5
330
4A6
330
4A7
330
4A8
330
4A9
330
4AA
330
4AB
330
4AC
330
4AD
330
4AE
330
4AF
330
4B0
330
4B1
330
4B2
330
4B3
330
4B4
330
4B5
330
4B6
330
4B7
330
4B8
330
4B9
330
4BA
330
4BB
330
4BC
330
4BD
330
4BE
330
4BF
330
4C0
330
4C1
330
4C2
330
4C3
330
4C4
330
4C5
330
4C6
330
4C7
330
4C8
330
4C9
330
4CA
330
4CB
330
4CC
330
4CD
330
4CE
330
4CF
330
4D0
330
4D1
330
4D2
330
4D3
330
4D4
330
4D5
330
4D6
330
4D7
330
4D8
330
4D9
330
4DA
330
4DB
330
4DC
330
4DD
330
4DE
330
4DF
330
4E0
330
4E1
330
4E2
330
4E3
330
4E4
330
4E5
330
4E6
330
4E7
330
4E8
330
4E9
330
4EA
330
4EB
330
4EC
330
4ED
330
4EE
330
4EF
330
4F0
330
4F1
330
4F2
330
4F3
 92
1
 93
20
 72
1
 10
975.7903425411
 20
422.9357328428
 11
974.9812141768
 21
423.1751880933
 72
1
 10
974.9812141768
 20
423.1751880933
 11
974.2840996808
 21
423.7434410818
 72
1
 10
974.2840996808
 20
423.7434410818
 11
973.3479393568
 21
425.178720639
 72
1
 10
973.3479393568
 20
425.178720639
 11
973.1088928591
 21
426.0457482346
 72
1
 10
973.1088928591
 20
426.0457482346
 11
973.2159008125
 21
426.8827529083
 72
1
 10
973.2159008125
 20
426.8827529083
 11
973.6689628966
 21
427.6897344521
 72
1
 10
973.6689628966
 20
427.6897344521
 11
974.4680786019
 21
428.4666939956
 72
1
 10
974.4680786019
 20
428.4666939956
 11
977.9035889104
 21
430.7075037588
 72
1
 10
977.9035889104
 20
430.7075037588
 11
978.9367451988
 21
431.1256426433
 72
1
 10
978.9367451988
 20
431.1256426433
 11
979.857887752
 21
431.21498534
 72
1
 10
979.857887752
 20
431.21498534
 11
980.6670159557
 21
430.9755299848
 72
1
 10
980.6670159557
 20
430.9755299848
 11
981.3641304516
 21
430.4072769964
 72
1
 10
981.3641304516
 20
430.4072769964
 11
982.3002907756
 21
428.9719974391
 72
1
 10
982.3002907756
 20
428.9719974391
 11
982.5393372733
 21
428.1049698435
 72
1
 10
982.5393372733
 20
428.1049698435
 11
982.4323294801
 21
427.2679652741
 72
1
 10
982.4323294801
 20
427.2679652741
 11
981.9792667544
 21
426.4609833126
 72
1
 10
981.9792667544
 20
426.4609833126
 11
981.1801510495
 21
425.6840237686
 72
1
 10
981.1801510495
 20
425.6840237686
 11
977.7446407406
 21
423.4432140059
 72
1
 10
977.7446407406
 20
423.4432140059
 11
976.7114844521
 21
423.0250751208
 72
1
 10
976.7114844521
 20
423.0250751208
 11
975.7903425411
 21
422.9357328428
 97
85
330
49F
330
4A0
330
4A1
330
4A2
330
4A3
330
4A4
330
4A5
330
4A6
330
4A7
330
4A8
330
4A9
330
4AA
330
4AB
330
4AC
330
4AD
330
4AE
330
4AF
330
4B0
330
4B1
330
4B2
330
4B3
330
4B4
330
4B5
330
4B6
330
4B7
330
4B8
330
4B9
330
4BA
330
4BB
330
4BC
330
4BD
330
4BE
330
4BF
330
4C0
330
4C1
330
4C2
330
4C3
330
4C4
330
4C5
330
4C6
330
4C7
330
4C8
330
4C9
330
4CA
330
4CB
330
4CC
330
4CD
330
4CE
330
4CF
330
4D0
330
4D1
330
4D2
330
4D3
330
4D4
330
4D5
330
4D6
330
4D7
330
4D8
330
4D9
330
4DA
330
4DB
330
4DC
330
4DD
330
4DE
330
4DF
330
4E0
330
4E1
330
4E2
330
4E3
330
4E4
330
4E5
330
4E6
330
4E7
330
4E8
330
4E9
330
4EA
330
4EB
330
4EC
330
4ED
330
4EE
330
4EF
330
4F0
330
4F1
330
4F2
330
4F3
 92
1
 93
1
 72
2
 10
968.0125465685
 20
450.6140188334
 40
3.4425
 50
0.0
 51
360.0
 73
1
 97
85
330
49F
330
4A0
330
4A1
330
4A2
330
4A3
330
4A4
330
4A5
330
4A6
330
4A7
330
4A8
330
4A9
330
4AA
330
4AB
330
4AC
330
4AD
330
4AE
330
4AF
330
4B0
330
4B1
330
4B2
330
4B3
330
4B4
330
4B5
330
4B6
330
4B7
330
4B8
330
4B9
330
4BA
330
4BB
330
4BC
330
4BD
330
4BE
330
4BF
330
4C0
330
4C1
330
4C2
330
4C3
330
4C4
330
4C5
330
4C6
330
4C7
330
4C8
330
4C9
330
4CA
330
4CB
330
4CC
330
4CD
330
4CE
330
4CF
330
4D0
330
4D1
330
4D2
330
4D3
330
4D4
330
4D5
330
4D6
330
4D7
330
4D8
330
4D9
330
4DA
330
4DB
330
4DC
330
4DD
330
4DE
330
4DF
330
4E0
330
4E1
330
4E2
330
4E3
330
4E4
330
4E5
330
4E6
330
4E7
330
4E8
330
4E9
330
4EA
330
4EB
330
4EC
330
4ED
330
4EE
330
4EF
330
4F0
330
4F1
330
4F2
330
4F3
 75
0
 76
1
 98
1
 10
0.0
 20
0.0
  0
LINE
  5
4F5
100
AcDbEntity
  8
5_ALL_CURVES
100
AcDbLine
 62
5
  6
BYLAYER
 10
977.1845708633
 20
421.7992278926
 11
976.0343947928
 21
421.5604982068
  0
LINE
  5
4F6
100
AcDbEntity
  8
0
100
AcDbLine
 62
5
  6
BYLAYER
 10
987.8207087075
 20
417.8290637908
 11
988.5031672288
 21
417.9589490616
  0
LINE
  5
4F7
100
AcDbEntity
  8
0
100
AcDbLine
 62
5
  6
BYLAYER
 10
996.7496535108
 20
412.1138891024
 11
997.447139486
 21
412.0789432416
  0
LINE
  5
4F8
100
AcDbEntity
  8
0
100
AcDbLine
 62
5
  6
BYLAYER
 10
987.0822829315
 20
416.6586206501
 11
988.08731527
 21
416.5065956645
  0
LINE
  5
4F9
100
AcDbEntity
  8
0
100
AcDbLine
 62
5
  6
BYLAYER
 10
996.9226380227
 20
410.5096715735
 11
995.8398446894
 21
410.7318752774
  0
LINE
  5
4FA
100
AcDbEntity
  8
0
100
AcDbLine
 62
5
  6
BYLAYER
 10
987.1569065525
 20
418.0460306054
 11
987.8207087075
 21
417.8290637908
  0
LINE
  5
4FB
100
AcDbEntity
  8
0
100
AcDbLine
 62
5
  6
BYLAYER
 10
989.8620378892
 20
407.2524442274
 11
988.7061180198
 21
407.8142166862
  0
LINE
  5
4FC
100
AcDbEntity
  8
0
100
AcDbLine
 62
5
  6
BYLAYER
 10
995.8398446894
 20
410.7318752774
 11
992.3720850808
 21
412.4171926538
  0
LINE
  5
4FD
100
AcDbEntity
  8
0
100
AcDbLine
 62
5
  6
BYLAYER
 10
993.0892413256
 20
413.8928348645
 11
996.7496535108
 21
412.1138891024
  0
LINE
  5
4FE
100
AcDbEntity
  8
0
100
AcDbLine
 62
5
  6
BYLAYER
 10
998.5425444571
 20
415.8029953182
 11
994.8821322719
 21
417.5819410798
  0
LINE
  5
4FF
100
AcDbEntity
  8
0
100
AcDbLine
 62
5
  6
BYLAYER
 10
994.3238426064
 20
419.3734153809
 11
998.9475220844
 21
417.1263255461
  0
LINE
  5
500
100
AcDbEntity
  8
0
100
AcDbLine
 62
5
  6
BYLAYER
 10
998.9475220844
 20
417.1263255461
 11
999.7912633367
 21
416.4122411051
  0
LINE
  5
501
100
AcDbEntity
  8
0
100
AcDbLine
 62
5
  6
BYLAYER
 10
978.2662972089
 20
416.0106621616
 11
979.2340177367
 21
415.1649321986
  0
LINE
  5
502
100
AcDbEntity
  8
0
100
AcDbLine
 62
5
  6
BYLAYER
 10
983.266182142
 20
411.641061251
 11
984.3951877326
 21
410.6543777725
  0
LINE
  5
503
100
AcDbEntity
  8
0
100
AcDbLine
 62
5
  6
BYLAYER
 10
983.0128076385
 20
419.4887858139
 11
985.7546786222
 21
417.0925542792
  0
LINE
  5
504
100
AcDbEntity
  8
0
100
AcDbLine
 62
5
  6
BYLAYER
 10
984.0924617524
 20
420.7241723965
 11
987.1569065525
 21
418.0460306054
  0
LINE
  5
505
100
AcDbEntity
  8
0
100
AcDbLine
 62
5
  6
BYLAYER
 10
989.8560423407
 20
421.1344976382
 11
986.7915975407
 21
423.8126394293
  0
LINE
  5
506
100
AcDbEntity
  8
0
100
AcDbLine
 62
5
  6
BYLAYER
 10
990.5944681168
 20
422.3049407784
 11
986.7235887738
 21
425.687858211
  0
LINE
  5
507
100
AcDbEntity
  8
0
100
AcDbLine
 62
5
  6
BYLAYER
 10
999.0009783512
 20
415.2761687202
 11
998.5425444571
 21
415.8029953182
  0
LINE
  5
508
100
AcDbEntity
  8
0
100
AcDbLine
 62
5
  6
BYLAYER
 10
991.2209575381
 20
421.394269793
 11
990.5944681168
 21
422.3049407784
  0
LINE
  5
509
100
AcDbEntity
  8
0
100
AcDbLine
 62
5
  6
BYLAYER
 10
990.1599597913
 20
420.5057352962
 11
989.8560423407
 21
421.1344976382
  0
LINE
  5
50A
100
AcDbEntity
  8
0
100
AcDbLine
 62
5
  6
BYLAYER
 10
999.7912633367
 20
416.4122411051
 11
1000.2032977255
 21
415.2999053842
  0
LINE
  5
50B
100
AcDbEntity
  8
0
100
AcDbLine
 62
5
  6
BYLAYER
 10
999.1472336275
 20
414.59703014
 11
999.0009783512
 21
415.2761687202
  0
LINE
  5
50C
100
AcDbEntity
  8
0
100
AcDbLine
 62
5
  6
BYLAYER
 10
991.3262781152
 20
420.2127559886
 11
991.2209575381
 21
421.394269793
  0
LINE
  5
50D
100
AcDbEntity
  8
0
100
AcDbLine
 62
5
  6
BYLAYER
 10
1000.2032977255
 20
415.2999053842
 11
1000.3031534973
 21
414.0352576812
  0
LINE
  5
50E
100
AcDbEntity
  8
0
100
AcDbLine
 62
5
  6
BYLAYER
 10
990.1226489037
 20
419.8120295123
 11
990.1599597913
 21
420.5057352962
  0
LINE
  5
50F
100
AcDbEntity
  8
0
100
AcDbLine
 62
5
  6
BYLAYER
 10
991.0903685084
 20
418.9663003558
 11
991.3262781152
 21
420.2127559886
  0
LINE
  5
510
100
AcDbEntity
  8
0
100
AcDbLine
 62
5
  6
BYLAYER
 10
998.981308082
 20
413.7655806488
 11
999.1472336275
 21
414.59703014
  0
LINE
  5
511
100
AcDbEntity
  8
0
100
AcDbLine
 62
5
  6
BYLAYER
 10
1000.3031534973
 20
414.0352576812
 11
1000.1372279514
 21
413.20380819
  0
LINE
  5
512
100
AcDbEntity
  8
0
100
AcDbLine
 62
5
  6
BYLAYER
 10
984.3951877326
 20
410.6543777725
 11
987.0822829315
 21
416.6586206501
  0
LINE
  5
513
100
AcDbEntity
  8
0
100
AcDbLine
 62
5
  6
BYLAYER
 10
985.7546786222
 20
417.0925542792
 11
983.266182142
 21
411.641061251
  0
LINE
  5
514
100
AcDbEntity
  8
0
100
AcDbLine
 62
5
  6
BYLAYER
 10
989.7441078321
 20
419.0533818991
 11
990.1226489037
 21
419.8120295123
  0
LINE
  5
515
100
AcDbEntity
  8
0
100
AcDbLine
 62
5
  6
BYLAYER
 10
986.7235887738
 20
425.687858211
 11
978.2662972089
 21
416.0106621616
  0
LINE
  5
516
100
AcDbEntity
  8
0
100
AcDbLine
 62
5
  6
BYLAYER
 10
986.7915975407
 20
423.8126394293
 11
984.0924617524
 21
420.7241723965
  0
LINE
  5
517
100
AcDbEntity
  8
0
100
AcDbLine
 62
5
  6
BYLAYER
 10
979.2340177367
 20
415.1649321986
 11
983.0128076385
 21
419.4887858139
  0
LINE
  5
518
100
AcDbEntity
  8
0
100
AcDbLine
 62
5
  6
BYLAYER
 10
988.5031672288
 20
417.9589490616
 11
989.2042802711
 21
418.4356880309
  0
LINE
  5
519
100
AcDbEntity
  8
0
100
AcDbLine
 62
5
  6
BYLAYER
 10
989.2909444816
 20
416.9073221413
 11
989.9920575239
 21
417.3840611111
  0
LINE
  5
51A
100
AcDbEntity
  8
0
100
AcDbLine
 62
5
  6
BYLAYER
 10
999.1078927544
 20
411.5758533076
 11
998.0518286564
 21
410.8729780634
  0
LINE
  5
51B
100
AcDbEntity
  8
0
100
AcDbLine
 62
5
  6
BYLAYER
 10
997.447139486
 20
412.0789432416
 11
998.0714989256
 21
412.3835661348
  0
LINE
  5
51C
100
AcDbEntity
  8
0
100
AcDbLine
 62
5
  6
BYLAYER
 10
988.08731527
 20
416.5065956645
 11
989.2909444816
 21
416.9073221413
  0
LINE
  5
51D
100
AcDbEntity
  8
0
100
AcDbLine
 62
5
  6
BYLAYER
 10
998.0518286564
 20
410.8729780634
 11
996.9226380227
 21
410.5096715735
  0
LINE
  5
51E
100
AcDbEntity
  8
0
100
AcDbLine
 62
5
  6
BYLAYER
 10
988.7061180198
 20
407.8142166862
 11
994.3238426064
 21
419.3734153809
  0
LINE
  5
51F
100
AcDbEntity
  8
0
100
AcDbLine
 62
5
  6
BYLAYER
 10
994.8821322719
 20
417.5819410798
 11
993.0892413256
 21
413.8928348645
  0
LINE
  5
520
100
AcDbEntity
  8
0
100
AcDbLine
 62
5
  6
BYLAYER
 10
992.3720850808
 20
412.4171926538
 11
989.8620378892
 21
407.2524442274
  0
LINE
  5
521
100
AcDbEntity
  8
0
100
AcDbLine
 62
5
  6
BYLAYER
 10
998.6227296245
 20
413.0277588542
 11
998.981308082
 21
413.7655806488
  0
LINE
  5
522
100
AcDbEntity
  8
0
100
AcDbLine
 62
5
  6
BYLAYER
 10
1000.1372279514
 20
413.20380819
 11
999.6591234534
 21
412.2200460271
  0
LINE
  5
523
100
AcDbEntity
  8
0
100
AcDbLine
 62
5
  6
BYLAYER
 10
990.7118274373
 20
418.2076527426
 11
991.0903685084
 21
418.9663003558
  0
LINE
  5
524
100
AcDbEntity
  8
0
100
AcDbLine
 62
5
  6
BYLAYER
 10
998.0714989256
 20
412.3835661348
 11
998.6227296245
 21
413.0277588542
  0
LINE
  5
525
100
AcDbEntity
  8
0
100
AcDbLine
 62
5
  6
BYLAYER
 10
999.6591234534
 20
412.2200460271
 11
999.1078927544
 21
411.5758533076
  0
LINE
  5
526
100
AcDbEntity
  8
0
100
AcDbLine
 62
5
  6
BYLAYER
 10
989.2042802711
 20
418.4356880309
 11
989.7441078321
 21
419.0533818991
  0
LINE
  5
527
100
AcDbEntity
  8
0
100
AcDbLine
 62
5
  6
BYLAYER
 10
989.9920575239
 20
417.3840611111
 11
990.7118274373
 21
418.2076527426
  0
HATCH
  5
528
100
AcDbEntity
  8
0
100
AcDbHatch
 62
5
  6
BYLAYER
 10
0.0
 20
0.0
 30
0.0
210
0.0
220
0.0
230
1.0
  2
SOLID
 70
1
 71
1
 91
4
 92
1
 93
10
 72
1
 10
988.5031672288
 20
417.9589490616
 11
989.2042802711
 21
418.4356880309
 72
1
 10
989.2042802711
 20
418.4356880309
 11
989.7441078321
 21
419.0533818991
 72
1
 10
989.7441078321
 20
419.0533818991
 11
990.1226489037
 21
419.8120295123
 72
1
 10
990.1226489037
 20
419.8120295123
 11
990.1599597913
 21
420.5057352962
 72
1
 10
990.1599597913
 20
420.5057352962
 11
989.8560423407
 21
421.1344976382
 72
1
 10
989.8560423407
 20
421.1344976382
 11
986.7915975407
 21
423.8126394293
 72
1
 10
986.7915975407
 20
423.8126394293
 11
984.0924617524
 21
420.7241723965
 72
1
 10
984.0924617524
 20
420.7241723965
 11
987.1569065525
 21
418.0460306054
 72
1
 10
987.1569065525
 20
418.0460306054
 11
987.8207087075
 21
417.8290637908
 72
1
 10
987.8207087075
 20
417.8290637908
 11
988.5031672288
 21
417.9589490616
 97
50
330
4F6
330
4F7
330
4F8
330
4F9
330
4FA
330
4FB
330
4FC
330
4FD
330
4FE
330
4FF
330
500
330
501
330
502
330
503
330
504
330
505
330
506
330
507
330
508
330
509
330
50A
330
50B
330
50C
330
50D
330
50E
330
50F
330
510
330
511
330
512
330
513
330
514
330
515
330
516
330
517
330
518
330
519
330
51A
330
51B
330
51C
330
51D
330
51E
330
51F
330
520
330
521
330
522
330
523
330
524
330
525
330
526
330
527
 92
1
 93
10
 72
1
 10
997.447139486
 20
412.0789432416
 11
998.0714989256
 21
412.3835661348
 72
1
 10
998.0714989256
 20
412.3835661348
 11
998.6227296245
 21
413.0277588542
 72
1
 10
998.6227296245
 20
413.0277588542
 11
998.981308082
 21
413.7655806488
 72
1
 10
998.981308082
 20
413.7655806488
 11
999.1472336275
 21
414.59703014
 72
1
 10
999.1472336275
 20
414.59703014
 11
999.0009783512
 21
415.2761687202
 72
1
 10
999.0009783512
 20
415.2761687202
 11
998.5425444571
 21
415.8029953182
 72
1
 10
998.5425444571
 20
415.8029953182
 11
994.8821322719
 21
417.5819410798
 72
1
 10
994.8821322719
 20
417.5819410798
 11
993.0892413256
 21
413.8928348645
 72
1
 10
993.0892413256
 20
413.8928348645
 11
996.7496535108
 21
412.1138891024
 72
1
 10
996.7496535108
 20
412.1138891024
 11
997.447139486
 21
412.0789432416
 97
50
330
4F6
330
4F7
330
4F8
330
4F9
330
4FA
330
4FB
330
4FC
330
4FD
330
4FE
330
4FF
330
500
330
501
330
502
330
503
330
504
330
505
330
506
330
507
330
508
330
509
330
50A
330
50B
330
50C
330
50D
330
50E
330
50F
330
510
330
511
330
512
330
513
330
514
330
515
330
516
330
517
330
518
330
519
330
51A
330
51B
330
51C
330
51D
330
51E
330
51F
330
520
330
521
330
522
330
523
330
524
330
525
330
526
330
527
 92
1
 93
16
 72
1
 10
988.08731527
 20
416.5065956645
 11
989.2909444816
 21
416.9073221413
 72
1
 10
989.2909444816
 20
416.9073221413
 11
989.9920575239
 21
417.3840611111
 72
1
 10
989.9920575239
 20
417.3840611111
 11
990.7118274373
 21
418.2076527426
 72
1
 10
990.7118274373
 20
418.2076527426
 11
991.0903685084
 21
418.9663003558
 72
1
 10
991.0903685084
 20
418.9663003558
 11
991.3262781152
 21
420.2127559886
 72
1
 10
991.3262781152
 20
420.2127559886
 11
991.2209575381
 21
421.394269793
 72
1
 10
991.2209575381
 20
421.394269793
 11
990.5944681168
 21
422.3049407784
 72
1
 10
990.5944681168
 20
422.3049407784
 11
986.7235887738
 21
425.687858211
 72
1
 10
986.7235887738
 20
425.687858211
 11
978.2662972089
 21
416.0106621616
 72
1
 10
978.2662972089
 20
416.0106621616
 11
979.2340177367
 21
415.1649321986
 72
1
 10
979.2340177367
 20
415.1649321986
 11
983.0128076385
 21
419.4887858139
 72
1
 10
983.0128076385
 20
419.4887858139
 11
985.7546786222
 21
417.0925542792
 72
1
 10
985.7546786222
 20
417.0925542792
 11
983.266182142
 21
411.641061251
 72
1
 10
983.266182142
 20
411.641061251
 11
984.3951877326
 21
410.6543777725
 72
1
 10
984.3951877326
 20
410.6543777725
 11
987.0822829315
 21
416.6586206501
 72
1
 10
987.0822829315
 20
416.6586206501
 11
988.08731527
 21
416.5065956645
 97
50
330
4F6
330
4F7
330
4F8
330
4F9
330
4FA
330
4FB
330
4FC
330
4FD
330
4FE
330
4FF
330
500
330
501
330
502
330
503
330
504
330
505
330
506
330
507
330
508
330
509
330
50A
330
50B
330
50C
330
50D
330
50E
330
50F
330
510
330
511
330
512
330
513
330
514
330
515
330
516
330
517
330
518
330
519
330
51A
330
51B
330
51C
330
51D
330
51E
330
51F
330
520
330
521
330
522
330
523
330
524
330
525
330
526
330
527
 92
1
 93
14
 72
1
 10
995.8398446894
 20
410.7318752774
 11
992.3720850808
 21
412.4171926538
 72
1
 10
992.3720850808
 20
412.4171926538
 11
989.8620378892
 21
407.2524442274
 72
1
 10
989.8620378892
 20
407.2524442274
 11
988.7061180198
 21
407.8142166862
 72
1
 10
988.7061180198
 20
407.8142166862
 11
994.3238426064
 21
419.3734153809
 72
1
 10
994.3238426064
 20
419.3734153809
 11
998.9475220844
 21
417.1263255461
 72
1
 10
998.9475220844
 20
417.1263255461
 11
999.7912633367
 21
416.4122411051
 72
1
 10
999.7912633367
 20
416.4122411051
 11
1000.2032977255
 21
415.2999053842
 72
1
 10
1000.2032977255
 20
415.2999053842
 11
1000.3031534973
 21
414.0352576812
 72
1
 10
1000.3031534973
 20
414.0352576812
 11
1000.1372279514
 21
413.20380819
 72
1
 10
1000.1372279514
 20
413.20380819
 11
999.6591234534
 21
412.2200460271
 72
1
 10
999.6591234534
 20
412.2200460271
 11
999.1078927544
 21
411.5758533076
 72
1
 10
999.1078927544
 20
411.5758533076
 11
998.0518286564
 21
410.8729780634
 72
1
 10
998.0518286564
 20
410.8729780634
 11
996.9226380227
 21
410.5096715735
 72
1
 10
996.9226380227
 20
410.5096715735
 11
995.8398446894
 21
410.7318752774
 97
50
330
4F6
330
4F7
330
4F8
330
4F9
330
4FA
330
4FB
330
4FC
330
4FD
330
4FE
330
4FF
330
500
330
501
330
502
330
503
330
504
330
505
330
506
330
507
330
508
330
509
330
50A
330
50B
330
50C
330
50D
330
50E
330
50F
330
510
330
511
330
512
330
513
330
514
330
515
330
516
330
517
330
518
330
519
330
51A
330
51B
330
51C
330
51D
330
51E
330
51F
330
520
330
521
330
522
330
523
330
524
330
525
330
526
330
527
 75
0
 76
1
 98
1
 10
0.0
 20
0.0
  0
LINE
  5
529
100
AcDbEntity
  8
5_ALL_CURVES
100
AcDbLine
 62
5
  6
BYLAYER
 10
987.8207087075
 20
417.8290637908
 11
988.5031672288
 21
417.9589490616
  0
LINE
  5
52A
100
AcDbEntity
  8
0
100
AcDbLine
 62
5
  6
BYLAYER
 10
1007.0443704869
 20
403.4826467484
 11
1006.1523768224
 21
403.3676272631
  0
LINE
  5
52B
100
AcDbEntity
  8
0
100
AcDbLine
 62
5
  6
BYLAYER
 10
1005.2946184871
 20
412.9753835416
 11
1006.1866121516
 21
413.0904030269
  0
LINE
  5
52C
100
AcDbEntity
  8
0
100
AcDbLine
 62
5
  6
BYLAYER
 10
1014.5040911438
 20
400.93809452
 11
1015.7836268837
 21
401.0586238997
  0
LINE
  5
52D
100
AcDbEntity
  8
0
100
AcDbLine
 62
5
  6
BYLAYER
 10
1021.115027425
 20
401.560829801
 11
1022.6078158671
 21
401.701447104
  0
LINE
  5
52E
100
AcDbEntity
  8
0
100
AcDbLine
 62
5
  6
BYLAYER
 10
1015.2450913504
 20
406.7756985612
 11
1018.870440985
 21
407.1171983168
  0
LINE
  5
52F
100
AcDbEntity
  8
0
100
AcDbLine
 62
5
  6
BYLAYER
 10
1015.0912240755
 20
408.4091482468
 11
1019.1430888779
 21
408.7908247686
  0
LINE
  5
530
100
AcDbEntity
  8
0
100
AcDbLine
 62
5
  6
BYLAYER
 10
1018.758420619
 20
412.874449745
 11
1014.7065558171
 21
412.4927732233
  0
LINE
  5
531
100
AcDbEntity
  8
0
100
AcDbLine
 62
5
  6
BYLAYER
 10
1006.9602339054
 20
401.8301834844
 11
1005.8575306916
 21
401.7536571886
  0
LINE
  5
532
100
AcDbEntity
  8
0
100
AcDbLine
 62
5
  6
BYLAYER
 10
1018.4169403067
 20
414.2155694332
 11
1013.2987973485
 21
413.7334519151
  0
LINE
  5
533
100
AcDbEntity
  8
0
100
AcDbLine
 62
5
  6
BYLAYER
 10
1005.3787502156
 20
414.6278475216
 11
1006.481458248
 21
414.7043729127
  0
LINE
  5
534
100
AcDbEntity
  8
0
100
AcDbLine
 62
5
  6
BYLAYER
 10
1005.8575306916
 20
401.7536571886
 11
1004.1718302173
 21
402.0616072989
  0
LINE
  5
535
100
AcDbEntity
  8
0
100
AcDbLine
 62
5
  6
BYLAYER
 10
1006.1523768224
 20
403.3676272631
 11
1004.4666763481
 21
403.6755773734
  0
LINE
  5
536
100
AcDbEntity
  8
0
100
AcDbLine
 62
5
  6
BYLAYER
 10
1019.5088630082
 20
414.0437688153
 11
1018.4169403067
 21
414.2155694332
  0
LINE
  5
537
100
AcDbEntity
  8
0
100
AcDbLine
 62
5
  6
BYLAYER
 10
1006.1866121516
 20
413.0904030269
 11
1007.872312626
 21
412.7824529166
  0
LINE
  5
538
100
AcDbEntity
  8
0
100
AcDbLine
 62
5
  6
BYLAYER
 10
1006.481458248
 20
414.7043729127
 11
1008.1671587223
 21
414.3964228024
  0
LINE
  5
539
100
AcDbEntity
  8
0
100
AcDbLine
 62
5
  6
BYLAYER
 10
1019.4238330346
 20
412.6624728204
 11
1018.758420619
 21
412.874449745
  0
LINE
  5
53A
100
AcDbEntity
  8
0
100
AcDbLine
 62
5
  6
BYLAYER
 10
1004.1718302173
 20
402.0616072989
 11
1003.1674042214
 21
402.5230718935
  0
LINE
  5
53B
100
AcDbEntity
  8
0
100
AcDbLine
 62
5
  6
BYLAYER
 10
1008.1671587223
 20
414.3964228024
 11
1009.1715798996
 21
413.9349591126
  0
LINE
  5
53C
100
AcDbEntity
  8
0
100
AcDbLine
 62
5
  6
BYLAYER
 10
1004.4666763481
 20
403.6755773734
 11
1003.672964716
 21
404.0985478503
  0
LINE
  5
53D
100
AcDbEntity
  8
0
100
AcDbLine
 62
5
  6
BYLAYER
 10
1007.872312626
 20
412.7824529166
 11
1008.6660242585
 21
412.3594824397
  0
LINE
  5
53E
100
AcDbEntity
  8
0
100
AcDbLine
 62
5
  6
BYLAYER
 10
1020.438822099
 20
413.3073970454
 11
1019.5088630082
 21
414.0437688153
  0
LINE
  5
53F
100
AcDbEntity
  8
0
100
AcDbLine
 62
5
  6
BYLAYER
 10
1003.1674042214
 20
402.5230718935
 11
1002.4228384409
 21
403.2150365411
  0
LINE
  5
540
100
AcDbEntity
  8
0
100
AcDbLine
 62
5
  6
BYLAYER
 10
1009.1715798996
 20
413.9349591126
 11
1009.9161505162
 21
413.2429936548
  0
LINE
  5
541
100
AcDbEntity
  8
0
100
AcDbLine
 62
5
  6
BYLAYER
 10
1019.9016324124
 20
412.1581658989
 11
1019.4238330346
 21
412.6624728204
  0
LINE
  5
542
100
AcDbEntity
  8
0
100
AcDbLine
 62
5
  6
BYLAYER
 10
1003.672964716
 20
404.0985478503
 11
1003.1391085018
 21
404.7520194021
  0
LINE
  5
543
100
AcDbEntity
  8
0
100
AcDbLine
 62
5
  6
BYLAYER
 10
1008.6660242585
 20
412.3594824397
 11
1009.1998805067
 21
411.7060110761
  0
LINE
  5
544
100
AcDbEntity
  8
0
100
AcDbLine
 62
5
  6
BYLAYER
 10
1021.1811681518
 20
412.2786952781
 11
1020.438822099
 21
413.3073970454
  0
LINE
  5
545
100
AcDbEntity
  8
0
100
AcDbLine
 62
5
  6
BYLAYER
 10
1002.4228384409
 20
403.2150365411
 11
1001.7765498737
 21
404.4449920548
  0
LINE
  5
546
100
AcDbEntity
  8
0
100
AcDbLine
 62
5
  6
BYLAYER
 10
1009.9161505162
 20
413.2429936548
 11
1010.5624391003
 21
412.0130382352
  0
LINE
  5
547
100
AcDbEntity
  8
0
100
AcDbLine
 62
5
  6
BYLAYER
 10
1022.6078158671
 20
401.701447104
 11
1020.0986876329
 21
407.7822109251
  0
LINE
  5
548
100
AcDbEntity
  8
0
100
AcDbLine
 62
5
  6
BYLAYER
 10
1018.870440985
 20
407.1171983168
 11
1021.115027425
 21
401.560829801
  0
LINE
  5
549
100
AcDbEntity
  8
0
100
AcDbLine
 62
5
  6
BYLAYER
 10
1020.1918236332
 20
411.361529439
 11
1019.9016324124
 21
412.1581658989
  0
LINE
  5
54A
100
AcDbEntity
  8
0
100
AcDbLine
 62
5
  6
BYLAYER
 10
1021.4713593726
 20
411.4820588186
 11
1021.1811681518
 21
412.2786952781
  0
LINE
  5
54B
100
AcDbEntity
  8
0
100
AcDbLine
 62
5
  6
BYLAYER
 10
1003.1391085018
 20
404.7520194021
 11
1002.865107637
 21
405.6359916523
  0
LINE
  5
54C
100
AcDbEntity
  8
0
100
AcDbLine
 62
5
  6
BYLAYER
 10
1009.1998805067
 20
411.7060110761
 11
1009.4738812337
 21
410.8220380721
  0
LINE
  5
54D
100
AcDbEntity
  8
0
100
AcDbLine
 62
5
  6
BYLAYER
 10
1001.7765498737
 20
404.4449920548
 11
1001.5516876483
 21
405.5979599148
  0
LINE
  5
54E
100
AcDbEntity
  8
0
100
AcDbLine
 62
5
  6
BYLAYER
 10
1013.2987973485
 20
413.7334519151
 11
1014.5040911438
 21
400.93809452
  0
LINE
  5
54F
100
AcDbEntity
  8
0
100
AcDbLine
 62
5
  6
BYLAYER
 10
1014.7065558171
 20
412.4927732233
 11
1015.0912240755
 21
408.4091482468
  0
LINE
  5
550
100
AcDbEntity
  8
0
100
AcDbLine
 62
5
  6
BYLAYER
 10
1015.7836268837
 20
401.0586238997
 11
1015.2450913504
 21
406.7756985612
  0
LINE
  5
551
100
AcDbEntity
  8
0
100
AcDbLine
 62
5
  6
BYLAYER
 10
1020.2687573425
 20
410.5448038338
 11
1020.1918236332
 21
411.361529439
  0
LINE
  5
552
100
AcDbEntity
  8
0
100
AcDbLine
 62
5
  6
BYLAYER
 10
1021.5739376276
 20
410.3930915993
 11
1021.4713593726
 21
411.4820588186
  0
LINE
  5
553
100
AcDbEntity
  8
0
100
AcDbLine
 62
5
  6
BYLAYER
 10
1002.865107637
 20
405.6359916523
 11
1002.8509573335
 21
406.7504656706
  0
LINE
  5
554
100
AcDbEntity
  8
0
100
AcDbLine
 62
5
  6
BYLAYER
 10
1009.4738812337
 20
410.8220380721
 11
1009.4880315372
 21
409.7075640539
  0
LINE
  5
555
100
AcDbEntity
  8
0
100
AcDbLine
 62
5
  6
BYLAYER
 10
1001.5516876483
 20
405.5979599148
 11
1001.5866807723
 21
406.9814284737
  0
LINE
  5
556
100
AcDbEntity
  8
0
100
AcDbLine
 62
5
  6
BYLAYER
 10
1010.787298949
 20
410.8600710035
 11
1010.7523080989
 21
409.4766012512
  0
LINE
  5
557
100
AcDbEntity
  8
0
100
AcDbLine
 62
5
  6
BYLAYER
 10
1001.5866807723
 20
406.9814284737
 11
1002.3237960818
 21
411.0163535653
  0
LINE
  5
558
100
AcDbEntity
  8
0
100
AcDbLine
 62
5
  6
BYLAYER
 10
1002.8509573335
 20
406.7504656706
 11
1003.5880726435
 21
410.7853907621
  0
LINE
  5
559
100
AcDbEntity
  8
0
100
AcDbLine
 62
5
  6
BYLAYER
 10
1004.5641981741
 20
412.5528749812
 11
1005.2946184871
 21
412.9753835416
  0
LINE
  5
55A
100
AcDbEntity
  8
0
100
AcDbLine
 62
5
  6
BYLAYER
 10
1004.4376203578
 20
414.2438321746
 11
1005.3787502156
 21
414.6278475216
  0
LINE
  5
55B
100
AcDbEntity
  8
0
100
AcDbLine
 62
5
  6
BYLAYER
 10
1007.9013685992
 20
402.2141980213
 11
1006.9602339054
 21
401.8301834844
  0
LINE
  5
55C
100
AcDbEntity
  8
0
100
AcDbLine
 62
5
  6
BYLAYER
 10
1010.5624391003
 20
412.0130382352
 11
1010.787298949
 21
410.8600710035
  0
LINE
  5
55D
100
AcDbEntity
  8
0
100
AcDbLine
 62
5
  6
BYLAYER
 10
1020.132433396
 20
409.7079906077
 11
1020.2687573425
 21
410.5448038338
  0
LINE
  5
55E
100
AcDbEntity
  8
0
100
AcDbLine
 62
5
  6
BYLAYER
 10
1021.4376136816
 20
409.5562783732
 11
1021.5739376276
 21
410.3930915993
  0
LINE
  5
55F
100
AcDbEntity
  8
0
100
AcDbLine
 62
5
  6
BYLAYER
 10
1009.4880315372
 20
409.7075640539
 11
1008.7509162273
 21
405.6726389623
  0
LINE
  5
560
100
AcDbEntity
  8
0
100
AcDbLine
 62
5
  6
BYLAYER
 10
1010.7523080989
 20
409.4766012512
 11
1010.0151927889
 21
405.4416761596
  0
LINE
  5
561
100
AcDbEntity
  8
0
100
AcDbLine
 62
5
  6
BYLAYER
 10
1002.3237960818
 20
411.0163535653
 11
1002.7802132567
 21
412.3228355699
  0
LINE
  5
562
100
AcDbEntity
  8
0
100
AcDbLine
 62
5
  6
BYLAYER
 10
1010.0151927889
 20
405.4416761596
 11
1009.5587733406
 21
404.1351953489
  0
LINE
  5
563
100
AcDbEntity
  8
0
100
AcDbLine
 62
5
  6
BYLAYER
 10
1003.5880726435
 20
410.7853907621
 11
1003.9953510753
 21
411.8228765919
  0
LINE
  5
564
100
AcDbEntity
  8
0
100
AcDbLine
 62
5
  6
BYLAYER
 10
1008.7509162273
 20
405.6726389623
 11
1008.3436377954
 21
404.635153133
  0
LINE
  5
565
100
AcDbEntity
  8
0
100
AcDbLine
 62
5
  6
BYLAYER
 10
1020.9004239951
 20
408.4070472262
 11
1021.4376136816
 21
409.5562783732
  0
LINE
  5
566
100
AcDbEntity
  8
0
100
AcDbLine
 62
5
  6
BYLAYER
 10
1002.7802132567
 20
412.3228355699
 11
1003.3982036449
 21
413.3218277461
  0
LINE
  5
567
100
AcDbEntity
  8
0
100
AcDbLine
 62
5
  6
BYLAYER
 10
1009.5587733406
 20
404.1351953489
 11
1008.9407853291
 21
403.1362025439
  0
LINE
  5
568
100
AcDbEntity
  8
0
100
AcDbLine
 62
5
  6
BYLAYER
 10
1019.7572122017
 20
409.1233310727
 11
1020.132433396
 21
409.7079906077
  0
LINE
  5
569
100
AcDbEntity
  8
0
100
AcDbLine
 62
5
  6
BYLAYER
 10
1003.9953510753
 20
411.8228765919
 11
1004.5641981741
 21
412.5528749812
  0
LINE
  5
56A
100
AcDbEntity
  8
0
100
AcDbLine
 62
5
  6
BYLAYER
 10
1008.3436377954
 20
404.635153133
 11
1007.7747908343
 21
403.905155497
  0
LINE
  5
56B
100
AcDbEntity
  8
0
100
AcDbLine
 62
5
  6
BYLAYER
 10
1003.3982036449
 20
413.3218277461
 11
1004.4376203578
 21
414.2438321746
  0
LINE
  5
56C
100
AcDbEntity
  8
0
100
AcDbLine
 62
5
  6
BYLAYER
 10
1008.9407853291
 20
403.1362025439
 11
1007.9013685992
 21
402.2141980213
  0
LINE
  5
56D
100
AcDbEntity
  8
0
100
AcDbLine
 62
5
  6
BYLAYER
 10
1020.0986876329
 20
407.7822109251
 11
1020.9004239951
 21
408.4070472262
  0
LINE
  5
56E
100
AcDbEntity
  8
0
100
AcDbLine
 62
5
  6
BYLAYER
 10
1007.7747908343
 20
403.905155497
 11
1007.0443704869
 21
403.4826467484
  0
LINE
  5
56F
100
AcDbEntity
  8
0
100
AcDbLine
 62
5
  6
BYLAYER
 10
1019.1430888779
 20
408.7908247686
 11
1019.7572122017
 21
409.1233310727
  0
HATCH
  5
570
100
AcDbEntity
  8
0
100
AcDbHatch
 62
5
  6
BYLAYER
 10
0.0
 20
0.0
 30
0.0
210
0.0
220
0.0
230
1.0
  2
SOLID
 70
1
 71
1
 91
4
 92
1
 93
20
 72
1
 10
1006.1523768224
 20
403.3676272631
 11
1004.4666763481
 21
403.6755773734
 72
1
 10
1004.4666763481
 20
403.6755773734
 11
1003.672964716
 21
404.0985478503
 72
1
 10
1003.672964716
 20
404.0985478503
 11
1003.1391085018
 21
404.7520194021
 72
1
 10
1003.1391085018
 20
404.7520194021
 11
1002.865107637
 21
405.6359916523
 72
1
 10
1002.865107637
 20
405.6359916523
 11
1002.8509573335
 21
406.7504656706
 72
1
 10
1002.8509573335
 20
406.7504656706
 11
1003.5880726435
 21
410.7853907621
 72
1
 10
1003.5880726435
 20
410.7853907621
 11
1003.9953510753
 21
411.8228765919
 72
1
 10
1003.9953510753
 20
411.8228765919
 11
1004.5641981741
 21
412.5528749812
 72
1
 10
1004.5641981741
 20
412.5528749812
 11
1005.2946184871
 21
412.9753835416
 72
1
 10
1005.2946184871
 20
412.9753835416
 11
1006.1866121516
 21
413.0904030269
 72
1
 10
1006.1866121516
 20
413.0904030269
 11
1007.872312626
 21
412.7824529166
 72
1
 10
1007.872312626
 20
412.7824529166
 11
1008.6660242585
 21
412.3594824397
 72
1
 10
1008.6660242585
 20
412.3594824397
 11
1009.1998805067
 21
411.7060110761
 72
1
 10
1009.1998805067
 20
411.7060110761
 11
1009.4738812337
 21
410.8220380721
 72
1
 10
1009.4738812337
 20
410.8220380721
 11
1009.4880315372
 21
409.7075640539
 72
1
 10
1009.4880315372
 20
409.7075640539
 11
1008.7509162273
 21
405.6726389623
 72
1
 10
1008.7509162273
 20
405.6726389623
 11
1008.3436377954
 21
404.635153133
 72
1
 10
1008.3436377954
 20
404.635153133
 11
1007.7747908343
 21
403.905155497
 72
1
 10
1007.7747908343
 20
403.905155497
 11
1007.0443704869
 21
403.4826467484
 72
1
 10
1007.0443704869
 20
403.4826467484
 11
1006.1523768224
 21
403.3676272631
 97
70
330
52A
330
52B
330
52C
330
52D
330
52E
330
52F
330
530
330
531
330
532
330
533
330
534
330
535
330
536
330
537
330
538
330
539
330
53A
330
53B
330
53C
330
53D
330
53E
330
53F
330
540
330
541
330
542
330
543
330
544
330
545
330
546
330
547
330
548
330
549
330
54A
330
54B
330
54C
330
54D
330
54E
330
54F
330
550
330
551
330
552
330
553
330
554
330
555
330
556
330
557
330
558
330
559
330
55A
330
55B
330
55C
330
55D
330
55E
330
55F
330
560
330
561
330
562
330
563
330
564
330
565
330
566
330
567
330
568
330
569
330
56A
330
56B
330
56C
330
56D
330
56E
330
56F
 92
1
 93
16
 72
1
 10
1015.7836268837
 20
401.0586238997
 11
1015.2450913504
 21
406.7756985612
 72
1
 10
1015.2450913504
 20
406.7756985612
 11
1018.870440985
 21
407.1171983168
 72
1
 10
1018.870440985
 20
407.1171983168
 11
1021.115027425
 21
401.560829801
 72
1
 10
1021.115027425
 20
401.560829801
 11
1022.6078158671
 21
401.701447104
 72
1
 10
1022.6078158671
 20
401.701447104
 11
1020.0986876329
 21
407.7822109251
 72
1
 10
1020.0986876329
 20
407.7822109251
 11
1020.9004239951
 21
408.4070472262
 72
1
 10
1020.9004239951
 20
408.4070472262
 11
1021.4376136816
 21
409.5562783732
 72
1
 10
1021.4376136816
 20
409.5562783732
 11
1021.5739376276
 21
410.3930915993
 72
1
 10
1021.5739376276
 20
410.3930915993
 11
1021.4713593726
 21
411.4820588186
 72
1
 10
1021.4713593726
 20
411.4820588186
 11
1021.1811681518
 21
412.2786952781
 72
1
 10
1021.1811681518
 20
412.2786952781
 11
1020.438822099
 21
413.3073970454
 72
1
 10
1020.438822099
 20
413.3073970454
 11
1019.5088630082
 21
414.0437688153
 72
1
 10
1019.5088630082
 20
414.0437688153
 11
1018.4169403067
 21
414.2155694332
 72
1
 10
1018.4169403067
 20
414.2155694332
 11
1013.2987973485
 21
413.7334519151
 72
1
 10
1013.2987973485
 20
413.7334519151
 11
1014.5040911438
 21
400.93809452
 72
1
 10
1014.5040911438
 20
400.93809452
 11
1015.7836268837
 21
401.0586238997
 97
70
330
52A
330
52B
330
52C
330
52D
330
52E
330
52F
330
530
330
531
330
532
330
533
330
534
330
535
330
536
330
537
330
538
330
539
330
53A
330
53B
330
53C
330
53D
330
53E
330
53F
330
540
330
541
330
542
330
543
330
544
330
545
330
546
330
547
330
548
330
549
330
54A
330
54B
330
54C
330
54D
330
54E
330
54F
330
550
330
551
330
552
330
553
330
554
330
555
330
556
330
557
330
558
330
559
330
55A
330
55B
330
55C
330
55D
330
55E
330
55F
330
560
330
561
330
562
330
563
330
564
330
565
330
566
330
567
330
568
330
569
330
56A
330
56B
330
56C
330
56D
330
56E
330
56F
 92
1
 93
10
 72
1
 10
1019.1430888779
 20
408.7908247686
 11
1019.7572122017
 21
409.1233310727
 72
1
 10
1019.7572122017
 20
409.1233310727
 11
1020.132433396
 21
409.7079906077
 72
1
 10
1020.132433396
 20
409.7079906077
 11
1020.2687573425
 21
410.5448038338
 72
1
 10
1020.2687573425
 20
410.5448038338
 11
1020.1918236332
 21
411.361529439
 72
1
 10
1020.1918236332
 20
411.361529439
 11
1019.9016324124
 21
412.1581658989
 72
1
 10
1019.9016324124
 20
412.1581658989
 11
1019.4238330346
 21
412.6624728204
 72
1
 10
1019.4238330346
 20
412.6624728204
 11
1018.758420619
 21
412.874449745
 72
1
 10
1018.758420619
 20
412.874449745
 11
1014.7065558171
 21
412.4927732233
 72
1
 10
1014.7065558171
 20
412.4927732233
 11
1015.0912240755
 21
408.4091482468
 72
1
 10
1015.0912240755
 20
408.4091482468
 11
1019.1430888779
 21
408.7908247686
 97
70
330
52A
330
52B
330
52C
330
52D
330
52E
330
52F
330
530
330
531
330
532
330
533
330
534
330
535
330
536
330
537
330
538
330
539
330
53A
330
53B
330
53C
330
53D
330
53E
330
53F
330
540
330
541
330
542
330
543
330
544
330
545
330
546
330
547
330
548
330
549
330
54A
330
54B
330
54C
330
54D
330
54E
330
54F
330
550
330
551
330
552
330
553
330
554
330
555
330
556
330
557
330
558
330
559
330
55A
330
55B
330
55C
330
55D
330
55E
330
55F
330
560
330
561
330
562
330
563
330
564
330
565
330
566
330
567
330
568
330
569
330
56A
330
56B
330
56C
330
56D
330
56E
330
56F
 92
1
 93
24
 72
1
 10
1005.8575306916
 20
401.7536571886
 11
1004.1718302173
 21
402.0616072989
 72
1
 10
1004.1718302173
 20
402.0616072989
 11
1003.1674042214
 21
402.5230718935
 72
1
 10
1003.1674042214
 20
402.5230718935
 11
1002.4228384409
 21
403.2150365411
 72
1
 10
1002.4228384409
 20
403.2150365411
 11
1001.7765498737
 21
404.4449920548
 72
1
 10
1001.7765498737
 20
404.4449920548
 11
1001.5516876483
 21
405.5979599148
 72
1
 10
1001.5516876483
 20
405.5979599148
 11
1001.5866807723
 21
406.9814284737
 72
1
 10
1001.5866807723
 20
406.9814284737
 11
1002.3237960818
 21
411.0163535653
 72
1
 10
1002.3237960818
 20
411.0163535653
 11
1002.7802132567
 21
412.3228355699
 72
1
 10
1002.7802132567
 20
412.3228355699
 11
1003.3982036449
 21
413.3218277461
 72
1
 10
1003.3982036449
 20
413.3218277461
 11
1004.4376203578
 21
414.2438321746
 72
1
 10
1004.4376203578
 20
414.2438321746
 11
1005.3787502156
 21
414.6278475216
 72
1
 10
1005.3787502156
 20
414.6278475216
 11
1006.481458248
 21
414.7043729127
 72
1
 10
1006.481458248
 20
414.7043729127
 11
1008.1671587223
 21
414.3964228024
 72
1
 10
1008.1671587223
 20
414.3964228024
 11
1009.1715798996
 21
413.9349591126
 72
1
 10
1009.1715798996
 20
413.9349591126
 11
1009.9161505162
 21
413.2429936548
 72
1
 10
1009.9161505162
 20
413.2429936548
 11
1010.5624391003
 21
412.0130382352
 72
1
 10
1010.5624391003
 20
412.0130382352
 11
1010.787298949
 21
410.8600710035
 72
1
 10
1010.787298949
 20
410.8600710035
 11
1010.7523080989
 21
409.4766012512
 72
1
 10
1010.7523080989
 20
409.4766012512
 11
1010.0151927889
 21
405.4416761596
 72
1
 10
1010.0151927889
 20
405.4416761596
 11
1009.5587733406
 21
404.1351953489
 72
1
 10
1009.5587733406
 20
404.1351953489
 11
1008.9407853291
 21
403.1362025439
 72
1
 10
1008.9407853291
 20
403.1362025439
 11
1007.9013685992
 21
402.2141980213
 72
1
 10
1007.9013685992
 20
402.2141980213
 11
1006.9602339054
 21
401.8301834844
 72
1
 10
1006.9602339054
 20
401.8301834844
 11
1005.8575306916
 21
401.7536571886
 97
70
330
52A
330
52B
330
52C
330
52D
330
52E
330
52F
330
530
330
531
330
532
330
533
330
534
330
535
330
536
330
537
330
538
330
539
330
53A
330
53B
330
53C
330
53D
330
53E
330
53F
330
540
330
541
330
542
330
543
330
544
330
545
330
546
330
547
330
548
330
549
330
54A
330
54B
330
54C
330
54D
330
54E
330
54F
330
550
330
551
330
552
330
553
330
554
330
555
330
556
330
557
330
558
330
559
330
55A
330
55B
330
55C
330
55D
330
55E
330
55F
330
560
330
561
330
562
330
563
330
564
330
565
330
566
330
567
330
568
330
569
330
56A
330
56B
330
56C
330
56D
330
56E
330
56F
 75
0
 76
1
 98
1
 10
0.0
 20
0.0
  0
LINE
  5
571
100
AcDbEntity
  8
5_ALL_CURVES
100
AcDbLine
 62
5
  6
BYLAYER
 10
1007.0443704869
 20
403.4826467484
 11
1006.1523768224
 21
403.3676272631
  0
LINE
  5
572
100
AcDbEntity
  8
5_ALL_CURVES
100
AcDbLine
 62
5
  6
BYLAYER
 10
1005.2946184871
 20
412.9753835416
 11
1006.1866121516
 21
413.0904030269
  0
LINE
  5
573
100
AcDbEntity
  8
5_ALL_CURVES
100
AcDbLine
 62
5
  6
BYLAYER
 10
1014.5040911438
 20
400.93809452
 11
1015.7836268837
 21
401.0586238997
  0
LINE
  5
574
100
AcDbEntity
  8
5_ALL_CURVES
100
AcDbLine
 62
5
  6
BYLAYER
 10
1021.115027425
 20
401.560829801
 11
1022.6078158671
 21
401.701447104
  0
LINE
  5
575
100
AcDbEntity
  8
5_ALL_CURVES
100
AcDbLine
 62
5
  6
BYLAYER
 10
1015.2450913504
 20
406.7756985612
 11
1018.870440985
 21
407.1171983168
  0
LINE
  5
576
100
AcDbEntity
  8
5_ALL_CURVES
100
AcDbLine
 62
5
  6
BYLAYER
 10
1015.0912240755
 20
408.4091482468
 11
1019.1430888779
 21
408.7908247686
  0
LINE
  5
577
100
AcDbEntity
  8
5_ALL_CURVES
100
AcDbLine
 62
5
  6
BYLAYER
 10
1018.758420619
 20
412.874449745
 11
1014.7065558171
 21
412.4927732233
  0
LINE
  5
578
100
AcDbEntity
  8
5_ALL_CURVES
100
AcDbLine
 62
5
  6
BYLAYER
 10
1006.9602339054
 20
401.8301834844
 11
1005.8575306916
 21
401.7536571886
  0
LINE
  5
579
100
AcDbEntity
  8
0
100
AcDbLine
 62
7
  6
BYLAYER
 10
445.4291258702
 20
475.0242768013
 11
441.0849283507
 21
476.6890426594
  0
LINE
  5
57A
100
AcDbEntity
  8
0
100
AcDbLine
 62
7
  6
BYLAYER
 10
444.9450424423
 20
475.4770831986
 11
442.7555668924
 21
476.3161251911
  0
LINE
  5
57B
100
AcDbEntity
  8
0
100
AcDbLine
 62
3
  6
BYLAYER
 10
442.7485556286
 20
476.5394154779
 11
441.0694217709
 21
477.1828863848
  0
LINE
  5
57C
100
AcDbEntity
  8
0
100
AcDbLine
 62
7
  6
BYLAYER
 10
442.5041582965
 20
498.7241147773
 11
441.629410684
 21
499.0593320304
  0
LINE
  5
57D
100
AcDbEntity
  8
0
100
AcDbLine
 62
7
  6
BYLAYER
 10
442.7250176286
 20
499.172314653
 11
441.8502700161
 21
499.5075319062
  0
LINE
  5
57E
100
AcDbEntity
  8
0
100
AcDbLine
 62
7
  6
BYLAYER
 10
442.8169424526
 20
499.2375462802
 11
441.9421948401
 21
499.5727635334
  0
LINE
  5
57F
100
AcDbEntity
  8
0
100
AcDbLine
 62
7
  6
BYLAYER
 10
443.0378017847
 20
499.6857461559
 11
442.1630541722
 21
500.0209634091
  0
LINE
  5
580
100
AcDbEntity
  8
0
100
AcDbLine
 62
7
  6
BYLAYER
 10
441.9948806712
 20
505.3768464984
 11
442.8696282837
 21
505.0416292452
  0
LINE
  5
581
100
AcDbEntity
  8
0
100
AcDbLine
 62
7
  6
BYLAYER
 10
441.7471631551
 20
505.7840090461
 11
442.6079624616
 21
505.4541370065
  0
LINE
  5
582
100
AcDbEntity
  8
0
100
AcDbLine
 62
7
  6
BYLAYER
 10
441.6516572399
 20
505.832825742
 11
442.5264048524
 21
505.4976084888
  0
LINE
  5
583
100
AcDbEntity
  8
0
100
AcDbLine
 62
7
  6
BYLAYER
 10
441.4039397238
 20
506.2399882897
 11
442.2786873364
 21
505.9047710365
  0
LINE
  5
584
100
AcDbEntity
  8
0
100
AcDbLine
 62
4
  6
BYLAYER
 10
1514.4334309569
 20
37.5630148052
 11
1514.8464829142
 21
37.3929210972
  0
LINE
  5
585
100
AcDbEntity
  8
0
100
AcDbLine
 62
4
  6
BYLAYER
 10
1512.1512248021
 20
30.531127229
 11
1511.7270433706
 21
30.7107924565
  0
LINE
  5
586
100
AcDbEntity
  8
0
100
AcDbLine
 62
4
  6
BYLAYER
 10
1512.4591291453
 20
32.1336810088
 11
1512.6629606285
 21
32.0466168054
  0
LINE
  5
587
100
AcDbEntity
  8
0
100
AcDbLine
 62
4
  6
BYLAYER
 10
1514.1482354917
 20
35.9525161101
 11
1513.9444815343
 21
36.0395554319
  0
LINE
  5
588
100
AcDbEntity
  8
0
100
AcDbLine
 62
3
  6
BYLAYER
 10
1525.1049107415
 20
32.232316625
 11
1525.2003010736
 21
32.191333704
  0
LINE
  5
589
100
AcDbEntity
  8
0
100
AcDbLine
 62
7
  6
BYLAYER
 10
442.5264048524
 20
505.4976084888
 11
442.5776111475
 21
505.4746893307
  0
LINE
  5
58A
100
AcDbEntity
  8
0
100
AcDbLine
 62
7
  6
BYLAYER
 10
441.7471631551
 20
505.7840090461
 11
441.6516572399
 21
505.832825742
  0
LINE
  5
58B
100
AcDbEntity
  8
0
100
AcDbLine
 62
7
  6
BYLAYER
 10
442.5264048524
 20
505.4976084888
 11
442.5972143345
 21
505.4614150766
  0
LINE
  5
58C
100
AcDbEntity
  8
5_ALL_CURVES
100
AcDbLine
 62
5
  6
BYLAYER
 10
682.5118393919
 20
428.2035919509
 11
683.4279713438
 21
439.7149274947
  0
LINE
  5
58D
100
AcDbEntity
  8
0
100
AcDbLine
 62
7
  6
BYLAYER
 10
836.9876492589
 20
924.1856179097
 11
837.0386545368
 21
924.2891252373
  0
LINE
  5
58E
100
AcDbEntity
  8
0
100
AcDbLine
 62
7
  6
BYLAYER
 10
837.9134021493
 20
923.9539079841
 11
837.8623968714
 21
923.8504006565
  0
LINE
  5
58F
100
AcDbEntity
  8
0
100
AcDbLine
 62
7
420
26316
  6
BYLAYER
 10
633.9298328016
 20
587.3292748996
 11
650.3702351698
 21
603.7696772678
  0
LINE
  5
590
100
AcDbEntity
  8
0
100
AcDbLine
 62
1
  6
BYLAYER
 10
803.3742251473
 20
756.7736672453
 11
820.1651573301
 21
773.5645994281
  0
LINE
  5
591
100
AcDbEntity
  8
0
100
AcDbLine
 62
7
420
26316
  6
BYLAYER
 10
667.8216618352
 20
589.7698994027
 11
682.5204277324
 21
604.4686652999
  0
LINE
  5
592
100
AcDbEntity
  8
0
100
AcDbLine
 62
7
420
26316
  6
BYLAYER
 10
695.713752944
 20
617.6619905115
 11
709.3039030332
 21
631.2521406007
  0
LINE
  5
593
100
AcDbEntity
  8
0
100
AcDbLine
 62
7
420
26316
  6
BYLAYER
 10
715.9968155937
 20
637.9450531612
 11
730.6955814909
 21
652.6438190584
  0
LINE
  5
594
100
AcDbEntity
  8
0
100
AcDbLine
 62
7
420
26316
  6
BYLAYER
 10
743.8889067025
 20
665.83714427
 11
757.4790567918
 21
679.4272943593
  0
LINE
  5
595
100
AcDbEntity
  8
8_ALL_NOTES_BALLOONS_SYMBOLS_GT
100
AcDbLine
 62
7
420
65344
  6
BYLAYER
 10
854.3371101716
 20
776.2853477391
 11
868.6331122309
 21
790.5813497984
  0
LINE
  5
596
100
AcDbEntity
  8
8_ALL_NOTES_BALLOONS_SYMBOLS_GT
100
AcDbLine
 62
7
420
65344
  6
BYLAYER
 10
880.2334120488
 20
802.1816496163
 11
894.5294141081
 21
816.4776516756
  0
LINE
  5
597
100
AcDbEntity
  8
0
100
AcDbLine
 62
7
420
26316
  6
BYLAYER
 10
899.6160627773
 20
821.5643003448
 11
914.5899313405
 21
836.538168908
  0
LINE
  5
598
100
AcDbEntity
  8
0
100
AcDbLine
 62
7
420
26316
  6
BYLAYER
 10
925.1192054347
 20
847.0674430022
 11
941.0826314842
 21
863.0308690516
  0
LINE
  5
599
100
AcDbEntity
  8
5_ALL_CURVES
100
AcDbLine
 62
5
  6
BYLAYER
 10
1041.7929346379
 20
771.4723762753
 11
1050.4363915836
 21
774.0614296657
  0
LINE
  5
59A
100
AcDbEntity
  8
5_ALL_CURVES
100
AcDbLine
 62
5
  6
BYLAYER
 10
978.4636594293
 20
432.3514902897
 11
979.6138353396
 21
432.5902198713
  0
LINE
  5
59B
100
AcDbEntity
  8
0
100
AcDbLine
 62
5
  6
BYLAYER
 10
1048.3584256491
 20
437.8459826821
 11
1060.3724220386
 21
439.8402338944
  0
LINE
  5
59C
100
AcDbEntity
  8
0
100
AcDbLine
 62
5
  6
BYLAYER
 10
1062.0219555225
 20
438.6758204788
 11
1049.7459917891
 21
436.7599679587
  0
LINE
  5
59D
100
AcDbEntity
  8
0
100
AcDbLine
 62
5
  6
BYLAYER
 10
1053.3682963939
 20
421.9448593181
 11
1051.9849140232
 21
421.8154719306
  0
LINE
  5
59E
100
AcDbEntity
  8
0
100
AcDbLine
 62
5
  6
BYLAYER
 10
1046.9481193693
 20
432.6915295981
 11
1048.3315016592
 21
432.8209170374
  0
LINE
  5
59F
100
AcDbEntity
  8
0
100
AcDbLine
 62
5
  6
BYLAYER
 10
1052.2197271667
 20
423.1923141852
 11
1051.2980094696
 21
423.2754748693
  0
LINE
  5
5A0
100
AcDbEntity
  8
0
100
AcDbLine
 62
5
  6
BYLAYER
 10
1048.0966883551
 20
431.4440748862
 11
1049.0184066966
 21
431.360913788
  0
LINE
  5
5A1
100
AcDbEntity
  8
0
100
AcDbLine
 62
5
  6
BYLAYER
 10
1051.9849140232
 20
421.8154719306
 11
1050.8331643116
 21
422.0464788731
  0
LINE
  5
5A2
100
AcDbEntity
  8
0
100
AcDbLine
 62
5
  6
BYLAYER
 10
1048.3315016592
 20
432.8209170374
 11
1049.4832512102
 21
432.5899101983
  0
LINE
  5
5A3
100
AcDbEntity
  8
0
100
AcDbLine
 62
5
  6
BYLAYER
 10
1060.1181731776
 20
432.3143775895
 11
1047.8057151896
 21
435.9991139839
  0
LINE
  5
5A4
100
AcDbEntity
  8
0
100
AcDbLine
 62
5
  6
BYLAYER
 10
1049.7459917891
 20
436.7599679587
 11
1060.4866468173
 21
433.545623388
  0
LINE
  5
5A5
100
AcDbEntity
  8
0
100
AcDbLine
 62
5
  6
BYLAYER
 10
1060.3724220386
 20
439.8402338944
 11
1049.8937343543
 21
442.9761797729
  0
LINE
  5
5A6
100
AcDbEntity
  8
0
100
AcDbLine
 62
5
  6
BYLAYER
 10
1050.262207994
 20
444.2074255719
 11
1062.5746659815
 21
440.522689177
  0
LINE
  5
5A7
100
AcDbEntity
  8
0
100
AcDbLine
 62
5
  6
BYLAYER
 10
1051.2980094696
 20
423.2754748693
 11
1050.2620656851
 21
423.6866623503
  0
LINE
  5
5A8
100
AcDbEntity
  8
0
100
AcDbLine
 62
5
  6
BYLAYER
 10
1049.0184066966
 20
431.360913788
 11
1050.0543504806
 21
430.949726307
  0
LINE
  5
5A9
100
AcDbEntity
  8
0
100
AcDbLine
 62
5
  6
BYLAYER
 10
1050.8331643116
 20
422.0464788731
 11
1049.5671886737
 21
422.6055125092
  0
LINE
  5
5AA
100
AcDbEntity
  8
0
100
AcDbLine
 62
5
  6
BYLAYER
 10
1049.4832512102
 20
432.5899101983
 11
1050.7492274924
 21
432.0308761482
  0
LINE
  5
5AB
100
AcDbEntity
  8
0
100
AcDbLine
 62
5
  6
BYLAYER
 10
1049.5671886737
 20
422.6055125092
 11
1046.1167105469
 21
424.8232050426
  0
LINE
  5
5AC
100
AcDbEntity
  8
0
100
AcDbLine
 62
5
  6
BYLAYER
 10
1050.2620656851
 20
423.6866623503
 11
1046.8115875587
 21
425.9043548833
  0
LINE
  5
5AD
100
AcDbEntity
  8
0
100
AcDbLine
 62
5
  6
BYLAYER
 10
1050.0543504806
 20
430.949726307
 11
1053.5048286074
 21
428.732033774
  0
LINE
  5
5AE
100
AcDbEntity
  8
0
100
AcDbLine
 62
5
  6
BYLAYER
 10
1050.7492274924
 20
432.0308761482
 11
1054.1997056188
 21
429.8131836147
  0
LINE
  5
5AF
100
AcDbEntity
  8
0
100
AcDbLine
 62
5
  6
BYLAYER
 10
1046.1167105469
 20
424.8232050426
 11
1045.082367004
 21
425.7426333712
  0
LINE
  5
5B0
100
AcDbEntity
  8
0
100
AcDbLine
 62
5
  6
BYLAYER
 10
1054.1997056188
 20
429.8131836147
 11
1055.2340485177
 21
428.8937557006
  0
LINE
  5
5B1
100
AcDbEntity
  8
0
100
AcDbLine
 62
5
  6
BYLAYER
 10
1049.6211208474
 20
416.3095763552
 11
1040.2382241895
 21
425.0922384978
  0
LINE
  5
5B2
100
AcDbEntity
  8
0
100
AcDbLine
 62
5
  6
BYLAYER
 10
1041.1164904038
 20
426.0305281637
 11
1050.4993870617
 21
417.247866021
  0
LINE
  5
5B3
100
AcDbEntity
  8
0
100
AcDbLine
 62
5
  6
BYLAYER
 10
1046.8115875587
 20
425.9043548833
 11
1046.0072765137
 21
426.6759366428
  0
LINE
  5
5B4
100
AcDbEntity
  8
0
100
AcDbLine
 62
5
  6
BYLAYER
 10
1053.5048286074
 20
428.732033774
 11
1054.3091396525
 21
427.9604520145
  0
LINE
  5
5B5
100
AcDbEntity
  8
0
100
AcDbLine
 62
5
  6
BYLAYER
 10
1033.4616040663
 20
417.7430066602
 11
1032.6416538842
 21
418.8370862647
  0
LINE
  5
5B6
100
AcDbEntity
  8
0
100
AcDbLine
 62
5
  6
BYLAYER
 10
1043.0916771002
 20
410.6080768332
 11
1036.2040946523
 21
419.7983467347
  0
LINE
  5
5B7
100
AcDbEntity
  8
0
100
AcDbLine
 62
5
  6
BYLAYER
 10
1037.232529603
 20
420.5690999978
 11
1044.1201120508
 21
411.3788300964
  0
LINE
  5
5B8
100
AcDbEntity
  8
0
100
AcDbLine
 62
5
  6
BYLAYER
 10
1039.15507393
 20
423.7185226167
 11
1039.9750241121
 21
422.6244430127
  0
LINE
  5
5B9
100
AcDbEntity
  8
0
100
AcDbLine
 62
5
  6
BYLAYER
 10
1027.9186380192
 20
416.7237082675
 11
1035.7456154457
 21
405.9692670546
  0
LINE
  5
5BA
100
AcDbEntity
  8
0
100
AcDbLine
 62
5
  6
BYLAYER
 10
1034.5467076297
 20
405.506277758
 11
1032.5653384723
 21
408.2586606289
  0
LINE
  5
5BB
100
AcDbEntity
  8
0
100
AcDbLine
 62
5
  6
BYLAYER
 10
1027.5133980141
 20
415.3947011919
 11
1031.9714855814
 21
409.2018421134
  0
LINE
  5
5BC
100
AcDbEntity
  8
0
100
AcDbLine
 62
5
  6
BYLAYER
 10
1045.082367004
 20
425.7426333712
 11
1044.3938617255
 21
426.6943957726
  0
LINE
  5
5BD
100
AcDbEntity
  8
0
100
AcDbLine
 62
5
  6
BYLAYER
 10
1055.2340485177
 20
428.8937557006
 11
1055.9225539569
 21
427.9419931955
  0
LINE
  5
5BE
100
AcDbEntity
  8
0
100
AcDbLine
 62
5
  6
BYLAYER
 10
1046.0072765137
 20
426.6759366428
 11
1045.5488024446
 21
427.4798533036
  0
LINE
  5
5BF
100
AcDbEntity
  8
0
100
AcDbLine
 62
5
  6
BYLAYER
 10
1054.3091396525
 20
427.9604520145
 11
1054.7676130771
 21
427.1565357677
  0
LINE
  5
5C0
100
AcDbEntity
  8
0
100
AcDbLine
 62
5
  6
BYLAYER
 10
1027.7528997214
 20
402.8826729213
 11
1026.3200912154
 21
416.1063880281
  0
LINE
  5
5C1
100
AcDbEntity
  8
0
100
AcDbLine
 62
5
  6
BYLAYER
 10
1046.0248060881
 20
432.2664580969
 11
1046.9481193693
 21
432.6915295981
  0
LINE
  5
5C2
100
AcDbEntity
  8
0
100
AcDbLine
 62
5
  6
BYLAYER
 10
1054.2916097356
 20
422.3699307803
 11
1053.3682963939
 21
421.9448593181
  0
LINE
  5
5C3
100
AcDbEntity
  8
0
100
AcDbLine
 62
5
  6
BYLAYER
 10
1026.3200912154
 20
416.1063880281
 11
1027.9186380192
 21
416.7237082675
  0
LINE
  5
5C4
100
AcDbEntity
  8
0
100
AcDbLine
 62
5
  6
BYLAYER
 10
1031.9714855814
 20
409.2018421134
 11
1028.3747621335
 21
407.8128742236
  0
LINE
  5
5C5
100
AcDbEntity
  8
0
100
AcDbLine
 62
5
  6
BYLAYER
 10
1032.5653384723
 20
408.2586606289
 11
1028.5689760367
 21
406.7153617963
  0
LINE
  5
5C6
100
AcDbEntity
  8
0
100
AcDbLine
 62
5
  6
BYLAYER
 10
1035.7456154457
 20
405.9692670546
 11
1034.5467076297
 21
405.506277758
  0
LINE
  5
5C7
100
AcDbEntity
  8
0
100
AcDbLine
 62
5
  6
BYLAYER
 10
1028.9518075374
 20
403.3456622179
 11
1027.7528997214
 21
402.8826729213
  0
LINE
  5
5C8
100
AcDbEntity
  8
0
100
AcDbLine
 62
5
  6
BYLAYER
 10
1047.2891861419
 20
431.199192276
 11
1048.0966883551
 21
431.4440748862
  0
LINE
  5
5C9
100
AcDbEntity
  8
0
100
AcDbLine
 62
5
  6
BYLAYER
 10
1053.027229541
 20
423.4371966921
 11
1052.2197271667
 21
423.1923141852
  0
LINE
  5
5CA
100
AcDbEntity
  8
0
100
AcDbLine
 62
5
  6
BYLAYER
 10
1044.3938617255
 20
426.6943957726
 11
1043.9369891864
 21
428.0065524529
  0
LINE
  5
5CB
100
AcDbEntity
  8
0
100
AcDbLine
 62
5
  6
BYLAYER
 10
1055.9225539569
 20
427.9419931955
 11
1056.3794265768
 21
426.6298364633
  0
LINE
  5
5CC
100
AcDbEntity
  8
0
100
AcDbLine
 62
5
  6
BYLAYER
 10
1045.5488024446
 20
427.4798533036
 11
1045.4361772428
 21
428.3161205341
  0
LINE
  5
5CD
100
AcDbEntity
  8
0
100
AcDbLine
 62
5
  6
BYLAYER
 10
1028.3747621335
 20
407.8128742236
 11
1027.5133980141
 21
415.3947011919
  0
LINE
  5
5CE
100
AcDbEntity
  8
0
100
AcDbLine
 62
5
  6
BYLAYER
 10
1028.5689760367
 20
406.7153617963
 11
1028.9518075374
 21
403.3456622179
  0
LINE
  5
5CF
100
AcDbEntity
  8
0
100
AcDbLine
 62
5
  6
BYLAYER
 10
1043.9369891864
 20
428.0065524529
 11
1043.940175053
 21
429.0230085739
  0
LINE
  5
5D0
100
AcDbEntity
  8
0
100
AcDbLine
 62
5
  6
BYLAYER
 10
1056.3794265768
 20
426.6298364633
 11
1056.3762407703
 21
425.6133803033
  0
LINE
  5
5D1
100
AcDbEntity
  8
0
100
AcDbLine
 62
5
  6
BYLAYER
 10
1045.4361772428
 20
428.3161205341
 11
1045.6694002648
 21
429.1847387492
  0
LINE
  5
5D2
100
AcDbEntity
  8
0
100
AcDbLine
 62
5
  6
BYLAYER
 10
1054.8802384396
 20
426.320268434
 11
1054.6470154176
 21
425.4516502189
  0
LINE
  5
5D3
100
AcDbEntity
  8
0
100
AcDbLine
 62
5
  6
BYLAYER
 10
1047.8057151896
 20
435.9991139839
 11
1048.3584256491
 21
437.8459826821
  0
LINE
  5
5D4
100
AcDbEntity
  8
0
100
AcDbLine
 62
5
  6
BYLAYER
 10
1049.8937343543
 20
442.9761797729
 11
1050.262207994
 21
444.2074255719
  0
LINE
  5
5D5
100
AcDbEntity
  8
0
100
AcDbLine
 62
5
  6
BYLAYER
 10
1062.5746659815
 20
440.522689177
 11
1062.0219555225
 21
438.6758204788
  0
LINE
  5
5D6
100
AcDbEntity
  8
0
100
AcDbLine
 62
5
  6
BYLAYER
 10
1060.4866468173
 20
433.545623388
 11
1060.1181731776
 21
432.3143775895
  0
LINE
  5
5D7
100
AcDbEntity
  8
0
100
AcDbLine
 62
5
  6
BYLAYER
 10
1043.940175053
 20
429.0230085739
 11
1044.289209143
 21
430.0718156796
  0
LINE
  5
5D8
100
AcDbEntity
  8
0
100
AcDbLine
 62
5
  6
BYLAYER
 10
1056.3762407703
 20
425.6133803033
 11
1056.0272067009
 21
424.5645731852
  0
LINE
  5
5D9
100
AcDbEntity
  8
0
100
AcDbLine
 62
5
  6
BYLAYER
 10
1044.289209143
 20
430.0718156796
 11
1045.2157082909
 21
431.5133433018
  0
LINE
  5
5DA
100
AcDbEntity
  8
0
100
AcDbLine
 62
5
  6
BYLAYER
 10
1045.6694002648
 20
429.1847387492
 11
1046.5958994126
 21
430.6262663714
  0
LINE
  5
5DB
100
AcDbEntity
  8
0
100
AcDbLine
 62
5
  6
BYLAYER
 10
1054.6470154176
 20
425.4516502189
 11
1053.7205162697
 21
424.0101225966
  0
LINE
  5
5DC
100
AcDbEntity
  8
0
100
AcDbLine
 62
5
  6
BYLAYER
 10
1056.0272067009
 20
424.5645731852
 11
1055.1007075526
 21
423.123045563
  0
LINE
  5
5DD
100
AcDbEntity
  8
0
100
AcDbLine
 62
5
  6
BYLAYER
 10
1040.2382241895
 20
425.0922384978
 11
1041.1164904038
 21
426.0305281637
  0
LINE
  5
5DE
100
AcDbEntity
  8
0
100
AcDbLine
 62
5
  6
BYLAYER
 10
1050.4993870617
 20
417.247866021
 11
1049.6211208474
 21
416.3095763552
  0
LINE
  5
5DF
100
AcDbEntity
  8
0
100
AcDbLine
 62
5
  6
BYLAYER
 10
1045.2157082909
 20
431.5133433018
 11
1046.0248060881
 21
432.2664580969
  0
LINE
  5
5E0
100
AcDbEntity
  8
0
100
AcDbLine
 62
5
  6
BYLAYER
 10
1055.1007075526
 20
423.123045563
 11
1054.2916097356
 21
422.3699307803
  0
LINE
  5
5E1
100
AcDbEntity
  8
0
100
AcDbLine
 62
5
  6
BYLAYER
 10
1046.5958994126
 20
430.6262663714
 11
1047.2891861419
 21
431.199192276
  0
LINE
  5
5E2
100
AcDbEntity
  8
0
100
AcDbLine
 62
5
  6
BYLAYER
 10
1053.7205162697
 20
424.0101225966
 11
1053.027229541
 21
423.4371966921
  0
LINE
  5
5E3
100
AcDbEntity
  8
0
100
AcDbLine
 62
5
  6
BYLAYER
 10
1032.6416538842
 20
418.8370862647
 11
1039.15507393
 21
423.7185226167
  0
LINE
  5
5E4
100
AcDbEntity
  8
0
100
AcDbLine
 62
5
  6
BYLAYER
 10
1039.9750241121
 20
422.6244430127
 11
1037.232529603
 21
420.5690999978
  0
LINE
  5
5E5
100
AcDbEntity
  8
0
100
AcDbLine
 62
5
  6
BYLAYER
 10
1036.2040946523
 20
419.7983467347
 11
1033.4616040663
 21
417.7430066602
  0
LINE
  5
5E6
100
AcDbEntity
  8
0
100
AcDbLine
 62
5
  6
BYLAYER
 10
1044.1201120508
 20
411.3788300964
 11
1043.0916771002
 21
410.6080768332
  0
LINE
  5
5E7
100
AcDbEntity
  8
0
100
AcDbLine
 62
5
  6
BYLAYER
 10
1054.7676130771
 20
427.1565357677
 11
1054.8802384396
 21
426.320268434
  0
HATCH
  5
5E8
100
AcDbEntity
  8
0
100
AcDbHatch
 62
5
  6
BYLAYER
 10
0.0
 20
0.0
 30
0.0
210
0.0
220
0.0
230
1.0
  2
SOLID
 70
1
 71
1
 91
7
 92
1
 93
10
 72
1
 10
1060.3724220386
 20
439.8402338944
 11
1049.8937343543
 21
442.9761797729
 72
1
 10
1049.8937343543
 20
442.9761797729
 11
1050.262207994
 21
444.2074255719
 72
1
 10
1050.262207994
 20
444.2074255719
 11
1062.5746659815
 21
440.522689177
 72
1
 10
1062.5746659815
 20
440.522689177
 11
1062.0219555225
 21
438.6758204788
 72
1
 10
1062.0219555225
 20
438.6758204788
 11
1049.7459917891
 21
436.7599679587
 72
1
 10
1049.7459917891
 20
436.7599679587
 11
1060.4866468173
 21
433.545623388
 72
1
 10
1060.4866468173
 20
433.545623388
 11
1060.1181731776
 21
432.3143775895
 72
1
 10
1060.1181731776
 20
432.3143775895
 11
1047.8057151896
 21
435.9991139839
 72
1
 10
1047.8057151896
 20
435.9991139839
 11
1048.3584256491
 21
437.8459826821
 72
1
 10
1048.3584256491
 20
437.8459826821
 11
1060.3724220386
 21
439.8402338944
 97
77
330
59B
330
59C
330
59D
330
59E
330
59F
330
5A0
330
5A1
330
5A2
330
5A3
330
5A4
330
5A5
330
5A6
330
5A7
330
5A8
330
5A9
330
5AA
330
5AB
330
5AC
330
5AD
330
5AE
330
5AF
330
5B0
330
5B1
330
5B2
330
5B3
330
5B4
330
5B5
330
5B6
330
5B7
330
5B8
330
5B9
330
5BA
330
5BB
330
5BC
330
5BD
330
5BE
330
5BF
330
5C0
330
5C1
330
5C2
330
5C3
330
5C4
330
5C5
330
5C6
330
5C7
330
5C8
330
5C9
330
5CA
330
5CB
330
5CC
330
5CD
330
5CE
330
5CF
330
5D0
330
5D1
330
5D2
330
5D3
330
5D4
330
5D5
330
5D6
330
5D7
330
5D8
330
5D9
330
5DA
330
5DB
330
5DC
330
5DD
330
5DE
330
5DF
330
5E0
330
5E1
330
5E2
330
5E3
330
5E4
330
5E5
330
5E6
330
5E7
 92
1
 93
24
 72
1
 10
1051.9849140232
 20
421.8154719306
 11
1050.8331643116
 21
422.0464788731
 72
1
 10
1050.8331643116
 20
422.0464788731
 11
1049.5671886737
 21
422.6055125092
 72
1
 10
1049.5671886737
 20
422.6055125092
 11
1046.1167105469
 21
424.8232050426
 72
1
 10
1046.1167105469
 20
424.8232050426
 11
1045.082367004
 21
425.7426333712
 72
1
 10
1045.082367004
 20
425.7426333712
 11
1044.3938617255
 21
426.6943957726
 72
1
 10
1044.3938617255
 20
426.6943957726
 11
1043.9369891864
 21
428.0065524529
 72
1
 10
1043.9369891864
 20
428.0065524529
 11
1043.940175053
 21
429.0230085739
 72
1
 10
1043.940175053
 20
429.0230085739
 11
1044.289209143
 21
430.0718156796
 72
1
 10
1044.289209143
 20
430.0718156796
 11
1045.2157082909
 21
431.5133433018
 72
1
 10
1045.2157082909
 20
431.5133433018
 11
1046.0248060881
 21
432.2664580969
 72
1
 10
1046.0248060881
 20
432.2664580969
 11
1046.9481193693
 21
432.6915295981
 72
1
 10
1046.9481193693
 20
432.6915295981
 11
1048.3315016592
 21
432.8209170374
 72
1
 10
1048.3315016592
 20
432.8209170374
 11
1049.4832512102
 21
432.5899101983
 72
1
 10
1049.4832512102
 20
432.5899101983
 11
1050.7492274924
 21
432.0308761482
 72
1
 10
1050.7492274924
 20
432.0308761482
 11
1054.1997056188
 21
429.8131836147
 72
1
 10
1054.1997056188
 20
429.8131836147
 11
1055.2340485177
 21
428.8937557006
 72
1
 10
1055.2340485177
 20
428.8937557006
 11
1055.9225539569
 21
427.9419931955
 72
1
 10
1055.9225539569
 20
427.9419931955
 11
1056.3794265768
 21
426.6298364633
 72
1
 10
1056.3794265768
 20
426.6298364633
 11
1056.3762407703
 21
425.6133803033
 72
1
 10
1056.3762407703
 20
425.6133803033
 11
1056.0272067009
 21
424.5645731852
 72
1
 10
1056.0272067009
 20
424.5645731852
 11
1055.1007075526
 21
423.123045563
 72
1
 10
1055.1007075526
 20
423.123045563
 11
1054.2916097356
 21
422.3699307803
 72
1
 10
1054.2916097356
 20
422.3699307803
 11
1053.3682963939
 21
421.9448593181
 72
1
 10
1053.3682963939
 20
421.9448593181
 11
1051.9849140232
 21
421.8154719306
 97
77
330
59B
330
59C
330
59D
330
59E
330
59F
330
5A0
330
5A1
330
5A2
330
5A3
330
5A4
330
5A5
330
5A6
330
5A7
330
5A8
330
5A9
330
5AA
330
5AB
330
5AC
330
5AD
330
5AE
330
5AF
330
5B0
330
5B1
330
5B2
330
5B3
330
5B4
330
5B5
330
5B6
330
5B7
330
5B8
330
5B9
330
5BA
330
5BB
330
5BC
330
5BD
330
5BE
330
5BF
330
5C0
330
5C1
330
5C2
330
5C3
330
5C4
330
5C5
330
5C6
330
5C7
330
5C8
330
5C9
330
5CA
330
5CB
330
5CC
330
5CD
330
5CE
330
5CF
330
5D0
330
5D1
330
5D2
330
5D3
330
5D4
330
5D5
330
5D6
330
5D7
330
5D8
330
5D9
330
5DA
330
5DB
330
5DC
330
5DD
330
5DE
330
5DF
330
5E0
330
5E1
330
5E2
330
5E3
330
5E4
330
5E5
330
5E6
330
5E7
 92
1
 93
20
 72
1
 10
1051.2980094696
 20
423.2754748693
 11
1050.2620656851
 21
423.6866623503
 72
1
 10
1050.2620656851
 20
423.6866623503
 11
1046.8115875587
 21
425.9043548833
 72
1
 10
1046.8115875587
 20
425.9043548833
 11
1046.0072765137
 21
426.6759366428
 72
1
 10
1046.0072765137
 20
426.6759366428
 11
1045.5488024446
 21
427.4798533036
 72
1
 10
1045.5488024446
 20
427.4798533036
 11
1045.4361772428
 21
428.3161205341
 72
1
 10
1045.4361772428
 20
428.3161205341
 11
1045.6694002648
 21
429.1847387492
 72
1
 10
1045.6694002648
 20
429.1847387492
 11
1046.5958994126
 21
430.6262663714
 72
1
 10
1046.5958994126
 20
430.6262663714
 11
1047.2891861419
 21
431.199192276
 72
1
 10
1047.2891861419
 20
431.199192276
 11
1048.0966883551
 21
431.4440748862
 72
1
 10
1048.0966883551
 20
431.4440748862
 11
1049.0184066966
 21
431.360913788
 72
1
 10
1049.0184066966
 20
431.360913788
 11
1050.0543504806
 21
430.949726307
 72
1
 10
1050.0543504806
 20
430.949726307
 11
1053.5048286074
 21
428.732033774
 72
1
 10
1053.5048286074
 20
428.732033774
 11
1054.3091396525
 21
427.9604520145
 72
1
 10
1054.3091396525
 20
427.9604520145
 11
1054.7676130771
 21
427.1565357677
 72
1
 10
1054.7676130771
 20
427.1565357677
 11
1054.8802384396
 21
426.320268434
 72
1
 10
1054.8802384396
 20
426.320268434
 11
1054.6470154176
 21
425.4516502189
 72
1
 10
1054.6470154176
 20
425.4516502189
 11
1053.7205162697
 21
424.0101225966
 72
1
 10
1053.7205162697
 20
424.0101225966
 11
1053.027229541
 21
423.4371966921
 72
1
 10
1053.027229541
 20
423.4371966921
 11
1052.2197271667
 21
423.1923141852
 72
1
 10
1052.2197271667
 20
423.1923141852
 11
1051.2980094696
 21
423.2754748693
 97
77
330
59B
330
59C
330
59D
330
59E
330
59F
330
5A0
330
5A1
330
5A2
330
5A3
330
5A4
330
5A5
330
5A6
330
5A7
330
5A8
330
5A9
330
5AA
330
5AB
330
5AC
330
5AD
330
5AE
330
5AF
330
5B0
330
5B1
330
5B2
330
5B3
330
5B4
330
5B5
330
5B6
330
5B7
330
5B8
330
5B9
330
5BA
330
5BB
330
5BC
330
5BD
330
5BE
330
5BF
330
5C0
330
5C1
330
5C2
330
5C3
330
5C4
330
5C5
330
5C6
330
5C7
330
5C8
330
5C9
330
5CA
330
5CB
330
5CC
330
5CD
330
5CE
330
5CF
330
5D0
330
5D1
330
5D2
330
5D3
330
5D4
330
5D5
330
5D6
330
5D7
330
5D8
330
5D9
330
5DA
330
5DB
330
5DC
330
5DD
330
5DE
330
5DF
330
5E0
330
5E1
330
5E2
330
5E3
330
5E4
330
5E5
330
5E6
330
5E7
 92
1
 93
4
 72
1
 10
1040.2382241895
 20
425.0922384978
 11
1041.1164904038
 21
426.0305281637
 72
1
 10
1041.1164904038
 20
426.0305281637
 11
1050.4993870617
 21
417.247866021
 72
1
 10
1050.4993870617
 20
417.247866021
 11
1049.6211208474
 21
416.3095763552
 72
1
 10
1049.6211208474
 20
416.3095763552
 11
1040.2382241895
 21
425.0922384978
 97
77
330
59B
330
59C
330
59D
330
59E
330
59F
330
5A0
330
5A1
330
5A2
330
5A3
330
5A4
330
5A5
330
5A6
330
5A7
330
5A8
330
5A9
330
5AA
330
5AB
330
5AC
330
5AD
330
5AE
330
5AF
330
5B0
330
5B1
330
5B2
330
5B3
330
5B4
330
5B5
330
5B6
330
5B7
330
5B8
330
5B9
330
5BA
330
5BB
330
5BC
330
5BD
330
5BE
330
5BF
330
5C0
330
5C1
330
5C2
330
5C3
330
5C4
330
5C5
330
5C6
330
5C7
330
5C8
330
5C9
330
5CA
330
5CB
330
5CC
330
5CD
330
5CE
330
5CF
330
5D0
330
5D1
330
5D2
330
5D3
330
5D4
330
5D5
330
5D6
330
5D7
330
5D8
330
5D9
330
5DA
330
5DB
330
5DC
330
5DD
330
5DE
330
5DF
330
5E0
330
5E1
330
5E2
330
5E3
330
5E4
330
5E5
330
5E6
330
5E7
 92
1
 93
8
 72
1
 10
1032.6416538842
 20
418.8370862647
 11
1039.15507393
 21
423.7185226167
 72
1
 10
1039.15507393
 20
423.7185226167
 11
1039.9750241121
 21
422.6244430127
 72
1
 10
1039.9750241121
 20
422.6244430127
 11
1037.232529603
 21
420.5690999978
 72
1
 10
1037.232529603
 20
420.5690999978
 11
1044.1201120508
 21
411.3788300964
 72
1
 10
1044.1201120508
 20
411.3788300964
 11
1043.0916771002
 21
410.6080768332
 72
1
 10
1043.0916771002
 20
410.6080768332
 11
1036.2040946523
 21
419.7983467347
 72
1
 10
1036.2040946523
 20
419.7983467347
 11
1033.4616040663
 21
417.7430066602
 72
1
 10
1033.4616040663
 20
417.7430066602
 11
1032.6416538842
 21
418.8370862647
 97
77
330
59B
330
59C
330
59D
330
59E
330
59F
330
5A0
330
5A1
330
5A2
330
5A3
330
5A4
330
5A5
330
5A6
330
5A7
330
5A8
330
5A9
330
5AA
330
5AB
330
5AC
330
5AD
330
5AE
330
5AF
330
5B0
330
5B1
330
5B2
330
5B3
330
5B4
330
5B5
330
5B6
330
5B7
330
5B8
330
5B9
330
5BA
330
5BB
330
5BC
330
5BD
330
5BE
330
5BF
330
5C0
330
5C1
330
5C2
330
5C3
330
5C4
330
5C5
330
5C6
330
5C7
330
5C8
330
5C9
330
5CA
330
5CB
330
5CC
330
5CD
330
5CE
330
5CF
330
5D0
330
5D1
330
5D2
330
5D3
330
5D4
330
5D5
330
5D6
330
5D7
330
5D8
330
5D9
330
5DA
330
5DB
330
5DC
330
5DD
330
5DE
330
5DF
330
5E0
330
5E1
330
5E2
330
5E3
330
5E4
330
5E5
330
5E6
330
5E7
 92
1
 93
8
 72
1
 10
1035.7456154457
 20
405.9692670546
 11
1034.5467076297
 21
405.506277758
 72
1
 10
1034.5467076297
 20
405.506277758
 11
1032.5653384723
 21
408.2586606289
 72
1
 10
1032.5653384723
 20
408.2586606289
 11
1028.5689760367
 21
406.7153617963
 72
1
 10
1028.5689760367
 20
406.7153617963
 11
1028.9518075374
 21
403.3456622179
 72
1
 10
1028.9518075374
 20
403.3456622179
 11
1027.7528997214
 21
402.8826729213
 72
1
 10
1027.7528997214
 20
402.8826729213
 11
1026.3200912154
 21
416.1063880281
 72
1
 10
1026.3200912154
 20
416.1063880281
 11
1027.9186380192
 21
416.7237082675
 72
1
 10
1027.9186380192
 20
416.7237082675
 11
1035.7456154457
 21
405.9692670546
 97
77
330
59B
330
59C
330
59D
330
59E
330
59F
330
5A0
330
5A1
330
5A2
330
5A3
330
5A4
330
5A5
330
5A6
330
5A7
330
5A8
330
5A9
330
5AA
330
5AB
330
5AC
330
5AD
330
5AE
330
5AF
330
5B0
330
5B1
330
5B2
330
5B3
330
5B4
330
5B5
330
5B6
330
5B7
330
5B8
330
5B9
330
5BA
330
5BB
330
5BC
330
5BD
330
5BE
330
5BF
330
5C0
330
5C1
330
5C2
330
5C3
330
5C4
330
5C5
330
5C6
330
5C7
330
5C8
330
5C9
330
5CA
330
5CB
330
5CC
330
5CD
330
5CE
330
5CF
330
5D0
330
5D1
330
5D2
330
5D3
330
5D4
330
5D5
330
5D6
330
5D7
330
5D8
330
5D9
330
5DA
330
5DB
330
5DC
330
5DD
330
5DE
330
5DF
330
5E0
330
5E1
330
5E2
330
5E3
330
5E4
330
5E5
330
5E6
330
5E7
 92
1
 93
3
 72
1
 10
1031.9714855814
 20
409.2018421134
 11
1028.3747621335
 21
407.8128742236
 72
1
 10
1028.3747621335
 20
407.8128742236
 11
1027.5133980141
 21
415.3947011919
 72
1
 10
1027.5133980141
 20
415.3947011919
 11
1031.9714855814
 21
409.2018421134
 97
77
330
59B
330
59C
330
59D
330
59E
330
59F
330
5A0
330
5A1
330
5A2
330
5A3
330
5A4
330
5A5
330
5A6
330
5A7
330
5A8
330
5A9
330
5AA
330
5AB
330
5AC
330
5AD
330
5AE
330
5AF
330
5B0
330
5B1
330
5B2
330
5B3
330
5B4
330
5B5
330
5B6
330
5B7
330
5B8
330
5B9
330
5BA
330
5BB
330
5BC
330
5BD
330
5BE
330
5BF
330
5C0
330
5C1
330
5C2
330
5C3
330
5C4
330
5C5
330
5C6
330
5C7
330
5C8
330
5C9
330
5CA
330
5CB
330
5CC
330
5CD
330
5CE
330
5CF
330
5D0
330
5D1
330
5D2
330
5D3
330
5D4
330
5D5
330
5D6
330
5D7
330
5D8
330
5D9
330
5DA
330
5DB
330
5DC
330
5DD
330
5DE
330
5DF
330
5E0
330
5E1
330
5E2
330
5E3
330
5E4
330
5E5
330
5E6
330
5E7
 75
0
 76
1
 98
1
 10
0.0
 20
0.0
  0
LINE
  5
5E9
100
AcDbEntity
  8
5_ALL_CURVES
100
AcDbLine
 62
5
  6
BYLAYER
 10
1048.3584256491
 20
437.8459826821
 11
1060.3724220386
 21
439.8402338944
  0
LINE
  5
5EA
100
AcDbEntity
  8
5_ALL_CURVES
100
AcDbLine
 62
5
  6
BYLAYER
 10
1062.0219555225
 20
438.6758204788
 11
1049.7459917891
 21
436.7599679587
  0
LINE
  5
5EB
100
AcDbEntity
  8
0
100
AcDbLine
 62
5
  6
BYLAYER
 10
970.018025864
 20
472.8563650929
 11
982.6541865972
 21
474.7239543721
  0
LINE
  5
5EC
100
AcDbEntity
  8
0
100
AcDbLine
 62
5
  6
BYLAYER
 10
980.6704816737
 20
476.5202082925
 11
968.6029824523
 21
474.7547136154
  0
LINE
  5
5ED
100
AcDbEntity
  8
0
100
AcDbLine
 62
5
  6
BYLAYER
 10
963.6512844485
 20
460.5442629126
 11
975.3000515256
 21
457.9506974938
  0
LINE
  5
5EE
100
AcDbEntity
  8
0
100
AcDbLine
 62
5
  6
BYLAYER
 10
975.8347439135
 20
460.3522205233
 11
964.1859768364
 21
462.9457859425
  0
LINE
  5
5EF
100
AcDbEntity
  8
0
100
AcDbLine
 62
5
  6
BYLAYER
 10
985.0052663116
 20
490.4363753333
 11
997.1012230172
 21
486.3317097969
  0
LINE
  5
5F0
100
AcDbEntity
  8
0
100
AcDbLine
 62
5
  6
BYLAYER
 10
996.1558268976
 20
488.8352747615
 11
984.6124590156
 21
492.7712794852
  0
LINE
  5
5F1
100
AcDbEntity
  8
0
100
AcDbLine
 62
5
  6
BYLAYER
 10
966.8566570294
 20
471.9586644019
 11
976.9786293968
 21
465.636795106
  0
LINE
  5
5F2
100
AcDbEntity
  8
0
100
AcDbLine
 62
5
  6
BYLAYER
 10
978.2691123495
 20
467.7029929618
 11
970.018025864
 21
472.8563650929
  0
LINE
  5
5F3
100
AcDbEntity
  8
0
100
AcDbLine
 62
5
  6
BYLAYER
 10
972.7826074485
 20
481.446729337
 11
980.6704816737
 21
476.5202082925
  0
LINE
  5
5F4
100
AcDbEntity
  8
0
100
AcDbLine
 62
5
  6
BYLAYER
 10
984.2079028521
 20
477.2116162108
 11
974.0859304847
 21
483.5334855068
  0
LINE
  5
5F5
100
AcDbEntity
  8
0
100
AcDbLine
 62
5
  6
BYLAYER
 10
993.4973540786
 20
498.0805392201
 11
991.3853686938
 21
496.8185007961
  0
LINE
  5
5F6
100
AcDbEntity
  8
0
100
AcDbLine
 62
5
  6
BYLAYER
 10
984.6124590156
 20
492.7712794852
 11
981.7826109455
 21
491.0802748858
  0
LINE
  5
5F7
100
AcDbEntity
  8
0
100
AcDbLine
 62
5
  6
BYLAYER
 10
987.9042154157
 20
480.8359440288
 11
989.9953893902
 21
482.085546382
  0
LINE
  5
5F8
100
AcDbEntity
  8
0
100
AcDbLine
 62
5
  6
BYLAYER
 10
997.1012230172
 20
486.3317097969
 11
999.6189585487
 21
487.8362083631
  0
LINE
  5
5F9
100
AcDbEntity
  8
0
100
AcDbLine
 62
5
  6
BYLAYER
 10
981.7826109455
 20
491.0802748858
 11
987.9042154157
 21
480.8359440288
  0
LINE
  5
5FA
100
AcDbEntity
  8
0
100
AcDbLine
 62
5
  6
BYLAYER
 10
989.9953893902
 20
482.085546382
 11
985.0052663116
 21
490.4363753333
  0
LINE
  5
5FB
100
AcDbEntity
  8
0
100
AcDbLine
 62
5
  6
BYLAYER
 10
991.3853686938
 20
496.8185007961
 11
996.1558268976
 21
488.8352747615
  0
LINE
  5
5FC
100
AcDbEntity
  8
0
100
AcDbLine
 62
5
  6
BYLAYER
 10
999.6189585487
 20
487.8362083631
 11
993.4973540786
 21
498.0805392201
  0
LINE
  5
5FD
100
AcDbEntity
  8
0
100
AcDbLine
 62
5
  6
BYLAYER
 10
964.1859768364
 20
462.9457859425
 11
963.6512844485
 21
460.5442629126
  0
LINE
  5
5FE
100
AcDbEntity
  8
0
100
AcDbLine
 62
5
  6
BYLAYER
 10
975.3000515256
 20
457.9506974938
 11
975.8347439135
 21
460.3522205233
  0
LINE
  5
5FF
100
AcDbEntity
  8
0
100
AcDbLine
 62
5
  6
BYLAYER
 10
974.0859304847
 20
483.5334855068
 11
972.7826074485
 21
481.446729337
  0
LINE
  5
600
100
AcDbEntity
  8
0
100
AcDbLine
 62
5
  6
BYLAYER
 10
968.6029824523
 20
474.7547136154
 11
966.8566570294
 21
471.9586644019
  0
LINE
  5
601
100
AcDbEntity
  8
0
100
AcDbLine
 62
5
  6
BYLAYER
 10
976.9786293968
 20
465.636795106
 11
978.2691123495
 21
467.7029929618
  0
LINE
  5
602
100
AcDbEntity
  8
0
100
AcDbLine
 62
5
  6
BYLAYER
 10
982.6541865972
 20
474.7239543721
 11
984.2079028521
 21
477.2116162108
  0
SPLINE
  5
603
100
AcDbEntity
  8
0
100
AcDbSpline
 62
5
  6
BYLAYER
 70
0
 71
3
 72
8
 73
4
 74
0
 42
0.0000001
 43
0.0000001
 44
0.0000000001
 40
0.0
 40
0.0
 40
0.0
 40
0.0
 40
1.0
 40
1.0
 40
1.0
 40
1.0
 10
1017.6319150949
 20
496.1478666262
 30
0.0
 10
1017.5634519984
 20
497.576367962
 30
0.0
 10
1016.9758644786
 20
498.6968689206
 30
0.0
 10
1015.8662589136
 20
499.5075906548
 30
0.0
  0
SPLINE
  5
604
100
AcDbEntity
  8
0
100
AcDbSpline
 62
5
  6
BYLAYER
 70
0
 71
3
 72
8
 73
4
 74
0
 42
0.0000001
 43
0.0000001
 44
0.0000000001
 40
0.0
 40
0.0
 40
0.0
 40
0.0
 40
1.0
 40
1.0
 40
1.0
 40
1.0
 10
1015.8662589136
 20
499.5075906548
 30
0.0
 10
1014.7628317214
 20
500.3137982263
 30
0.0
 10
1013.3376573966
 20
500.6823095315
 30
0.0
 10
1011.5701891365
 20
500.59760093
 30
0.0
  0
SPLINE
  5
605
100
AcDbEntity
  8
0
100
AcDbSpline
 62
5
  6
BYLAYER
 70
0
 71
3
 72
8
 73
4
 74
0
 42
0.0000001
 43
0.0000001
 44
0.0000000001
 40
0.0
 40
0.0
 40
0.0
 40
0.0
 40
1.0
 40
1.0
 40
1.0
 40
1.0
 10
1011.5701891365
 20
500.59760093
 30
0.0
 10
1009.7300872385
 20
500.509411251
 30
0.0
 10
1008.310752717
 20
499.9964833589
 30
0.0
 10
1007.2872034987
 20
499.0737976106
 30
0.0
  0
SPLINE
  5
606
100
AcDbEntity
  8
0
100
AcDbSpline
 62
5
  6
BYLAYER
 70
0
 71
3
 72
8
 73
4
 74
0
 42
0.0000001
 43
0.0000001
 44
0.0000000001
 40
0.0
 40
0.0
 40
0.0
 40
0.0
 40
1.0
 40
1.0
 40
1.0
 40
1.0
 10
1007.2872034987
 20
499.0737976106
 30
0.0
 10
1006.2636559149
 20
498.1511133352
 30
0.0
 10
1005.7882396018
 20
496.9311312292
 30
0.0
 10
1005.8605706587
 20
495.4219238384
 30
0.0
  0
SPLINE
  5
607
100
AcDbEntity
  8
0
100
AcDbSpline
 62
5
  6
BYLAYER
 70
0
 71
3
 72
8
 73
4
 74
0
 42
0.0000001
 43
0.0000001
 44
0.0000000001
 40
0.0
 40
0.0
 40
0.0
 40
0.0
 40
1.0
 40
1.0
 40
1.0
 40
1.0
 10
1005.8605706587
 20
495.4219238384
 30
0.0
 10
1005.9286469408
 20
494.0014934989
 30
0.0
 10
1006.5291108032
 20
492.8654316569
 30
0.0
 10
1007.6583119948
 20
492.0281261606
 30
0.0
  0
SPLINE
  5
608
100
AcDbEntity
  8
0
100
AcDbSpline
 62
5
  6
BYLAYER
 70
0
 71
3
 72
8
 73
4
 74
0
 42
0.0000001
 43
0.0000001
 44
0.0000000001
 40
0.0
 40
0.0
 40
0.0
 40
0.0
 40
1.0
 40
1.0
 40
1.0
 40
1.0
 10
1007.6583119948
 20
492.0281261606
 30
0.0
 10
1008.7936660474
 20
491.1862583021
 30
0.0
 10
1010.2192271696
 20
490.8096763558
 30
0.0
 10
1011.9624813754
 20
490.8932244621
 30
0.0
  0
SPLINE
  5
609
100
AcDbEntity
  8
0
100
AcDbSpline
 62
5
  6
BYLAYER
 70
0
 71
3
 72
8
 73
4
 74
0
 42
0.0000001
 43
0.0000001
 44
0.0000000001
 40
0.0
 40
0.0
 40
0.0
 40
0.0
 40
1.0
 40
1.0
 40
1.0
 40
1.0
 10
1011.9624813754
 20
490.8932244621
 30
0.0
 10
1013.7541636897
 20
490.9790935588
 30
0.0
 10
1015.1734939485
 20
491.4920212466
 30
0.0
 10
1016.1954972613
 20
492.4469888514
 30
0.0
  0
SPLINE
  5
60A
100
AcDbEntity
  8
0
100
AcDbSpline
 62
5
  6
BYLAYER
 70
0
 71
3
 72
8
 73
4
 74
0
 42
0.0000001
 43
0.0000001
 44
0.0000000001
 40
0.0
 40
0.0
 40
0.0
 40
0.0
 40
1.0
 40
1.0
 40
1.0
 40
1.0
 10
1016.1954972613
 20
492.4469888514
 30
0.0
 10
1017.217500636
 20
493.4019565145
 30
0.0
 10
1017.7046329328
 20
494.6305889492
 30
0.0
 10
1017.6319150949
 20
496.1478666262
 30
0.0
  0
SPLINE
  5
60B
100
AcDbEntity
  8
0
100
AcDbSpline
 62
5
  6
BYLAYER
 70
0
 71
3
 72
8
 73
4
 74
0
 42
0.0000001
 43
0.0000001
 44
0.0000000001
 40
0.0
 40
0.0
 40
0.0
 40
0.0
 40
1.0
 40
1.0
 40
1.0
 40
1.0
 10
1020.2354651026
 20
496.2564673578
 30
0.0
 10
1020.3491834322
 20
493.88370315
 30
0.0
 10
1019.3314812372
 20
492.0795790696
 30
0.0
 10
1017.1796435782
 20
490.8617802696
 30
0.0
  0
SPLINE
  5
60C
100
AcDbEntity
  8
0
100
AcDbSpline
 62
5
  6
BYLAYER
 70
0
 71
3
 72
8
 73
4
 74
0
 42
0.0000001
 43
0.0000001
 44
0.0000000001
 40
0.0
 40
0.0
 40
0.0
 40
0.0
 40
1.0
 40
1.0
 40
1.0
 40
1.0
 10
1017.1796435782
 20
490.8617802696
 30
0.0
 10
1015.6929730581
 20
490.0204223872
 30
0.0
 10
1013.9682851151
 20
489.5494841189
 30
0.0
 10
1012.0071214695
 20
489.4554923719
 30
0.0
  0
SPLINE
  5
60D
100
AcDbEntity
  8
0
100
AcDbSpline
 62
5
  6
BYLAYER
 70
0
 71
3
 72
8
 73
4
 74
0
 42
0.0000001
 43
0.0000001
 44
0.0000000001
 40
0.0
 40
0.0
 40
0.0
 40
0.0
 40
1.0
 40
1.0
 40
1.0
 40
1.0
 10
1012.0071214695
 20
489.4554923719
 30
0.0
 10
1009.4043450572
 20
489.3307503582
 30
0.0
 10
1007.3192579207
 20
489.7970610128
 30
0.0
 10
1005.7448679184
 20
490.8664867275
 30
0.0
  0
SPLINE
  5
60E
100
AcDbEntity
  8
0
100
AcDbSpline
 62
5
  6
BYLAYER
 70
0
 71
3
 72
8
 73
4
 74
0
 42
0.0000001
 43
0.0000001
 44
0.0000000001
 40
0.0
 40
0.0
 40
0.0
 40
0.0
 40
1.0
 40
1.0
 40
1.0
 40
1.0
 10
1005.7448679184
 20
490.8664867275
 30
0.0
 10
1004.1712033068
 20
491.9354197104
 30
0.0
 10
1003.3463707743
 20
493.4490082199
 30
0.0
 10
1003.2523790952
 20
495.4101704439
 30
0.0
  0
SPLINE
  5
60F
100
AcDbEntity
  8
0
100
AcDbSpline
 62
5
  6
BYLAYER
 70
0
 71
3
 72
8
 73
4
 74
0
 42
0.0000001
 43
0.0000001
 44
0.0000000001
 40
0.0
 40
0.0
 40
0.0
 40
0.0
 40
1.0
 40
1.0
 40
1.0
 40
1.0
 10
1003.2523790952
 20
495.4101704439
 30
0.0
 10
1003.1607081687
 20
497.3229095326
 30
0.0
 10
1003.8744878049
 20
498.8859711868
 30
0.0
 10
1005.4055666861
 20
500.0922275092
 30
0.0
  0
SPLINE
  5
610
100
AcDbEntity
  8
0
100
AcDbSpline
 62
5
  6
BYLAYER
 70
0
 71
3
 72
8
 73
4
 74
0
 42
0.0000001
 43
0.0000001
 44
0.0000000001
 40
0.0
 40
0.0
 40
0.0
 40
0.0
 40
1.0
 40
1.0
 40
1.0
 40
1.0
 10
1005.4055666861
 20
500.0922275092
 30
0.0
 10
1006.9027837249
 20
501.2718058712
 30
0.0
 10
1008.9341060534
 20
501.9273127139
 30
0.0
 10
1011.5005656467
 20
502.050314189
 30
0.0
  0
SPLINE
  5
611
100
AcDbEntity
  8
0
100
AcDbSpline
 62
5
  6
BYLAYER
 70
0
 71
3
 72
8
 73
4
 74
0
 42
0.0000001
 43
0.0000001
 44
0.0000000001
 40
0.0
 40
0.0
 40
0.0
 40
0.0
 40
1.0
 40
1.0
 40
1.0
 40
1.0
 10
1011.5005656467
 20
502.050314189
 30
0.0
 10
1014.0064943663
 20
502.1704146299
 30
0.0
 10
1016.0677542546
 20
501.69487265
 30
0.0
 10
1017.6807542876
 20
500.6295888475
 30
0.0
  0
SPLINE
  5
612
100
AcDbEntity
  8
0
100
AcDbSpline
 62
5
  6
BYLAYER
 70
0
 71
3
 72
8
 73
4
 74
0
 42
0.0000001
 43
0.0000001
 44
0.0000000001
 40
0.0
 40
0.0
 40
0.0
 40
0.0
 40
1.0
 40
1.0
 40
1.0
 40
1.0
 10
1017.6807542876
 20
500.6295888475
 30
0.0
 10
1019.2880599759
 20
499.5680657972
 30
0.0
 10
1020.1465017603
 20
498.112711959
 30
0.0
 10
1020.2354651026
 20
496.2564673578
 30
0.0
  0
HATCH
  5
613
100
AcDbEntity
  8
0
100
AcDbHatch
 62
5
  6
BYLAYER
 10
0.0
 20
0.0
 30
0.0
210
0.0
220
0.0
230
1.0
  2
SOLID
 70
1
 71
1
 91
5
 92
1
 93
10
 72
1
 10
982.6541865972
 20
474.7239543721
 11
984.2079028521
 21
477.2116162108
 72
1
 10
984.2079028521
 20
477.2116162108
 11
974.0859304847
 21
483.5334855068
 72
1
 10
974.0859304847
 20
483.5334855068
 11
972.7826074485
 21
481.446729337
 72
1
 10
972.7826074485
 20
481.446729337
 11
980.6704816737
 21
476.5202082925
 72
1
 10
980.6704816737
 20
476.5202082925
 11
968.6029824523
 21
474.7547136154
 72
1
 10
968.6029824523
 20
474.7547136154
 11
966.8566570294
 21
471.9586644019
 72
1
 10
966.8566570294
 20
471.9586644019
 11
976.9786293968
 21
465.636795106
 72
1
 10
976.9786293968
 20
465.636795106
 11
978.2691123495
 21
467.7029929618
 72
1
 10
978.2691123495
 20
467.7029929618
 11
970.018025864
 21
472.8563650929
 72
1
 10
970.018025864
 20
472.8563650929
 11
982.6541865972
 21
474.7239543721
 97
40
330
5EB
330
5EC
330
5ED
330
5EE
330
5EF
330
5F0
330
5F1
330
5F2
330
5F3
330
5F4
330
5F5
330
5F6
330
5F7
330
5F8
330
5F9
330
5FA
330
5FB
330
5FC
330
5FD
330
5FE
330
5FF
330
600
330
601
330
602
330
603
330
604
330
605
330
606
330
607
330
608
330
609
330
60A
330
60B
330
60C
330
60D
330
60E
330
60F
330
610
330
611
330
612
 92
1
 93
4
 72
1
 10
975.3000515256
 20
457.9506974938
 11
975.8347439135
 21
460.3522205233
 72
1
 10
975.8347439135
 20
460.3522205233
 11
964.1859768364
 21
462.9457859425
 72
1
 10
964.1859768364
 20
462.9457859425
 11
963.6512844485
 21
460.5442629126
 72
1
 10
963.6512844485
 20
460.5442629126
 11
975.3000515256
 21
457.9506974938
 97
40
330
5EB
330
5EC
330
5ED
330
5EE
330
5EF
330
5F0
330
5F1
330
5F2
330
5F3
330
5F4
330
5F5
330
5F6
330
5F7
330
5F8
330
5F9
330
5FA
330
5FB
330
5FC
330
5FD
330
5FE
330
5FF
330
600
330
601
330
602
330
603
330
604
330
605
330
606
330
607
330
608
330
609
330
60A
330
60B
330
60C
330
60D
330
60E
330
60F
330
610
330
611
330
612
 92
1
 93
10
 72
1
 10
997.1012230172
 20
486.3317097969
 11
999.6189585487
 21
487.8362083631
 72
1
 10
999.6189585487
 20
487.8362083631
 11
993.4973540786
 21
498.0805392201
 72
1
 10
993.4973540786
 20
498.0805392201
 11
991.3853686938
 21
496.8185007961
 72
1
 10
991.3853686938
 20
496.8185007961
 11
996.1558268976
 21
488.8352747615
 72
1
 10
996.1558268976
 20
488.8352747615
 11
984.6124590156
 21
492.7712794852
 72
1
 10
984.6124590156
 20
492.7712794852
 11
981.7826109455
 21
491.0802748858
 72
1
 10
981.7826109455
 20
491.0802748858
 11
987.9042154157
 21
480.8359440288
 72
1
 10
987.9042154157
 20
480.8359440288
 11
989.9953893902
 21
482.085546382
 72
1
 10
989.9953893902
 20
482.085546382
 11
985.0052663116
 21
490.4363753333
 72
1
 10
985.0052663116
 20
490.4363753333
 11
997.1012230172
 21
486.3317097969
 97
40
330
5EB
330
5EC
330
5ED
330
5EE
330
5EF
330
5F0
330
5F1
330
5F2
330
5F3
330
5F4
330
5F5
330
5F6
330
5F7
330
5F8
330
5F9
330
5FA
330
5FB
330
5FC
330
5FD
330
5FE
330
5FF
330
600
330
601
330
602
330
603
330
604
330
605
330
606
330
607
330
608
330
609
330
60A
330
60B
330
60C
330
60D
330
60E
330
60F
330
610
330
611
330
612
 92
1
 93
8
 72
4
 94
3
 73
0
 74
0
 95
8
 96
4
 40
0.0
 40
0.0
 40
0.0
 40
0.0
 40
1.0
 40
1.0
 40
1.0
 40
1.0
 10
1015.8662589136
 20
499.5075906548
 10
1014.7628317214
 20
500.3137982263
 10
1013.3376573966
 20
500.6823095315
 10
1011.5701891365
 20
500.59760093
 72
4
 94
3
 73
0
 74
0
 95
8
 96
4
 40
0.0
 40
0.0
 40
0.0
 40
0.0
 40
1.0
 40
1.0
 40
1.0
 40
1.0
 10
1011.5701891365
 20
500.59760093
 10
1009.7300872385
 20
500.509411251
 10
1008.310752717
 20
499.9964833589
 10
1007.2872034987
 20
499.0737976106
 72
4
 94
3
 73
0
 74
0
 95
8
 96
4
 40
0.0
 40
0.0
 40
0.0
 40
0.0
 40
1.0
 40
1.0
 40
1.0
 40
1.0
 10
1007.2872034987
 20
499.0737976106
 10
1006.2636559149
 20
498.1511133352
 10
1005.7882396018
 20
496.9311312292
 10
1005.8605706587
 20
495.4219238384
 72
4
 94
3
 73
0
 74
0
 95
8
 96
4
 40
0.0
 40
0.0
 40
0.0
 40
0.0
 40
1.0
 40
1.0
 40
1.0
 40
1.0
 10
1005.8605706587
 20
495.4219238384
 10
1005.9286469408
 20
494.0014934989
 10
1006.5291108032
 20
492.8654316569
 10
1007.6583119948
 20
492.0281261606
 72
4
 94
3
 73
0
 74
0
 95
8
 96
4
 40
0.0
 40
0.0
 40
0.0
 40
0.0
 40
1.0
 40
1.0
 40
1.0
 40
1.0
 10
1007.6583119948
 20
492.0281261606
 10
1008.7936660474
 20
491.1862583021
 10
1010.2192271696
 20
490.8096763558
 10
1011.9624813754
 20
490.8932244621
 72
4
 94
3
 73
0
 74
0
 95
8
 96
4
 40
0.0
 40
0.0
 40
0.0
 40
0.0
 40
1.0
 40
1.0
 40
1.0
 40
1.0
 10
1011.9624813754
 20
490.8932244621
 10
1013.7541636897
 20
490.9790935588
 10
1015.1734939485
 20
491.4920212466
 10
1016.1954972613
 20
492.4469888514
 72
4
 94
3
 73
0
 74
0
 95
8
 96
4
 40
0.0
 40
0.0
 40
0.0
 40
0.0
 40
1.0
 40
1.0
 40
1.0
 40
1.0
 10
1016.1954972613
 20
492.4469888514
 10
1017.217500636
 20
493.4019565145
 10
1017.7046329328
 20
494.6305889492
 10
1017.6319150949
 20
496.1478666262
 72
4
 94
3
 73
0
 74
0
 95
8
 96
4
 40
0.0
 40
0.0
 40
0.0
 40
0.0
 40
1.0
 40
1.0
 40
1.0
 40
1.0
 10
1017.6319150949
 20
496.1478666262
 10
1017.5634519984
 20
497.576367962
 10
1016.9758644786
 20
498.6968689206
 10
1015.8662589136
 20
499.5075906548
 97
40
330
5EB
330
5EC
330
5ED
330
5EE
330
5EF
330
5F0
330
5F1
330
5F2
330
5F3
330
5F4
330
5F5
330
5F6
330
5F7
330
5F8
330
5F9
330
5FA
330
5FB
330
5FC
330
5FD
330
5FE
330
5FF
330
600
330
601
330
602
330
603
330
604
330
605
330
606
330
607
330
608
330
609
330
60A
330
60B
330
60C
330
60D
330
60E
330
60F
330
610
330
611
330
612
 92
1
 93
8
 72
4
 94
3
 73
0
 74
0
 95
8
 96
4
 40
0.0
 40
0.0
 40
0.0
 40
0.0
 40
1.0
 40
1.0
 40
1.0
 40
1.0
 10
1017.1796435782
 20
490.8617802696
 10
1015.6929730581
 20
490.0204223872
 10
1013.9682851151
 20
489.5494841189
 10
1012.0071214695
 20
489.4554923719
 72
4
 94
3
 73
0
 74
0
 95
8
 96
4
 40
0.0
 40
0.0
 40
0.0
 40
0.0
 40
1.0
 40
1.0
 40
1.0
 40
1.0
 10
1012.0071214695
 20
489.4554923719
 10
1009.4043450572
 20
489.3307503582
 10
1007.3192579207
 20
489.7970610128
 10
1005.7448679184
 20
490.8664867275
 72
4
 94
3
 73
0
 74
0
 95
8
 96
4
 40
0.0
 40
0.0
 40
0.0
 40
0.0
 40
1.0
 40
1.0
 40
1.0
 40
1.0
 10
1005.7448679184
 20
490.8664867275
 10
1004.1712033068
 20
491.9354197104
 10
1003.3463707743
 20
493.4490082199
 10
1003.2523790952
 20
495.4101704439
 72
4
 94
3
 73
0
 74
0
 95
8
 96
4
 40
0.0
 40
0.0
 40
0.0
 40
0.0
 40
1.0
 40
1.0
 40
1.0
 40
1.0
 10
1003.2523790952
 20
495.4101704439
 10
1003.1607081687
 20
497.3229095326
 10
1003.8744878049
 20
498.8859711868
 10
1005.4055666861
 20
500.0922275092
 72
4
 94
3
 73
0
 74
0
 95
8
 96
4
 40
0.0
 40
0.0
 40
0.0
 40
0.0
 40
1.0
 40
1.0
 40
1.0
 40
1.0
 10
1005.4055666861
 20
500.0922275092
 10
1006.9027837249
 20
501.2718058712
 10
1008.9341060534
 20
501.9273127139
 10
1011.5005656467
 20
502.050314189
 72
4
 94
3
 73
0
 74
0
 95
8
 96
4
 40
0.0
 40
0.0
 40
0.0
 40
0.0
 40
1.0
 40
1.0
 40
1.0
 40
1.0
 10
1011.5005656467
 20
502.050314189
 10
1014.0064943663
 20
502.1704146299
 10
1016.0677542546
 20
501.69487265
 10
1017.6807542876
 20
500.6295888475
 72
4
 94
3
 73
0
 74
0
 95
8
 96
4
 40
0.0
 40
0.0
 40
0.0
 40
0.0
 40
1.0
 40
1.0
 40
1.0
 40
1.0
 10
1017.6807542876
 20
500.6295888475
 10
1019.2880599759
 20
499.5680657972
 10
1020.1465017603
 20
498.112711959
 10
1020.2354651026
 20
496.2564673578
 72
4
 94
3
 73
0
 74
0
 95
8
 96
4
 40
0.0
 40
0.0
 40
0.0
 40
0.0
 40
1.0
 40
1.0
 40
1.0
 40
1.0
 10
1020.2354651026
 20
496.2564673578
 10
1020.3491834322
 20
493.88370315
 10
1019.3314812372
 20
492.0795790696
 10
1017.1796435782
 20
490.8617802696
 97
40
330
5EB
330
5EC
330
5ED
330
5EE
330
5EF
330
5F0
330
5F1
330
5F2
330
5F3
330
5F4
330
5F5
330
5F6
330
5F7
330
5F8
330
5F9
330
5FA
330
5FB
330
5FC
330
5FD
330
5FE
330
5FF
330
600
330
601
330
602
330
603
330
604
330
605
330
606
330
607
330
608
330
609
330
60A
330
60B
330
60C
330
60D
330
60E
330
60F
330
610
330
611
330
612
 75
0
 76
1
 98
1
 10
0.0
 20
0.0
  0
LINE
  5
614
100
AcDbEntity
  8
5_ALL_CURVES
100
AcDbLine
 62
5
  6
BYLAYER
 10
970.018025864
 20
472.8563650929
 11
982.6541865972
 21
474.7239543721
  0
LINE
  5
615
100
AcDbEntity
  8
5_ALL_CURVES
100
AcDbLine
 62
5
  6
BYLAYER
 10
970.9880923688
 20
432.9433491038
 11
969.6187076034
 21
432.7433592993
  0
LINE
  5
616
100
AcDbEntity
  8
5_ALL_CURVES
100
AcDbLine
 62
5
  6
BYLAYER
 10
973.4788035369
 20
442.4604620889
 11
974.8481889132
 21
442.6604518622
  0
LINE
  5
617
100
AcDbEntity
  8
5_ALL_CURVES
100
AcDbLine
 62
5
  6
BYLAYER
 10
974.9673087878
 20
441.3518942954
 11
973.859123748
 21
441.2328238781
  0
LINE
  5
618
100
AcDbEntity
  8
5_ALL_CURVES
100
AcDbLine
 62
5
  6
BYLAYER
 10
976.7114844521
 20
423.0250751208
 11
975.7903425411
 21
422.9357328428
  0
LINE
  5
619
100
AcDbEntity
  8
5_ALL_CURVES
100
AcDbLine
 62
5
  6
BYLAYER
 10
978.9367451988
 20
431.1256426433
 11
979.857887752
 21
431.21498534
  0
LINE
  5
61A
100
AcDbEntity
  8
5_ALL_CURVES
100
AcDbLine
 62
5
  6
BYLAYER
 10
1018.4169403067
 20
414.2155694332
 11
1013.2987973485
 21
413.7334519151
  0
LINE
  5
61B
100
AcDbEntity
  8
5_ALL_CURVES
100
AcDbLine
 62
5
  6
BYLAYER
 10
1053.3682963939
 20
421.9448593181
 11
1051.9849140232
 21
421.8154719306
  0
LINE
  5
61C
100
AcDbEntity
  8
5_ALL_CURVES
100
AcDbLine
 62
5
  6
BYLAYER
 10
1046.9481193693
 20
432.6915295981
 11
1048.3315016592
 21
432.8209170374
  0
LINE
  5
61D
100
AcDbEntity
  8
5_ALL_CURVES
100
AcDbLine
 62
5
  6
BYLAYER
 10
1005.3787502156
 20
414.6278475216
 11
1006.481458248
 21
414.7043729127
  0
LINE
  5
61E
100
AcDbEntity
  8
5_ALL_CURVES
100
AcDbLine
 62
5
  6
BYLAYER
 10
969.7607867512
 20
434.1328359356
 11
970.6077721572
 21
434.1709873147
  0
LWPOLYLINE
  5
61F
100
AcDbEntity
  8
0
100
AcDbPolyline
 62
7
  6
BYLAYER
 90
2
 70
0
 43
0.6
 10
28.0
 20
422.5
 10
20.0
 20
422.5
  0
LWPOLYLINE
  5
620
100
AcDbEntity
  8
0
100
AcDbPolyline
 62
7
  6
BYLAYER
 90
2
 70
0
 43
0.6
 10
1572.0
 20
422.5
 10
1580.0
 20
422.5
  0
LINE
  5
621
100
AcDbEntity
  8
0
100
AcDbLine
 62
5
  6
BYLAYER
 10
1000.4383689684
 20
434.4138359499
 11
1001.2619327464
 21
434.4138359499
  0
LINE
  5
622
100
AcDbEntity
  8
0
100
AcDbLine
 62
5
  6
BYLAYER
 10
1006.3341130171
 20
434.4138359499
 11
1007.1576767951
 21
434.4138359499
  0
LINE
  5
623
100
AcDbEntity
  8
0
100
AcDbLine
 62
5
  6
BYLAYER
 10
991.6359307006
 20
436.8440188334
 11
992.6387401517
 21
436.8440188334
  0
LINE
  5
624
100
AcDbEntity
  8
0
100
AcDbLine
 62
5
  6
BYLAYER
 10
997.7787439253
 20
436.8440188334
 11
998.7718642743
 21
436.8440188334
  0
LINE
  5
625
100
AcDbEntity
  8
0
100
AcDbLine
 62
5
  6
BYLAYER
 10
1012.099056051
 20
436.8440188334
 11
1012.9323096775
 21
436.8440188334
  0
LINE
  5
626
100
AcDbEntity
  8
0
100
AcDbLine
 62
5
  6
BYLAYER
 10
993.4041696359
 20
439.0566660958
 11
997.0133145477
 21
439.0566660958
  0
LINE
  5
627
100
AcDbEntity
  8
0
100
AcDbLine
 62
5
  6
BYLAYER
 10
996.6257555747
 20
440.1940661464
 11
993.7820398271
 21
440.1940661464
  0
LINE
  5
628
100
AcDbEntity
  8
0
100
AcDbLine
 62
5
  6
BYLAYER
 10
1012.9323096775
 20
443.1339040087
 11
1012.099056051
 21
443.1339040087
  0
LINE
  5
629
100
AcDbEntity
  8
0
100
AcDbLine
 62
5
  6
BYLAYER
 10
1007.1576767951
 20
443.1339040087
 11
1006.3341130171
 21
443.1339040087
  0
LINE
  5
62A
100
AcDbEntity
  8
0
100
AcDbLine
 62
5
  6
BYLAYER
 10
1001.2619327464
 20
443.1339040087
 11
1000.4383689684
 21
443.1339040087
  0
LINE
  5
62B
100
AcDbEntity
  8
0
100
AcDbLine
 62
5
  6
BYLAYER
 10
995.6471682926
 20
446.0240188334
 11
994.7703158915
 21
446.0240188334
  0
LINE
  5
62C
100
AcDbEntity
  8
0
100
AcDbLine
 62
5
  6
BYLAYER
 10
997.0133145477
 20
439.0566660958
 11
997.7787439253
 21
436.8440188334
  0
LINE
  5
62D
100
AcDbEntity
  8
0
100
AcDbLine
 62
5
  6
BYLAYER
 10
998.7718642743
 20
436.8440188334
 11
995.6471682926
 21
446.0240188334
  0
LINE
  5
62E
100
AcDbEntity
  8
0
100
AcDbLine
 62
5
  6
BYLAYER
 10
995.2111643408
 20
444.376964078
 11
996.6257555747
 21
440.1940661464
  0
LINE
  5
62F
100
AcDbEntity
  8
0
100
AcDbLine
 62
5
  6
BYLAYER
 10
1000.4383689684
 20
443.1339040087
 11
1000.4383689684
 21
434.4138359499
  0
LINE
  5
630
100
AcDbEntity
  8
0
100
AcDbLine
 62
5
  6
BYLAYER
 10
1001.2619327464
 20
434.4138359499
 11
1001.2619327464
 21
438.2797534157
  0
LINE
  5
631
100
AcDbEntity
  8
0
100
AcDbLine
 62
5
  6
BYLAYER
 10
1001.2619327464
 20
441.6546621108
 11
1001.2619327464
 21
443.1339040087
  0
LINE
  5
632
100
AcDbEntity
  8
0
100
AcDbLine
 62
5
  6
BYLAYER
 10
1006.3341130171
 20
443.1339040087
 11
1006.3341130171
 21
434.4138359499
  0
LINE
  5
633
100
AcDbEntity
  8
0
100
AcDbLine
 62
5
  6
BYLAYER
 10
1007.1576767951
 20
434.4138359499
 11
1007.1576767951
 21
438.2797534157
  0
LINE
  5
634
100
AcDbEntity
  8
0
100
AcDbLine
 62
5
  6
BYLAYER
 10
1007.1576767951
 20
441.6546621108
 11
1007.1576767951
 21
443.1339040087
  0
LINE
  5
635
100
AcDbEntity
  8
0
100
AcDbLine
 62
5
  6
BYLAYER
 10
1012.099056051
 20
443.1339040087
 11
1012.099056051
 21
436.8440188334
  0
LINE
  5
636
100
AcDbEntity
  8
0
100
AcDbLine
 62
5
  6
BYLAYER
 10
1012.9323096775
 20
436.8440188334
 11
1012.9323096775
 21
440.5731995878
  0
LINE
  5
637
100
AcDbEntity
  8
0
100
AcDbLine
 62
5
  6
BYLAYER
 10
1012.9323096775
 20
441.9094893264
 11
1012.9323096775
 21
443.1339040087
  0
LINE
  5
638
100
AcDbEntity
  8
0
100
AcDbLine
 62
5
  6
BYLAYER
 10
1014.5794355275
 20
442.1518859196
 11
1014.5794355275
 21
443.2582096874
  0
LINE
  5
639
100
AcDbEntity
  8
0
100
AcDbLine
 62
5
  6
BYLAYER
 10
994.7703158915
 20
446.0240188334
 11
991.6359307006
 21
436.8440188334
  0
LINE
  5
63A
100
AcDbEntity
  8
0
100
AcDbLine
 62
5
  6
BYLAYER
 10
993.7820398271
 20
440.1940661464
 11
995.2111643408
 21
444.376964078
  0
LINE
  5
63B
100
AcDbEntity
  8
0
100
AcDbLine
 62
5
  6
BYLAYER
 10
992.6387401517
 20
436.8440188334
 11
993.4041696359
 21
439.0566660958
  0
SPLINE
  5
63C
100
AcDbEntity
  8
0
100
AcDbSpline
 62
5
  6
BYLAYER
 70
0
 71
3
 72
8
 73
4
 74
0
 42
0.0000001
 43
0.0000001
 44
0.0000000001
 40
0.0
 40
0.0
 40
0.0
 40
0.0
 40
1.0
 40
1.0
 40
1.0
 40
1.0
 10
1001.2619327464
 20
438.2797534157
 30
0.0
 10
1001.4605567312
 20
437.7576681569
 30
0.0
 10
1001.6446467954
 20
437.3909653379
 30
0.0
 10
1001.8093597225
 20
437.1796450969
 30
0.0
  0
SPLINE
  5
63D
100
AcDbEntity
  8
0
100
AcDbSpline
 62
5
  6
BYLAYER
 70
0
 71
3
 72
8
 73
4
 74
0
 42
0.0000001
 43
0.0000001
 44
0.0000000001
 40
0.0
 40
0.0
 40
0.0
 40
0.0
 40
1.0
 40
1.0
 40
1.0
 40
1.0
 10
1001.8093597225
 20
437.1796450969
 30
0.0
 10
1002.0709626043
 20
436.8440188334
 30
0.0
 10
1002.4003876038
 20
436.6824209965
 30
0.0
 10
1002.7976355729
 20
436.6824209965
 30
0.0
  0
SPLINE
  5
63E
100
AcDbEntity
  8
0
100
AcDbSpline
 62
5
  6
BYLAYER
 70
0
 71
3
 72
8
 73
4
 74
0
 42
0.0000001
 43
0.0000001
 44
0.0000000001
 40
0.0
 40
0.0
 40
0.0
 40
0.0
 40
1.0
 40
1.0
 40
1.0
 40
1.0
 10
1002.7976355729
 20
436.6824209965
 30
0.0
 10
1003.3644413922
 20
436.6824209965
 30
0.0
 10
1003.8198233353
 20
436.9807554594
 30
0.0
 10
1004.1600838634
 20
437.5887961652
 30
0.0
  0
SPLINE
  5
63F
100
AcDbEntity
  8
0
100
AcDbSpline
 62
5
  6
BYLAYER
 70
0
 71
3
 72
8
 73
4
 74
0
 42
0.0000001
 43
0.0000001
 44
0.0000000001
 40
0.0
 40
0.0
 40
0.0
 40
0.0
 40
1.0
 40
1.0
 40
1.0
 40
1.0
 10
1004.1600838634
 20
437.5887961652
 30
0.0
 10
1004.4980513256
 20
438.1927391944
 30
0.0
 10
1004.6724532475
 20
439.0007284309
 30
0.0
 10
1004.6724532475
 20
440.013822393
 30
0.0
  0
SPLINE
  5
640
100
AcDbEntity
  8
0
100
AcDbSpline
 62
5
  6
BYLAYER
 70
0
 71
3
 72
8
 73
4
 74
0
 42
0.0000001
 43
0.0000001
 44
0.0000000001
 40
0.0
 40
0.0
 40
0.0
 40
0.0
 40
1.0
 40
1.0
 40
1.0
 40
1.0
 10
1004.6724532475
 20
440.013822393
 30
0.0
 10
1004.6724532475
 20
440.9896248973
 30
0.0
 10
1004.5077403213
 20
441.7727530253
 30
0.0
 10
1004.1771718486
 20
442.3683744795
 30
0.0
  0
SPLINE
  5
641
100
AcDbEntity
  8
0
100
AcDbSpline
 62
5
  6
BYLAYER
 70
0
 71
3
 72
8
 73
4
 74
0
 42
0.0000001
 43
0.0000001
 44
0.0000000001
 40
0.0
 40
0.0
 40
0.0
 40
0.0
 40
1.0
 40
1.0
 40
1.0
 40
1.0
 10
1004.1771718486
 20
442.3683744795
 30
0.0
 10
1003.8488903223
 20
442.9598752929
 30
0.0
 10
1003.4177304422
 20
443.2582096874
 30
0.0
 10
1002.8799924627
 20
443.2582096874
 30
0.0
  0
SPLINE
  5
642
100
AcDbEntity
  8
0
100
AcDbSpline
 62
5
  6
BYLAYER
 70
0
 71
3
 72
8
 73
4
 74
0
 42
0.0000001
 43
0.0000001
 44
0.0000000001
 40
0.0
 40
0.0
 40
0.0
 40
0.0
 40
1.0
 40
1.0
 40
1.0
 40
1.0
 10
1002.8799924627
 20
443.2582096874
 30
0.0
 10
1002.4342986624
 20
443.2582096874
 30
0.0
 10
1002.075806676
 20
443.0841815187
 30
0.0
 10
1001.7977449056
 20
442.7387041435
 30
0.0
  0
SPLINE
  5
643
100
AcDbEntity
  8
0
100
AcDbSpline
 62
5
  6
BYLAYER
 70
0
 71
3
 72
8
 73
4
 74
0
 42
0.0000001
 43
0.0000001
 44
0.0000000001
 40
0.0
 40
0.0
 40
0.0
 40
0.0
 40
1.0
 40
1.0
 40
1.0
 40
1.0
 10
1001.7977449056
 20
442.7387041435
 30
0.0
 10
1001.6155798084
 20
442.512373427
 30
0.0
 10
1001.4363338154
 20
442.1518859196
 30
0.0
 10
1001.2619327464
 20
441.6546621108
 30
0.0
  0
SPLINE
  5
644
100
AcDbEntity
  8
0
100
AcDbSpline
 62
5
  6
BYLAYER
 70
0
 71
3
 72
8
 73
4
 74
0
 42
0.0000001
 43
0.0000001
 44
0.0000000001
 40
0.0
 40
0.0
 40
0.0
 40
0.0
 40
1.0
 40
1.0
 40
1.0
 40
1.0
 10
1007.1576767951
 20
438.2797534157
 30
0.0
 10
1007.3563016327
 20
437.7576681569
 30
0.0
 10
1007.5403916974
 20
437.3909653379
 30
0.0
 10
1007.705103868
 20
437.1796452212
 30
0.0
  0
SPLINE
  5
645
100
AcDbEntity
  8
0
100
AcDbSpline
 62
5
  6
BYLAYER
 70
0
 71
3
 72
8
 73
4
 74
0
 42
0.0000001
 43
0.0000001
 44
0.0000000001
 40
0.0
 40
0.0
 40
0.0
 40
0.0
 40
1.0
 40
1.0
 40
1.0
 40
1.0
 10
1007.705103868
 20
437.1796452212
 30
0.0
 10
1007.9667058002
 20
436.8440188334
 30
0.0
 10
1008.2961316525
 20
436.6824209965
 30
0.0
 10
1008.6933796216
 20
436.6824209965
 30
0.0
  0
SPLINE
  5
646
100
AcDbEntity
  8
0
100
AcDbSpline
 62
5
  6
BYLAYER
 70
0
 71
3
 72
8
 73
4
 74
0
 42
0.0000001
 43
0.0000001
 44
0.0000000001
 40
0.0
 40
0.0
 40
0.0
 40
0.0
 40
1.0
 40
1.0
 40
1.0
 40
1.0
 10
1008.6933796216
 20
436.6824209965
 30
0.0
 10
1009.2601845881
 20
436.6824209965
 30
0.0
 10
1009.7155682373
 20
436.9807554594
 30
0.0
 10
1010.0558287653
 20
437.5887961652
 30
0.0
  0
SPLINE
  5
647
100
AcDbEntity
  8
0
100
AcDbSpline
 62
5
  6
BYLAYER
 70
0
 71
3
 72
8
 73
4
 74
0
 42
0.0000001
 43
0.0000001
 44
0.0000000001
 40
0.0
 40
0.0
 40
0.0
 40
0.0
 40
1.0
 40
1.0
 40
1.0
 40
1.0
 10
1010.0558287653
 20
437.5887961652
 30
0.0
 10
1010.3937962271
 20
438.1927391944
 30
0.0
 10
1010.568198149
 20
439.0007284309
 30
0.0
 10
1010.568198149
 20
440.013822393
 30
0.0
  0
SPLINE
  5
648
100
AcDbEntity
  8
0
100
AcDbSpline
 62
5
  6
BYLAYER
 70
0
 71
3
 72
8
 73
4
 74
0
 42
0.0000001
 43
0.0000001
 44
0.0000000001
 40
0.0
 40
0.0
 40
0.0
 40
0.0
 40
1.0
 40
1.0
 40
1.0
 40
1.0
 10
1010.568198149
 20
440.013822393
 30
0.0
 10
1010.568198149
 20
440.9896248973
 30
0.0
 10
1010.40348437
 20
441.7727530253
 30
0.0
 10
1010.0729161855
 20
442.3683739609
 30
0.0
  0
SPLINE
  5
649
100
AcDbEntity
  8
0
100
AcDbSpline
 62
5
  6
BYLAYER
 70
0
 71
3
 72
8
 73
4
 74
0
 42
0.0000001
 43
0.0000001
 44
0.0000000001
 40
0.0
 40
0.0
 40
0.0
 40
0.0
 40
1.0
 40
1.0
 40
1.0
 40
1.0
 10
1010.0729161855
 20
442.3683739609
 30
0.0
 10
1009.7446343709
 20
442.9598752929
 30
0.0
 10
1009.3134753437
 20
443.2582096874
 30
0.0
 10
1008.7757365114
 20
443.2582096874
 30
0.0
  0
SPLINE
  5
64A
100
AcDbEntity
  8
0
100
AcDbSpline
 62
5
  6
BYLAYER
 70
0
 71
3
 72
8
 73
4
 74
0
 42
0.0000001
 43
0.0000001
 44
0.0000000001
 40
0.0
 40
0.0
 40
0.0
 40
0.0
 40
1.0
 40
1.0
 40
1.0
 40
1.0
 10
1008.7757365114
 20
443.2582096874
 30
0.0
 10
1008.3300427111
 20
443.2582096874
 30
0.0
 10
1007.9715507246
 20
443.0841815187
 30
0.0
 10
1007.6934893995
 20
442.7387046961
 30
0.0
  0
SPLINE
  5
64B
100
AcDbEntity
  8
0
100
AcDbSpline
 62
5
  6
BYLAYER
 70
0
 71
3
 72
8
 73
4
 74
0
 42
0.0000001
 43
0.0000001
 44
0.0000000001
 40
0.0
 40
0.0
 40
0.0
 40
0.0
 40
1.0
 40
1.0
 40
1.0
 40
1.0
 10
1007.6934893995
 20
442.7387046961
 30
0.0
 10
1007.5113238571
 20
442.512373427
 30
0.0
 10
1007.3320787169
 20
442.1518859196
 30
0.0
 10
1007.1576767951
 20
441.6546621108
 30
0.0
  0
SPLINE
  5
64C
100
AcDbEntity
  8
0
100
AcDbSpline
 62
5
  6
BYLAYER
 70
0
 71
3
 72
8
 73
4
 74
0
 42
0.0000001
 43
0.0000001
 44
0.0000000001
 40
0.0
 40
0.0
 40
0.0
 40
0.0
 40
1.0
 40
1.0
 40
1.0
 40
1.0
 10
1012.9323096775
 20
440.5731995878
 30
0.0
 10
1012.9323096775
 20
441.045562425
 30
0.0
 10
1013.0437327014
 20
441.4371262156
 30
0.0
 10
1013.2714237792
 20
441.7416763376
 30
0.0
  0
SPLINE
  5
64D
100
AcDbEntity
  8
0
100
AcDbSpline
 62
5
  6
BYLAYER
 70
0
 71
3
 72
8
 73
4
 74
0
 42
0.0000001
 43
0.0000001
 44
0.0000000001
 40
0.0
 40
0.0
 40
0.0
 40
0.0
 40
1.0
 40
1.0
 40
1.0
 40
1.0
 10
1013.2714237792
 20
441.7416763376
 30
0.0
 10
1013.499114644
 20
442.0462261745
 30
0.0
 10
1013.7946277321
 20
442.2016084096
 30
0.0
 10
1014.1531197186
 20
442.2016084096
 30
0.0
  0
SPLINE
  5
64E
100
AcDbEntity
  8
0
100
AcDbSpline
 62
5
  6
BYLAYER
 70
0
 71
3
 72
8
 73
4
 74
0
 42
0.0000001
 43
0.0000001
 44
0.0000000001
 40
0.0
 40
0.0
 40
0.0
 40
0.0
 40
1.0
 40
1.0
 40
1.0
 40
1.0
 10
1014.1531197186
 20
442.2016084096
 30
0.0
 10
1014.2548545996
 20
442.2016084096
 30
0.0
 10
1014.3953454633
 20
442.182962476
 30
0.0
 10
1014.5794355275
 20
442.1518859196
 30
0.0
  0
SPLINE
  5
64F
100
AcDbEntity
  8
0
100
AcDbSpline
 62
5
  6
BYLAYER
 70
0
 71
3
 72
8
 73
4
 74
0
 42
0.0000001
 43
0.0000001
 44
0.0000000001
 40
0.0
 40
0.0
 40
0.0
 40
0.0
 40
1.0
 40
1.0
 40
1.0
 40
1.0
 10
1014.5794355275
 20
443.2582096874
 30
0.0
 10
1014.4050336057
 20
443.2706403097
 30
0.0
 10
1014.2936105822
 20
443.2830709326
 30
0.0
 10
1014.2354766083
 20
443.2830709326
 30
0.0
  0
SPLINE
  5
650
100
AcDbEntity
  8
0
100
AcDbSpline
 62
5
  6
BYLAYER
 70
0
 71
3
 72
8
 73
4
 74
0
 42
0.0000001
 43
0.0000001
 44
0.0000000001
 40
0.0
 40
0.0
 40
0.0
 40
0.0
 40
1.0
 40
1.0
 40
1.0
 40
1.0
 10
1014.2354766083
 20
443.2830709326
 30
0.0
 10
1013.9157406044
 20
443.2830709326
 30
0.0
 10
1013.6396038016
 20
443.1276886975
 30
0.0
 10
1013.4083476777
 20
442.8153791291
 30
0.0
  0
SPLINE
  5
651
100
AcDbEntity
  8
0
100
AcDbSpline
 62
5
  6
BYLAYER
 70
0
 71
3
 72
8
 73
4
 74
0
 42
0.0000001
 43
0.0000001
 44
0.0000000001
 40
0.0
 40
0.0
 40
0.0
 40
0.0
 40
1.0
 40
1.0
 40
1.0
 40
1.0
 10
1013.4083476777
 20
442.8153791291
 30
0.0
 10
1013.2714236727
 20
442.6304643415
 30
0.0
 10
1013.1115548177
 20
442.3321299471
 30
0.0
 10
1012.9323096775
 20
441.9094893264
 30
0.0
  0
SPLINE
  5
652
100
AcDbEntity
  8
0
100
AcDbSpline
 62
5
  6
BYLAYER
 70
0
 71
3
 72
8
 73
4
 74
0
 42
0.0000001
 43
0.0000001
 44
0.0000000001
 40
0.0
 40
0.0
 40
0.0
 40
0.0
 40
1.0
 40
1.0
 40
1.0
 40
1.0
 10
1009.686500397
 20
440.0884061282
 30
0.0
 10
1009.686500397
 20
439.0566660958
 30
0.0
 10
1009.536321391
 20
438.348121703
 30
0.0
 10
1009.2388990318
 20
437.9589834033
 30
0.0
  0
SPLINE
  5
653
100
AcDbEntity
  8
0
100
AcDbSpline
 62
5
  6
BYLAYER
 70
0
 71
3
 72
8
 73
4
 74
0
 42
0.0000001
 43
0.0000001
 44
0.0000000001
 40
0.0
 40
0.0
 40
0.0
 40
0.0
 40
1.0
 40
1.0
 40
1.0
 40
1.0
 10
1009.2388990318
 20
437.9589834033
 30
0.0
 10
1009.0470283897
 20
437.7079457348
 30
0.0
 10
1008.804802645
 20
437.5836397142
 30
0.0
 10
1008.5238226243
 20
437.5836397142
 30
0.0
  0
SPLINE
  5
654
100
AcDbEntity
  8
0
100
AcDbSpline
 62
5
  6
BYLAYER
 70
0
 71
3
 72
8
 73
4
 74
0
 42
0.0000001
 43
0.0000001
 44
0.0000000001
 40
0.0
 40
0.0
 40
0.0
 40
0.0
 40
1.0
 40
1.0
 40
1.0
 40
1.0
 10
1008.5238226243
 20
437.5836397142
 30
0.0
 10
1008.1071966638
 20
437.5836397142
 30
0.0
 10
1007.7729275931
 20
437.7949599562
 30
0.0
 10
1007.5270204018
 20
438.2187061362
 30
0.0
  0
SPLINE
  5
655
100
AcDbEntity
  8
0
100
AcDbSpline
 62
5
  6
BYLAYER
 70
0
 71
3
 72
8
 73
4
 74
0
 42
0.0000001
 43
0.0000001
 44
0.0000000001
 40
0.0
 40
0.0
 40
0.0
 40
0.0
 40
1.0
 40
1.0
 40
1.0
 40
1.0
 10
1007.5270204018
 20
438.2187061362
 30
0.0
 10
1007.2787896675
 20
438.6464562347
 30
0.0
 10
1007.1576767951
 20
439.2182639156
 30
0.0
 10
1007.1576767951
 20
439.945454242
 30
0.0
  0
SPLINE
  5
656
100
AcDbEntity
  8
0
100
AcDbSpline
 62
5
  6
BYLAYER
 70
0
 71
3
 72
8
 73
4
 74
0
 42
0.0000001
 43
0.0000001
 44
0.0000000001
 40
0.0
 40
0.0
 40
0.0
 40
0.0
 40
1.0
 40
1.0
 40
1.0
 40
1.0
 10
1007.1576767951
 20
439.945454242
 30
0.0
 10
1007.1576767951
 20
440.69750554
 30
0.0
 10
1007.2787896675
 20
441.2817439806
 30
0.0
 10
1007.521013807
 20
441.7105998179
 30
0.0
  0
SPLINE
  5
657
100
AcDbEntity
  8
0
100
AcDbSpline
 62
5
  6
BYLAYER
 70
0
 71
3
 72
8
 73
4
 74
0
 42
0.0000001
 43
0.0000001
 44
0.0000000001
 40
0.0
 40
0.0
 40
0.0
 40
0.0
 40
1.0
 40
1.0
 40
1.0
 40
1.0
 10
1007.521013807
 20
441.7105998179
 30
0.0
 10
1007.7632377442
 20
442.1394552968
 30
0.0
 10
1008.097508521
 20
442.3569911919
 30
0.0
 10
1008.5238226243
 20
442.3569911919
 30
0.0
  0
SPLINE
  5
658
100
AcDbEntity
  8
0
100
AcDbSpline
 62
5
  6
BYLAYER
 70
0
 71
3
 72
8
 73
4
 74
0
 42
0.0000001
 43
0.0000001
 44
0.0000000001
 40
0.0
 40
0.0
 40
0.0
 40
0.0
 40
1.0
 40
1.0
 40
1.0
 40
1.0
 10
1008.5238226243
 20
442.3569911919
 30
0.0
 10
1009.2989405707
 20
442.3569911919
 30
0.0
 10
1009.686500397
 20
441.5987243091
 30
0.0
 10
1009.686500397
 20
440.0884061282
 30
0.0
  0
SPLINE
  5
659
100
AcDbEntity
  8
0
100
AcDbSpline
 62
5
  6
BYLAYER
 70
0
 71
3
 72
8
 73
4
 74
0
 42
0.0000001
 43
0.0000001
 44
0.0000000001
 40
0.0
 40
0.0
 40
0.0
 40
0.0
 40
1.0
 40
1.0
 40
1.0
 40
1.0
 10
1003.7907563483
 20
440.0884061282
 30
0.0
 10
1003.7907563483
 20
439.0566660958
 30
0.0
 10
1003.6405773423
 20
438.348121703
 30
0.0
 10
1003.343154301
 20
437.9589831889
 30
0.0
  0
SPLINE
  5
65A
100
AcDbEntity
  8
0
100
AcDbSpline
 62
5
  6
BYLAYER
 70
0
 71
3
 72
8
 73
4
 74
0
 42
0.0000001
 43
0.0000001
 44
0.0000000001
 40
0.0
 40
0.0
 40
0.0
 40
0.0
 40
1.0
 40
1.0
 40
1.0
 40
1.0
 10
1003.343154301
 20
437.9589831889
 30
0.0
 10
1003.1512834878
 20
437.7079457348
 30
0.0
 10
1002.9090585964
 20
437.5836397142
 30
0.0
 10
1002.6280785756
 20
437.5836397142
 30
0.0
  0
SPLINE
  5
65B
100
AcDbEntity
  8
0
100
AcDbSpline
 62
5
  6
BYLAYER
 70
0
 71
3
 72
8
 73
4
 74
0
 42
0.0000001
 43
0.0000001
 44
0.0000000001
 40
0.0
 40
0.0
 40
0.0
 40
0.0
 40
1.0
 40
1.0
 40
1.0
 40
1.0
 10
1002.6280785756
 20
437.5836397142
 30
0.0
 10
1002.2114526152
 20
437.5836397142
 30
0.0
 10
1001.8771826912
 20
437.7949599562
 30
0.0
 10
1001.6312754998
 20
438.2187061362
 30
0.0
  0
SPLINE
  5
65C
100
AcDbEntity
  8
0
100
AcDbSpline
 62
5
  6
BYLAYER
 70
0
 71
3
 72
8
 73
4
 74
0
 42
0.0000001
 43
0.0000001
 44
0.0000000001
 40
0.0
 40
0.0
 40
0.0
 40
0.0
 40
1.0
 40
1.0
 40
1.0
 40
1.0
 10
1001.6312754998
 20
438.2187061362
 30
0.0
 10
1001.3830447659
 20
438.6464562347
 30
0.0
 10
1001.2619327464
 20
439.2182639156
 30
0.0
 10
1001.2619327464
 20
439.945454242
 30
0.0
  0
SPLINE
  5
65D
100
AcDbEntity
  8
0
100
AcDbSpline
 62
5
  6
BYLAYER
 70
0
 71
3
 72
8
 73
4
 74
0
 42
0.0000001
 43
0.0000001
 44
0.0000000001
 40
0.0
 40
0.0
 40
0.0
 40
0.0
 40
1.0
 40
1.0
 40
1.0
 40
1.0
 10
1001.2619327464
 20
439.945454242
 30
0.0
 10
1001.2619327464
 20
440.69750554
 30
0.0
 10
1001.3830447659
 20
441.2817439806
 30
0.0
 10
1001.6252691851
 20
441.7105995581
 30
0.0
  0
SPLINE
  5
65E
100
AcDbEntity
  8
0
100
AcDbSpline
 62
5
  6
BYLAYER
 70
0
 71
3
 72
8
 73
4
 74
0
 42
0.0000001
 43
0.0000001
 44
0.0000000001
 40
0.0
 40
0.0
 40
0.0
 40
0.0
 40
1.0
 40
1.0
 40
1.0
 40
1.0
 10
1001.6252691851
 20
441.7105995581
 30
0.0
 10
1001.8674936955
 20
442.1394552968
 30
0.0
 10
1002.2017636195
 20
442.3569911919
 30
0.0
 10
1002.6280785756
 20
442.3569911919
 30
0.0
  0
SPLINE
  5
65F
100
AcDbEntity
  8
0
100
AcDbSpline
 62
5
  6
BYLAYER
 70
0
 71
3
 72
8
 73
4
 74
0
 42
0.0000001
 43
0.0000001
 44
0.0000000001
 40
0.0
 40
0.0
 40
0.0
 40
0.0
 40
1.0
 40
1.0
 40
1.0
 40
1.0
 10
1002.6280785756
 20
442.3569911919
 30
0.0
 10
1003.4031973749
 20
442.3569911919
 30
0.0
 10
1003.7907563483
 20
441.5987243091
 30
0.0
 10
1003.7907563483
 20
440.0884061282
 30
0.0
  0
HATCH
  5
660
100
AcDbEntity
  8
0
100
AcDbHatch
 62
5
  6
BYLAYER
 10
0.0
 20
0.0
 30
0.0
210
0.0
220
0.0
230
1.0
  2
SOLID
 70
1
 71
1
 91
7
 92
1
 93
13
 72
1
 10
1001.2619327464
 20
434.4138359499
 11
1001.2619327464
 21
438.2797534157
 72
4
 94
3
 73
0
 74
0
 95
8
 96
4
 40
0.0
 40
0.0
 40
0.0
 40
0.0
 40
1.0
 40
1.0
 40
1.0
 40
1.0
 10
1001.2619327464
 20
438.2797534157
 10
1001.4605567312
 20
437.7576681569
 10
1001.6446467954
 20
437.3909653379
 10
1001.8093597225
 20
437.1796450969
 72
4
 94
3
 73
0
 74
0
 95
8
 96
4
 40
0.0
 40
0.0
 40
0.0
 40
0.0
 40
1.0
 40
1.0
 40
1.0
 40
1.0
 10
1001.8093597225
 20
437.1796450969
 10
1002.0709626043
 20
436.8440188334
 10
1002.4003876038
 20
436.6824209965
 10
1002.7976355729
 20
436.6824209965
 72
4
 94
3
 73
0
 74
0
 95
8
 96
4
 40
0.0
 40
0.0
 40
0.0
 40
0.0
 40
1.0
 40
1.0
 40
1.0
 40
1.0
 10
1002.7976355729
 20
436.6824209965
 10
1003.3644413922
 20
436.6824209965
 10
1003.8198233353
 20
436.9807554594
 10
1004.1600838634
 20
437.5887961652
 72
4
 94
3
 73
0
 74
0
 95
8
 96
4
 40
0.0
 40
0.0
 40
0.0
 40
0.0
 40
1.0
 40
1.0
 40
1.0
 40
1.0
 10
1004.1600838634
 20
437.5887961652
 10
1004.4980513256
 20
438.1927391944
 10
1004.6724532475
 20
439.0007284309
 10
1004.6724532475
 20
440.013822393
 72
4
 94
3
 73
0
 74
0
 95
8
 96
4
 40
0.0
 40
0.0
 40
0.0
 40
0.0
 40
1.0
 40
1.0
 40
1.0
 40
1.0
 10
1004.6724532475
 20
440.013822393
 10
1004.6724532475
 20
440.9896248973
 10
1004.5077403213
 20
441.7727530253
 10
1004.1771718486
 20
442.3683744795
 72
4
 94
3
 73
0
 74
0
 95
8
 96
4
 40
0.0
 40
0.0
 40
0.0
 40
0.0
 40
1.0
 40
1.0
 40
1.0
 40
1.0
 10
1004.1771718486
 20
442.3683744795
 10
1003.8488903223
 20
442.9598752929
 10
1003.4177304422
 20
443.2582096874
 10
1002.8799924627
 20
443.2582096874
 72
4
 94
3
 73
0
 74
0
 95
8
 96
4
 40
0.0
 40
0.0
 40
0.0
 40
0.0
 40
1.0
 40
1.0
 40
1.0
 40
1.0
 10
1002.8799924627
 20
443.2582096874
 10
1002.4342986624
 20
443.2582096874
 10
1002.075806676
 20
443.0841815187
 10
1001.7977449056
 20
442.7387041435
 72
4
 94
3
 73
0
 74
0
 95
8
 96
4
 40
0.0
 40
0.0
 40
0.0
 40
0.0
 40
1.0
 40
1.0
 40
1.0
 40
1.0
 10
1001.7977449056
 20
442.7387041435
 10
1001.6155798084
 20
442.512373427
 10
1001.4363338154
 20
442.1518859196
 10
1001.2619327464
 20
441.6546621108
 72
1
 10
1001.2619327464
 20
441.6546621108
 11
1001.2619327464
 21
443.1339040087
 72
1
 10
1001.2619327464
 20
443.1339040087
 11
1000.4383689684
 21
443.1339040087
 72
1
 10
1000.4383689684
 20
443.1339040087
 11
1000.4383689684
 21
434.4138359499
 72
1
 10
1000.4383689684
 20
434.4138359499
 11
1001.2619327464
 21
434.4138359499
 97
63
330
621
330
622
330
623
330
624
330
625
330
626
330
627
330
628
330
629
330
62A
330
62B
330
62C
330
62D
330
62E
330
62F
330
630
330
631
330
632
330
633
330
634
330
635
330
636
330
637
330
638
330
639
330
63A
330
63B
330
63C
330
63D
330
63E
330
63F
330
640
330
641
330
642
330
643
330
644
330
645
330
646
330
647
330
648
330
649
330
64A
330
64B
330
64C
330
64D
330
64E
330
64F
330
650
330
651
330
652
330
653
330
654
330
655
330
656
330
657
330
658
330
659
330
65A
330
65B
330
65C
330
65D
330
65E
330
65F
 92
1
 93
13
 72
1
 10
1007.1576767951
 20
434.4138359499
 11
1007.1576767951
 21
438.2797534157
 72
4
 94
3
 73
0
 74
0
 95
8
 96
4
 40
0.0
 40
0.0
 40
0.0
 40
0.0
 40
1.0
 40
1.0
 40
1.0
 40
1.0
 10
1007.1576767951
 20
438.2797534157
 10
1007.3563016327
 20
437.7576681569
 10
1007.5403916974
 20
437.3909653379
 10
1007.705103868
 20
437.1796452212
 72
4
 94
3
 73
0
 74
0
 95
8
 96
4
 40
0.0
 40
0.0
 40
0.0
 40
0.0
 40
1.0
 40
1.0
 40
1.0
 40
1.0
 10
1007.705103868
 20
437.1796452212
 10
1007.9667058002
 20
436.8440188334
 10
1008.2961316525
 20
436.6824209965
 10
1008.6933796216
 20
436.6824209965
 72
4
 94
3
 73
0
 74
0
 95
8
 96
4
 40
0.0
 40
0.0
 40
0.0
 40
0.0
 40
1.0
 40
1.0
 40
1.0
 40
1.0
 10
1008.6933796216
 20
436.6824209965
 10
1009.2601845881
 20
436.6824209965
 10
1009.7155682373
 20
436.9807554594
 10
1010.0558287653
 20
437.5887961652
 72
4
 94
3
 73
0
 74
0
 95
8
 96
4
 40
0.0
 40
0.0
 40
0.0
 40
0.0
 40
1.0
 40
1.0
 40
1.0
 40
1.0
 10
1010.0558287653
 20
437.5887961652
 10
1010.3937962271
 20
438.1927391944
 10
1010.568198149
 20
439.0007284309
 10
1010.568198149
 20
440.013822393
 72
4
 94
3
 73
0
 74
0
 95
8
 96
4
 40
0.0
 40
0.0
 40
0.0
 40
0.0
 40
1.0
 40
1.0
 40
1.0
 40
1.0
 10
1010.568198149
 20
440.013822393
 10
1010.568198149
 20
440.9896248973
 10
1010.40348437
 20
441.7727530253
 10
1010.0729161855
 20
442.3683739609
 72
4
 94
3
 73
0
 74
0
 95
8
 96
4
 40
0.0
 40
0.0
 40
0.0
 40
0.0
 40
1.0
 40
1.0
 40
1.0
 40
1.0
 10
1010.0729161855
 20
442.3683739609
 10
1009.7446343709
 20
442.9598752929
 10
1009.3134753437
 20
443.2582096874
 10
1008.7757365114
 20
443.2582096874
 72
4
 94
3
 73
0
 74
0
 95
8
 96
4
 40
0.0
 40
0.0
 40
0.0
 40
0.0
 40
1.0
 40
1.0
 40
1.0
 40
1.0
 10
1008.7757365114
 20
443.2582096874
 10
1008.3300427111
 20
443.2582096874
 10
1007.9715507246
 20
443.0841815187
 10
1007.6934893995
 20
442.7387046961
 72
4
 94
3
 73
0
 74
0
 95
8
 96
4
 40
0.0
 40
0.0
 40
0.0
 40
0.0
 40
1.0
 40
1.0
 40
1.0
 40
1.0
 10
1007.6934893995
 20
442.7387046961
 10
1007.5113238571
 20
442.512373427
 10
1007.3320787169
 20
442.1518859196
 10
1007.1576767951
 20
441.6546621108
 72
1
 10
1007.1576767951
 20
441.6546621108
 11
1007.1576767951
 21
443.1339040087
 72
1
 10
1007.1576767951
 20
443.1339040087
 11
1006.3341130171
 21
443.1339040087
 72
1
 10
1006.3341130171
 20
443.1339040087
 11
1006.3341130171
 21
434.4138359499
 72
1
 10
1006.3341130171
 20
434.4138359499
 11
1007.1576767951
 21
434.4138359499
 97
63
330
621
330
622
330
623
330
624
330
625
330
626
330
627
330
628
330
629
330
62A
330
62B
330
62C
330
62D
330
62E
330
62F
330
630
330
631
330
632
330
633
330
634
330
635
330
636
330
637
330
638
330
639
330
63A
330
63B
330
63C
330
63D
330
63E
330
63F
330
640
330
641
330
642
330
643
330
644
330
645
330
646
330
647
330
648
330
649
330
64A
330
64B
330
64C
330
64D
330
64E
330
64F
330
650
330
651
330
652
330
653
330
654
330
655
330
656
330
657
330
658
330
659
330
65A
330
65B
330
65C
330
65D
330
65E
330
65F
 92
1
 93
8
 72
1
 10
992.6387401517
 20
436.8440188334
 11
993.4041696359
 21
439.0566660958
 72
1
 10
993.4041696359
 20
439.0566660958
 11
997.0133145477
 21
439.0566660958
 72
1
 10
997.0133145477
 20
439.0566660958
 11
997.7787439253
 21
436.8440188334
 72
1
 10
997.7787439253
 20
436.8440188334
 11
998.7718642743
 21
436.8440188334
 72
1
 10
998.7718642743
 20
436.8440188334
 11
995.6471682926
 21
446.0240188334
 72
1
 10
995.6471682926
 20
446.0240188334
 11
994.7703158915
 21
446.0240188334
 72
1
 10
994.7703158915
 20
446.0240188334
 11
991.6359307006
 21
436.8440188334
 72
1
 10
991.6359307006
 20
436.8440188334
 11
992.6387401517
 21
436.8440188334
 97
63
330
621
330
622
330
623
330
624
330
625
330
626
330
627
330
628
330
629
330
62A
330
62B
330
62C
330
62D
330
62E
330
62F
330
630
330
631
330
632
330
633
330
634
330
635
330
636
330
637
330
638
330
639
330
63A
330
63B
330
63C
330
63D
330
63E
330
63F
330
640
330
641
330
642
330
643
330
644
330
645
330
646
330
647
330
648
330
649
330
64A
330
64B
330
64C
330
64D
330
64E
330
64F
330
650
330
651
330
652
330
653
330
654
330
655
330
656
330
657
330
658
330
659
330
65A
330
65B
330
65C
330
65D
330
65E
330
65F
 92
1
 93
12
 72
1
 10
1012.9323096775
 20
436.8440188334
 11
1012.9323096775
 21
440.5731995878
 72
4
 94
3
 73
0
 74
0
 95
8
 96
4
 40
0.0
 40
0.0
 40
0.0
 40
0.0
 40
1.0
 40
1.0
 40
1.0
 40
1.0
 10
1012.9323096775
 20
440.5731995878
 10
1012.9323096775
 20
441.045562425
 10
1013.0437327014
 20
441.4371262156
 10
1013.2714237792
 20
441.7416763376
 72
4
 94
3
 73
0
 74
0
 95
8
 96
4
 40
0.0
 40
0.0
 40
0.0
 40
0.0
 40
1.0
 40
1.0
 40
1.0
 40
1.0
 10
1013.2714237792
 20
441.7416763376
 10
1013.499114644
 20
442.0462261745
 10
1013.7946277321
 20
442.2016084096
 10
1014.1531197186
 20
442.2016084096
 72
4
 94
3
 73
0
 74
0
 95
8
 96
4
 40
0.0
 40
0.0
 40
0.0
 40
0.0
 40
1.0
 40
1.0
 40
1.0
 40
1.0
 10
1014.1531197186
 20
442.2016084096
 10
1014.2548545996
 20
442.2016084096
 10
1014.3953454633
 20
442.182962476
 10
1014.5794355275
 20
442.1518859196
 72
1
 10
1014.5794355275
 20
442.1518859196
 11
1014.5794355275
 21
443.2582096874
 72
4
 94
3
 73
0
 74
0
 95
8
 96
4
 40
0.0
 40
0.0
 40
0.0
 40
0.0
 40
1.0
 40
1.0
 40
1.0
 40
1.0
 10
1014.5794355275
 20
443.2582096874
 10
1014.4050336057
 20
443.2706403097
 10
1014.2936105822
 20
443.2830709326
 10
1014.2354766083
 20
443.2830709326
 72
4
 94
3
 73
0
 74
0
 95
8
 96
4
 40
0.0
 40
0.0
 40
0.0
 40
0.0
 40
1.0
 40
1.0
 40
1.0
 40
1.0
 10
1014.2354766083
 20
443.2830709326
 10
1013.9157406044
 20
443.2830709326
 10
1013.6396038016
 20
443.1276886975
 10
1013.4083476777
 20
442.8153791291
 72
4
 94
3
 73
0
 74
0
 95
8
 96
4
 40
0.0
 40
0.0
 40
0.0
 40
0.0
 40
1.0
 40
1.0
 40
1.0
 40
1.0
 10
1013.4083476777
 20
442.8153791291
 10
1013.2714236727
 20
442.6304643415
 10
1013.1115548177
 20
442.3321299471
 10
1012.9323096775
 20
441.9094893264
 72
1
 10
1012.9323096775
 20
441.9094893264
 11
1012.9323096775
 21
443.1339040087
 72
1
 10
1012.9323096775
 20
443.1339040087
 11
1012.099056051
 21
443.1339040087
 72
1
 10
1012.099056051
 20
443.1339040087
 11
1012.099056051
 21
436.8440188334
 72
1
 10
1012.099056051
 20
436.8440188334
 11
1012.9323096775
 21
436.8440188334
 97
63
330
621
330
622
330
623
330
624
330
625
330
626
330
627
330
628
330
629
330
62A
330
62B
330
62C
330
62D
330
62E
330
62F
330
630
330
631
330
632
330
633
330
634
330
635
330
636
330
637
330
638
330
639
330
63A
330
63B
330
63C
330
63D
330
63E
330
63F
330
640
330
641
330
642
330
643
330
644
330
645
330
646
330
647
330
648
330
649
330
64A
330
64B
330
64C
330
64D
330
64E
330
64F
330
650
330
651
330
652
330
653
330
654
330
655
330
656
330
657
330
658
330
659
330
65A
330
65B
330
65C
330
65D
330
65E
330
65F
 92
1
 93
3
 72
1
 10
993.7820398271
 20
440.1940661464
 11
995.2111643408
 21
444.376964078
 72
1
 10
995.2111643408
 20
444.376964078
 11
996.6257555747
 21
440.1940661464
 72
1
 10
996.6257555747
 20
440.1940661464
 11
993.7820398271
 21
440.1940661464
 97
63
330
621
330
622
330
623
330
624
330
625
330
626
330
627
330
628
330
629
330
62A
330
62B
330
62C
330
62D
330
62E
330
62F
330
630
330
631
330
632
330
633
330
634
330
635
330
636
330
637
330
638
330
639
330
63A
330
63B
330
63C
330
63D
330
63E
330
63F
330
640
330
641
330
642
330
643
330
644
330
645
330
646
330
647
330
648
330
649
330
64A
330
64B
330
64C
330
64D
330
64E
330
64F
330
650
330
651
330
652
330
653
330
654
330
655
330
656
330
657
330
658
330
659
330
65A
330
65B
330
65C
330
65D
330
65E
330
65F
 92
1
 93
7
 72
4
 94
3
 73
0
 74
0
 95
8
 96
4
 40
0.0
 40
0.0
 40
0.0
 40
0.0
 40
1.0
 40
1.0
 40
1.0
 40
1.0
 10
1009.2388990318
 20
437.9589834033
 10
1009.0470283897
 20
437.7079457348
 10
1008.804802645
 20
437.5836397142
 10
1008.5238226243
 20
437.5836397142
 72
4
 94
3
 73
0
 74
0
 95
8
 96
4
 40
0.0
 40
0.0
 40
0.0
 40
0.0
 40
1.0
 40
1.0
 40
1.0
 40
1.0
 10
1008.5238226243
 20
437.5836397142
 10
1008.1071966638
 20
437.5836397142
 10
1007.7729275931
 20
437.7949599562
 10
1007.5270204018
 20
438.2187061362
 72
4
 94
3
 73
0
 74
0
 95
8
 96
4
 40
0.0
 40
0.0
 40
0.0
 40
0.0
 40
1.0
 40
1.0
 40
1.0
 40
1.0
 10
1007.5270204018
 20
438.2187061362
 10
1007.2787896675
 20
438.6464562347
 10
1007.1576767951
 20
439.2182639156
 10
1007.1576767951
 20
439.945454242
 72
4
 94
3
 73
0
 74
0
 95
8
 96
4
 40
0.0
 40
0.0
 40
0.0
 40
0.0
 40
1.0
 40
1.0
 40
1.0
 40
1.0
 10
1007.1576767951
 20
439.945454242
 10
1007.1576767951
 20
440.69750554
 10
1007.2787896675
 20
441.2817439806
 10
1007.521013807
 20
441.7105998179
 72
4
 94
3
 73
0
 74
0
 95
8
 96
4
 40
0.0
 40
0.0
 40
0.0
 40
0.0
 40
1.0
 40
1.0
 40
1.0
 40
1.0
 10
1007.521013807
 20
441.7105998179
 10
1007.7632377442
 20
442.1394552968
 10
1008.097508521
 20
442.3569911919
 10
1008.5238226243
 20
442.3569911919
 72
4
 94
3
 73
0
 74
0
 95
8
 96
4
 40
0.0
 40
0.0
 40
0.0
 40
0.0
 40
1.0
 40
1.0
 40
1.0
 40
1.0
 10
1008.5238226243
 20
442.3569911919
 10
1009.2989405707
 20
442.3569911919
 10
1009.686500397
 20
441.5987243091
 10
1009.686500397
 20
440.0884061282
 72
4
 94
3
 73
0
 74
0
 95
8
 96
4
 40
0.0
 40
0.0
 40
0.0
 40
0.0
 40
1.0
 40
1.0
 40
1.0
 40
1.0
 10
1009.686500397
 20
440.0884061282
 10
1009.686500397
 20
439.0566660958
 10
1009.536321391
 20
438.348121703
 10
1009.2388990318
 20
437.9589834033
 97
63
330
621
330
622
330
623
330
624
330
625
330
626
330
627
330
628
330
629
330
62A
330
62B
330
62C
330
62D
330
62E
330
62F
330
630
330
631
330
632
330
633
330
634
330
635
330
636
330
637
330
638
330
639
330
63A
330
63B
330
63C
330
63D
330
63E
330
63F
330
640
330
641
330
642
330
643
330
644
330
645
330
646
330
647
330
648
330
649
330
64A
330
64B
330
64C
330
64D
330
64E
330
64F
330
650
330
651
330
652
330
653
330
654
330
655
330
656
330
657
330
658
330
659
330
65A
330
65B
330
65C
330
65D
330
65E
330
65F
 92
1
 93
7
 72
4
 94
3
 73
0
 74
0
 95
8
 96
4
 40
0.0
 40
0.0
 40
0.0
 40
0.0
 40
1.0
 40
1.0
 40
1.0
 40
1.0
 10
1003.343154301
 20
437.9589831889
 10
1003.1512834878
 20
437.7079457348
 10
1002.9090585964
 20
437.5836397142
 10
1002.6280785756
 20
437.5836397142
 72
4
 94
3
 73
0
 74
0
 95
8
 96
4
 40
0.0
 40
0.0
 40
0.0
 40
0.0
 40
1.0
 40
1.0
 40
1.0
 40
1.0
 10
1002.6280785756
 20
437.5836397142
 10
1002.2114526152
 20
437.5836397142
 10
1001.8771826912
 20
437.7949599562
 10
1001.6312754998
 20
438.2187061362
 72
4
 94
3
 73
0
 74
0
 95
8
 96
4
 40
0.0
 40
0.0
 40
0.0
 40
0.0
 40
1.0
 40
1.0
 40
1.0
 40
1.0
 10
1001.6312754998
 20
438.2187061362
 10
1001.3830447659
 20
438.6464562347
 10
1001.2619327464
 20
439.2182639156
 10
1001.2619327464
 20
439.945454242
 72
4
 94
3
 73
0
 74
0
 95
8
 96
4
 40
0.0
 40
0.0
 40
0.0
 40
0.0
 40
1.0
 40
1.0
 40
1.0
 40
1.0
 10
1001.2619327464
 20
439.945454242
 10
1001.2619327464
 20
440.69750554
 10
1001.3830447659
 20
441.2817439806
 10
1001.6252691851
 20
441.7105995581
 72
4
 94
3
 73
0
 74
0
 95
8
 96
4
 40
0.0
 40
0.0
 40
0.0
 40
0.0
 40
1.0
 40
1.0
 40
1.0
 40
1.0
 10
1001.6252691851
 20
441.7105995581
 10
1001.8674936955
 20
442.1394552968
 10
1002.2017636195
 20
442.3569911919
 10
1002.6280785756
 20
442.3569911919
 72
4
 94
3
 73
0
 74
0
 95
8
 96
4
 40
0.0
 40
0.0
 40
0.0
 40
0.0
 40
1.0
 40
1.0
 40
1.0
 40
1.0
 10
1002.6280785756
 20
442.3569911919
 10
1003.4031973749
 20
442.3569911919
 10
1003.7907563483
 20
441.5987243091
 10
1003.7907563483
 20
440.0884061282
 72
4
 94
3
 73
0
 74
0
 95
8
 96
4
 40
0.0
 40
0.0
 40
0.0
 40
0.0
 40
1.0
 40
1.0
 40
1.0
 40
1.0
 10
1003.7907563483
 20
440.0884061282
 10
1003.7907563483
 20
439.0566660958
 10
1003.6405773423
 20
438.348121703
 10
1003.343154301
 20
437.9589831889
 97
63
330
621
330
622
330
623
330
624
330
625
330
626
330
627
330
628
330
629
330
62A
330
62B
330
62C
330
62D
330
62E
330
62F
330
630
330
631
330
632
330
633
330
634
330
635
330
636
330
637
330
638
330
639
330
63A
330
63B
330
63C
330
63D
330
63E
330
63F
330
640
330
641
330
642
330
643
330
644
330
645
330
646
330
647
330
648
330
649
330
64A
330
64B
330
64C
330
64D
330
64E
330
64F
330
650
330
651
330
652
330
653
330
654
330
655
330
656
330
657
330
658
330
659
330
65A
330
65B
330
65C
330
65D
330
65E
330
65F
 75
0
 76
1
 98
1
 10
0.0
 20
0.0
  0
LINE
  5
661
100
AcDbEntity
  8
5_ALL_CURVES
100
AcDbLine
 62
5
  6
BYLAYER
 10
1000.4383689684
 20
434.4138359499
 11
1001.2619327464
 21
434.4138359499
  0
LINE
  5
662
100
AcDbEntity
  8
5_ALL_CURVES
100
AcDbLine
 62
5
  6
BYLAYER
 10
1006.3341130171
 20
434.4138359499
 11
1007.1576767951
 21
434.4138359499
  0
LINE
  5
663
100
AcDbEntity
  8
5_ALL_CURVES
100
AcDbLine
 62
5
  6
BYLAYER
 10
991.6359307006
 20
436.8440188334
 11
992.6387401517
 21
436.8440188334
  0
LINE
  5
664
100
AcDbEntity
  8
5_ALL_CURVES
100
AcDbLine
 62
5
  6
BYLAYER
 10
997.7787439253
 20
436.8440188334
 11
998.7718642743
 21
436.8440188334
  0
LINE
  5
665
100
AcDbEntity
  8
5_ALL_CURVES
100
AcDbLine
 62
5
  6
BYLAYER
 10
1012.099056051
 20
436.8440188334
 11
1012.9323096775
 21
436.8440188334
  0
LINE
  5
666
100
AcDbEntity
  8
0
100
AcDbLine
 62
5
  6
BYLAYER
 10
1022.8102232649
 20
436.8440188334
 11
1023.6919210169
 21
436.8440188334
  0
LINE
  5
667
100
AcDbEntity
  8
0
100
AcDbLine
 62
5
  6
BYLAYER
 10
1034.9359838452
 20
436.8440188334
 11
1035.7692357656
 21
436.8440188334
  0
LINE
  5
668
100
AcDbEntity
  8
0
100
AcDbLine
 62
5
  6
BYLAYER
 10
1026.9474201464
 20
439.6346892247
 11
1030.3579397941
 21
439.6346892247
  0
LINE
  5
669
100
AcDbEntity
  8
0
100
AcDbLine
 62
5
  6
BYLAYER
 10
1029.5149980248
 20
440.4861855037
 11
1026.9667964316
 21
440.4861855037
  0
LINE
  5
66A
100
AcDbEntity
  8
0
100
AcDbLine
 62
5
  6
BYLAYER
 10
1025.2179357006
 20
443.1339040087
 11
1024.4185948383
 21
443.1339040087
  0
LINE
  5
66B
100
AcDbEntity
  8
0
100
AcDbLine
 62
5
  6
BYLAYER
 10
1022.0302621001
 20
443.1339040087
 11
1021.2260763134
 21
443.1339040087
  0
LINE
  5
66C
100
AcDbEntity
  8
0
100
AcDbLine
 62
5
  6
BYLAYER
 10
1035.7692357656
 20
446.0240188334
 11
1034.9359838452
 21
446.0240188334
  0
LINE
  5
66D
100
AcDbEntity
  8
0
100
AcDbLine
 62
5
  6
BYLAYER
 10
1030.3094939626
 20
438.4599971696
 11
1029.6458007456
 21
438.8826376531
  0
LINE
  5
66E
100
AcDbEntity
  8
0
100
AcDbLine
 62
5
  6
BYLAYER
 10
1023.2413839983
 20
438.3356910806
 11
1022.0302621001
 21
443.1339040087
  0
LINE
  5
66F
100
AcDbEntity
  8
0
100
AcDbLine
 62
5
  6
BYLAYER
 10
1021.2260763134
 20
443.1339040087
 11
1022.8102232649
 21
436.8440188334
  0
LINE
  5
670
100
AcDbEntity
  8
0
100
AcDbLine
 62
5
  6
BYLAYER
 10
1034.9359838452
 20
446.0240188334
 11
1034.9359838452
 21
441.6422314884
  0
LINE
  5
671
100
AcDbEntity
  8
0
100
AcDbLine
 62
5
  6
BYLAYER
 10
1034.9359838452
 20
438.3108299722
 11
1034.9359838452
 21
436.8440188334
  0
LINE
  5
672
100
AcDbEntity
  8
0
100
AcDbLine
 62
5
  6
BYLAYER
 10
1035.7692357656
 20
436.8440188334
 11
1035.7692357656
 21
446.0240188334
  0
LINE
  5
673
100
AcDbEntity
  8
0
100
AcDbLine
 62
5
  6
BYLAYER
 10
1023.6919210169
 20
436.8440188334
 11
1025.2179357006
 21
443.1339040087
  0
LINE
  5
674
100
AcDbEntity
  8
0
100
AcDbLine
 62
5
  6
BYLAYER
 10
1024.4185948383
 20
443.1339040087
 11
1023.2413839983
 21
438.3356910806
  0
SPLINE
  5
675
100
AcDbEntity
  8
0
100
AcDbSpline
 62
5
  6
BYLAYER
 70
0
 71
3
 72
8
 73
4
 74
0
 42
0.0000001
 43
0.0000001
 44
0.0000000001
 40
0.0
 40
0.0
 40
0.0
 40
0.0
 40
1.0
 40
1.0
 40
1.0
 40
1.0
 10
1034.9359838452
 20
441.6422314884
 30
0.0
 10
1034.7518903688
 20
442.1394552968
 30
0.0
 10
1034.5774901526
 20
442.5061581158
 30
0.0
 10
1034.4115965224
 20
442.728453946
 30
0.0
  0
SPLINE
  5
676
100
AcDbEntity
  8
0
100
AcDbSpline
 62
5
  6
BYLAYER
 70
0
 71
3
 72
8
 73
4
 74
0
 42
0.0000001
 43
0.0000001
 44
0.0000000001
 40
0.0
 40
0.0
 40
0.0
 40
0.0
 40
1.0
 40
1.0
 40
1.0
 40
1.0
 10
1034.4115965224
 20
442.728453946
 30
0.0
 10
1034.141487907
 20
443.0903968299
 30
0.0
 10
1033.7926840633
 20
443.2706403097
 30
0.0
 10
1033.3663682544
 20
443.2706403097
 30
0.0
  0
SPLINE
  5
677
100
AcDbEntity
  8
0
100
AcDbSpline
 62
5
  6
BYLAYER
 70
0
 71
3
 72
8
 73
4
 74
0
 42
0.0000001
 43
0.0000001
 44
0.0000000001
 40
0.0
 40
0.0
 40
0.0
 40
0.0
 40
1.0
 40
1.0
 40
1.0
 40
1.0
 10
1033.3663682544
 20
443.2706403097
 30
0.0
 10
1032.8189395732
 20
443.2706403097
 30
0.0
 10
1032.378092403
 20
442.9660906041
 30
0.0
 10
1032.0389784083
 20
442.3569911919
 30
0.0
  0
SPLINE
  5
678
100
AcDbEntity
  8
0
100
AcDbSpline
 62
5
  6
BYLAYER
 70
0
 71
3
 72
8
 73
4
 74
0
 42
0.0000001
 43
0.0000001
 44
0.0000000001
 40
0.0
 40
0.0
 40
0.0
 40
0.0
 40
1.0
 40
1.0
 40
1.0
 40
1.0
 10
1032.0389784083
 20
442.3569911919
 30
0.0
 10
1031.6998644132
 20
441.7478917801
 30
0.0
 10
1031.5303057097
 20
440.9585483408
 30
0.0
 10
1031.5303057097
 20
439.9889614213
 30
0.0
  0
SPLINE
  5
679
100
AcDbEntity
  8
0
100
AcDbSpline
 62
5
  6
BYLAYER
 70
0
 71
3
 72
8
 73
4
 74
0
 42
0.0000001
 43
0.0000001
 44
0.0000000001
 40
0.0
 40
0.0
 40
0.0
 40
0.0
 40
1.0
 40
1.0
 40
1.0
 40
1.0
 10
1031.5303057097
 20
439.9889614213
 30
0.0
 10
1031.5303057097
 20
438.9696518744
 30
0.0
 10
1031.6950194887
 20
438.1616626379
 30
0.0
 10
1032.0249109506
 20
437.5654198134
 30
0.0
  0
SPLINE
  5
67A
100
AcDbEntity
  8
0
100
AcDbSpline
 62
5
  6
BYLAYER
 70
0
 71
3
 72
8
 73
4
 74
0
 42
0.0000001
 43
0.0000001
 44
0.0000000001
 40
0.0
 40
0.0
 40
0.0
 40
0.0
 40
1.0
 40
1.0
 40
1.0
 40
1.0
 10
1032.0249109506
 20
437.5654198134
 30
0.0
 10
1032.3587127061
 20
436.9621095598
 30
0.0
 10
1032.8044082124
 20
436.6637750969
 30
0.0
 10
1033.3663682544
 20
436.6637750969
 30
0.0
  0
SPLINE
  5
67B
100
AcDbEntity
  8
0
100
AcDbSpline
 62
5
  6
BYLAYER
 70
0
 71
3
 72
8
 73
4
 74
0
 42
0.0000001
 43
0.0000001
 44
0.0000000001
 40
0.0
 40
0.0
 40
0.0
 40
0.0
 40
1.0
 40
1.0
 40
1.0
 40
1.0
 10
1033.3663682544
 20
436.6637750969
 30
0.0
 10
1033.7975289878
 20
436.6637750969
 30
0.0
 10
1034.141487907
 20
436.8502341345
 30
0.0
 10
1034.4072709358
 20
437.2239241127
 30
0.0
  0
SPLINE
  5
67C
100
AcDbEntity
  8
0
100
AcDbSpline
 62
5
  6
BYLAYER
 70
0
 71
3
 72
8
 73
4
 74
0
 42
0.0000001
 43
0.0000001
 44
0.0000000001
 40
0.0
 40
0.0
 40
0.0
 40
0.0
 40
1.0
 40
1.0
 40
1.0
 40
1.0
 10
1034.4072709358
 20
437.2239241127
 30
0.0
 10
1034.4951332634
 20
437.347458227
 30
0.0
 10
1034.6743818153
 20
437.7079457348
 30
0.0
 10
1034.9359838452
 20
438.3108299722
 30
0.0
  0
SPLINE
  5
67D
100
AcDbEntity
  8
0
100
AcDbSpline
 62
5
  6
BYLAYER
 70
0
 71
3
 72
8
 73
4
 74
0
 42
0.0000001
 43
0.0000001
 44
0.0000000001
 40
0.0
 40
0.0
 40
0.0
 40
0.0
 40
1.0
 40
1.0
 40
1.0
 40
1.0
 10
1026.9667964316
 20
440.4861855037
 30
0.0
 10
1027.0152422627
 20
441.7789677894
 30
0.0
 10
1027.4463995843
 20
442.4315749276
 30
0.0
 10
1028.255430295
 20
442.4315749276
 30
0.0
  0
SPLINE
  5
67E
100
AcDbEntity
  8
0
100
AcDbSpline
 62
5
  6
BYLAYER
 70
0
 71
3
 72
8
 73
4
 74
0
 42
0.0000001
 43
0.0000001
 44
0.0000000001
 40
0.0
 40
0.0
 40
0.0
 40
0.0
 40
1.0
 40
1.0
 40
1.0
 40
1.0
 10
1028.255430295
 20
442.4315749276
 30
0.0
 10
1028.4928111153
 20
442.4315749276
 30
0.0
 10
1028.7108122381
 20
442.3507758807
 30
0.0
 10
1028.9038679222
 20
442.1877704556
 30
0.0
  0
SPLINE
  5
67F
100
AcDbEntity
  8
0
100
AcDbSpline
 62
5
  6
BYLAYER
 70
0
 71
3
 72
8
 73
4
 74
0
 42
0.0000001
 43
0.0000001
 44
0.0000000001
 40
0.0
 40
0.0
 40
0.0
 40
0.0
 40
1.0
 40
1.0
 40
1.0
 40
1.0
 10
1028.9038679222
 20
442.1877704556
 30
0.0
 10
1029.2776172046
 20
441.8721974587
 30
0.0
 10
1029.4810869662
 20
441.3066052258
 30
0.0
 10
1029.5149980248
 20
440.4861855037
 30
0.0
  0
SPLINE
  5
680
100
AcDbEntity
  8
0
100
AcDbSpline
 62
5
  6
BYLAYER
 70
0
 71
3
 72
8
 73
4
 74
0
 42
0.0000001
 43
0.0000001
 44
0.0000000001
 40
0.0
 40
0.0
 40
0.0
 40
0.0
 40
1.0
 40
1.0
 40
1.0
 40
1.0
 10
1030.3579397941
 20
439.6346892247
 30
0.0
 10
1030.3676296426
 20
439.9889614213
 30
0.0
 10
1030.3773160793
 20
440.2127120804
 30
0.0
 10
1030.3773160793
 20
440.3059417498
 30
0.0
  0
SPLINE
  5
681
100
AcDbEntity
  8
0
100
AcDbSpline
 62
5
  6
BYLAYER
 70
0
 71
3
 72
8
 73
4
 74
0
 42
0.0000001
 43
0.0000001
 44
0.0000000001
 40
0.0
 40
0.0
 40
0.0
 40
0.0
 40
1.0
 40
1.0
 40
1.0
 40
1.0
 10
1030.3773160793
 20
440.3059417498
 30
0.0
 10
1030.3773160793
 20
441.1636533395
 30
0.0
 10
1030.1786946539
 20
441.8784127699
 30
0.0
 10
1029.7849473929
 20
442.4424582385
 30
0.0
  0
SPLINE
  5
682
100
AcDbEntity
  8
0
100
AcDbSpline
 62
5
  6
BYLAYER
 70
0
 71
3
 72
8
 73
4
 74
0
 42
0.0000001
 43
0.0000001
 44
0.0000000001
 40
0.0
 40
0.0
 40
0.0
 40
0.0
 40
1.0
 40
1.0
 40
1.0
 40
1.0
 10
1029.7849473929
 20
442.4424582385
 30
0.0
 10
1029.389040228
 20
443.0095977829
 30
0.0
 10
1028.8949023027
 20
443.295501555
 30
0.0
 10
1028.2941862777
 20
443.295501555
 30
0.0
  0
SPLINE
  5
683
100
AcDbEntity
  8
0
100
AcDbSpline
 62
5
  6
BYLAYER
 70
0
 71
3
 72
8
 73
4
 74
0
 42
0.0000001
 43
0.0000001
 44
0.0000000001
 40
0.0
 40
0.0
 40
0.0
 40
0.0
 40
1.0
 40
1.0
 40
1.0
 40
1.0
 10
1028.2941862777
 20
443.295501555
 30
0.0
 10
1027.635334573
 20
443.295501555
 30
0.0
 10
1027.1024406647
 20
442.9847365377
 30
0.0
 10
1026.6941048304
 20
442.3709591136
 30
0.0
  0
SPLINE
  5
684
100
AcDbEntity
  8
0
100
AcDbSpline
 62
5
  6
BYLAYER
 70
0
 71
3
 72
8
 73
4
 74
0
 42
0.0000001
 43
0.0000001
 44
0.0000000001
 40
0.0
 40
0.0
 40
0.0
 40
0.0
 40
1.0
 40
1.0
 40
1.0
 40
1.0
 10
1026.6941048304
 20
442.3709591136
 30
0.0
 10
1026.2837235172
 20
441.7541070913
 30
0.0
 10
1026.0802537551
 20
440.9585483408
 30
0.0
 10
1026.0802537551
 20
439.9765307984
 30
0.0
  0
SPLINE
  5
685
100
AcDbEntity
  8
0
100
AcDbSpline
 62
5
  6
BYLAYER
 70
0
 71
3
 72
8
 73
4
 74
0
 42
0.0000001
 43
0.0000001
 44
0.0000000001
 40
0.0
 40
0.0
 40
0.0
 40
0.0
 40
1.0
 40
1.0
 40
1.0
 40
1.0
 10
1026.0802537551
 20
439.9765307984
 30
0.0
 10
1026.0802537551
 20
438.9820824973
 30
0.0
 10
1026.2788785927
 20
438.180308572
 30
0.0
 10
1026.678350119
 20
437.5684060931
 30
0.0
  0
SPLINE
  5
686
100
AcDbEntity
  8
0
100
AcDbSpline
 62
5
  6
BYLAYER
 70
0
 71
3
 72
8
 73
4
 74
0
 42
0.0000001
 43
0.0000001
 44
0.0000000001
 40
0.0
 40
0.0
 40
0.0
 40
0.0
 40
1.0
 40
1.0
 40
1.0
 40
1.0
 10
1026.678350119
 20
437.5684060931
 30
0.0
 10
1027.078219455
 20
436.9558942573
 30
0.0
 10
1027.6062684388
 20
436.6513444915
 30
0.0
 10
1028.255430295
 20
436.6513444915
 30
0.0
  0
SPLINE
  5
687
100
AcDbEntity
  8
0
100
AcDbSpline
 62
5
  6
BYLAYER
 70
0
 71
3
 72
8
 73
4
 74
0
 42
0.0000001
 43
0.0000001
 44
0.0000000001
 40
0.0
 40
0.0
 40
0.0
 40
0.0
 40
1.0
 40
1.0
 40
1.0
 40
1.0
 10
1028.255430295
 20
436.6513444915
 30
0.0
 10
1028.8609912441
 20
436.6513444915
 30
0.0
 10
1029.3745088672
 20
436.9123871464
 30
0.0
 10
1029.792043191
 20
437.4394975698
 30
0.0
  0
SPLINE
  5
688
100
AcDbEntity
  8
0
100
AcDbSpline
 62
5
  6
BYLAYER
 70
0
 71
3
 72
8
 73
4
 74
0
 42
0.0000001
 43
0.0000001
 44
0.0000000001
 40
0.0
 40
0.0
 40
0.0
 40
0.0
 40
1.0
 40
1.0
 40
1.0
 40
1.0
 10
1029.792043191
 20
437.4394975698
 30
0.0
 10
1029.9800698163
 20
437.6768691784
 30
0.0
 10
1030.154470032
 20
438.0187107521
 30
0.0
 10
1030.3094939626
 20
438.4599971696
 30
0.0
  0
SPLINE
  5
689
100
AcDbEntity
  8
0
100
AcDbSpline
 62
5
  6
BYLAYER
 70
0
 71
3
 72
8
 73
4
 74
0
 42
0.0000001
 43
0.0000001
 44
0.0000000001
 40
0.0
 40
0.0
 40
0.0
 40
0.0
 40
1.0
 40
1.0
 40
1.0
 40
1.0
 10
1029.6458007456
 20
438.8826376531
 30
0.0
 10
1029.3793537912
 20
437.9627730872
 30
0.0
 10
1028.9385032094
 20
437.5028407356
 30
0.0
 10
1028.3232524118
 20
437.5028407356
 30
0.0
  0
SPLINE
  5
68A
100
AcDbEntity
  8
0
100
AcDbSpline
 62
5
  6
BYLAYER
 70
0
 71
3
 72
8
 73
4
 74
0
 42
0.0000001
 43
0.0000001
 44
0.0000000001
 40
0.0
 40
0.0
 40
0.0
 40
0.0
 40
1.0
 40
1.0
 40
1.0
 40
1.0
 10
1028.3232524118
 20
437.5028407356
 30
0.0
 10
1028.0471190207
 20
437.5028407356
 30
0.0
 10
1027.8048932764
 20
437.589854957
 30
0.0
 10
1027.5958353188
 20
437.7686640036
 30
0.0
  0
SPLINE
  5
68B
100
AcDbEntity
  8
0
100
AcDbSpline
 62
5
  6
BYLAYER
 70
0
 71
3
 72
8
 73
4
 74
0
 42
0.0000001
 43
0.0000001
 44
0.0000000001
 40
0.0
 40
0.0
 40
0.0
 40
0.0
 40
1.0
 40
1.0
 40
1.0
 40
1.0
 10
1027.5958353188
 20
437.7686640036
 30
0.0
 10
1027.1944874029
 20
438.1119402847
 30
0.0
 10
1026.97648628
 20
438.7334704561
 30
0.0
 10
1026.9474201464
 20
439.6346892247
 30
0.0
  0
SPLINE
  5
68C
100
AcDbEntity
  8
0
100
AcDbSpline
 62
5
  6
BYLAYER
 70
0
 71
3
 72
8
 73
4
 74
0
 42
0.0000001
 43
0.0000001
 44
0.0000000001
 40
0.0
 40
0.0
 40
0.0
 40
0.0
 40
1.0
 40
1.0
 40
1.0
 40
1.0
 10
1034.9359838452
 20
439.9951764589
 30
0.0
 10
1034.9359838452
 20
439.0939579634
 30
0.0
 10
1034.7761149902
 20
438.4475665472
 30
0.0
 10
1034.4571931179
 20
438.0487170275
 30
0.0
  0
SPLINE
  5
68D
100
AcDbEntity
  8
0
100
AcDbSpline
 62
5
  6
BYLAYER
 70
0
 71
3
 72
8
 73
4
 74
0
 42
0.0000001
 43
0.0000001
 44
0.0000000001
 40
0.0
 40
0.0
 40
0.0
 40
0.0
 40
1.0
 40
1.0
 40
1.0
 40
1.0
 10
1034.4571931179
 20
438.0487170275
 30
0.0
 10
1034.1996201753
 20
437.7265916005
 30
0.0
 10
1033.9041070867
 20
437.5649937801
 30
0.0
 10
1033.5746795288
 20
437.5649937801
 30
0.0
  0
SPLINE
  5
68E
100
AcDbEntity
  8
0
100
AcDbSpline
 62
5
  6
BYLAYER
 70
0
 71
3
 72
8
 73
4
 74
0
 42
0.0000001
 43
0.0000001
 44
0.0000000001
 40
0.0
 40
0.0
 40
0.0
 40
0.0
 40
1.0
 40
1.0
 40
1.0
 40
1.0
 10
1033.5746795288
 20
437.5649937801
 30
0.0
 10
1033.2016544754
 20
437.5649937801
 30
0.0
 10
1032.9109863114
 20
437.7638833997
 30
0.0
 10
1032.7026728256
 20
438.1616636725
 30
0.0
  0
SPLINE
  5
68F
100
AcDbEntity
  8
0
100
AcDbSpline
 62
5
  6
BYLAYER
 70
0
 71
3
 72
8
 73
4
 74
0
 42
0.0000001
 43
0.0000001
 44
0.0000000001
 40
0.0
 40
0.0
 40
0.0
 40
0.0
 40
1.0
 40
1.0
 40
1.0
 40
1.0
 10
1032.7026728256
 20
438.1616636725
 30
0.0
 10
1032.4943603509
 20
438.5594420134
 30
0.0
 10
1032.3926237642
 20
439.1126037607
 30
0.0
 10
1032.3926237642
 20
439.8273633279
 30
0.0
  0
SPLINE
  5
690
100
AcDbEntity
  8
0
100
AcDbSpline
 62
5
  6
BYLAYER
 70
0
 71
3
 72
8
 73
4
 74
0
 42
0.0000001
 43
0.0000001
 44
0.0000000001
 40
0.0
 40
0.0
 40
0.0
 40
0.0
 40
1.0
 40
1.0
 40
1.0
 40
1.0
 10
1032.3926237642
 20
439.8273633279
 30
0.0
 10
1032.3926237642
 20
441.5054946397
 30
0.0
 10
1032.7898734395
 20
442.3569911919
 30
0.0
 10
1033.5843448891
 20
442.395095053
 30
0.0
  0
SPLINE
  5
691
100
AcDbEntity
  8
0
100
AcDbSpline
 62
5
  6
BYLAYER
 70
0
 71
3
 72
8
 73
4
 74
0
 42
0.0000001
 43
0.0000001
 44
0.0000000001
 40
0.0
 40
0.0
 40
0.0
 40
0.0
 40
1.0
 40
1.0
 40
1.0
 40
1.0
 10
1033.5843448891
 20
442.395095053
 30
0.0
 10
1033.8265951215
 20
442.4067136824
 30
0.0
 10
1034.0639759417
 20
442.3010533906
 30
0.0
 10
1034.2921930666
 20
442.0906745411
 30
0.0
  0
SPLINE
  5
692
100
AcDbEntity
  8
0
100
AcDbSpline
 62
5
  6
BYLAYER
 70
0
 71
3
 72
8
 73
4
 74
0
 42
0.0000001
 43
0.0000001
 44
0.0000000001
 40
0.0
 40
0.0
 40
0.0
 40
0.0
 40
1.0
 40
1.0
 40
1.0
 40
1.0
 10
1034.2921930666
 20
442.0906745411
 30
0.0
 10
1034.7179793102
 20
441.6981692896
 30
0.0
 10
1034.9359838452
 20
441.0020555197
 30
0.0
 10
1034.9359838452
 20
439.9951764589
 30
0.0
  0
HATCH
  5
693
100
AcDbEntity
  8
0
100
AcDbHatch
 62
5
  6
BYLAYER
 10
0.0
 20
0.0
 30
0.0
210
0.0
220
0.0
230
1.0
  2
SOLID
 70
1
 71
1
 91
5
 92
1
 93
7
 72
1
 10
1023.6919210169
 20
436.8440188334
 11
1025.2179357006
 21
443.1339040087
 72
1
 10
1025.2179357006
 20
443.1339040087
 11
1024.4185948383
 21
443.1339040087
 72
1
 10
1024.4185948383
 20
443.1339040087
 11
1023.2413839983
 21
438.3356910806
 72
1
 10
1023.2413839983
 20
438.3356910806
 11
1022.0302621001
 21
443.1339040087
 72
1
 10
1022.0302621001
 20
443.1339040087
 11
1021.2260763134
 21
443.1339040087
 72
1
 10
1021.2260763134
 20
443.1339040087
 11
1022.8102232649
 21
436.8440188334
 72
1
 10
1022.8102232649
 20
436.8440188334
 11
1023.6919210169
 21
436.8440188334
 97
45
330
666
330
667
330
668
330
669
330
66A
330
66B
330
66C
330
66D
330
66E
330
66F
330
670
330
671
330
672
330
673
330
674
330
675
330
676
330
677
330
678
330
679
330
67A
330
67B
330
67C
330
67D
330
67E
330
67F
330
680
330
681
330
682
330
683
330
684
330
685
330
686
330
687
330
688
330
689
330
68A
330
68B
330
68C
330
68D
330
68E
330
68F
330
690
330
691
330
692
 92
1
 93
13
 72
1
 10
1035.7692357656
 20
436.8440188334
 11
1035.7692357656
 21
446.0240188334
 72
1
 10
1035.7692357656
 20
446.0240188334
 11
1034.9359838452
 21
446.0240188334
 72
1
 10
1034.9359838452
 20
446.0240188334
 11
1034.9359838452
 21
441.6422314884
 72
4
 94
3
 73
0
 74
0
 95
8
 96
4
 40
0.0
 40
0.0
 40
0.0
 40
0.0
 40
1.0
 40
1.0
 40
1.0
 40
1.0
 10
1034.9359838452
 20
441.6422314884
 10
1034.7518903688
 20
442.1394552968
 10
1034.5774901526
 20
442.5061581158
 10
1034.4115965224
 20
442.728453946
 72
4
 94
3
 73
0
 74
0
 95
8
 96
4
 40
0.0
 40
0.0
 40
0.0
 40
0.0
 40
1.0
 40
1.0
 40
1.0
 40
1.0
 10
1034.4115965224
 20
442.728453946
 10
1034.141487907
 20
443.0903968299
 10
1033.7926840633
 20
443.2706403097
 10
1033.3663682544
 20
443.2706403097
 72
4
 94
3
 73
0
 74
0
 95
8
 96
4
 40
0.0
 40
0.0
 40
0.0
 40
0.0
 40
1.0
 40
1.0
 40
1.0
 40
1.0
 10
1033.3663682544
 20
443.2706403097
 10
1032.8189395732
 20
443.2706403097
 10
1032.378092403
 20
442.9660906041
 10
1032.0389784083
 20
442.3569911919
 72
4
 94
3
 73
0
 74
0
 95
8
 96
4
 40
0.0
 40
0.0
 40
0.0
 40
0.0
 40
1.0
 40
1.0
 40
1.0
 40
1.0
 10
1032.0389784083
 20
442.3569911919
 10
1031.6998644132
 20
441.7478917801
 10
1031.5303057097
 20
440.9585483408
 10
1031.5303057097
 20
439.9889614213
 72
4
 94
3
 73
0
 74
0
 95
8
 96
4
 40
0.0
 40
0.0
 40
0.0
 40
0.0
 40
1.0
 40
1.0
 40
1.0
 40
1.0
 10
1031.5303057097
 20
439.9889614213
 10
1031.5303057097
 20
438.9696518744
 10
1031.6950194887
 20
438.1616626379
 10
1032.0249109506
 20
437.5654198134
 72
4
 94
3
 73
0
 74
0
 95
8
 96
4
 40
0.0
 40
0.0
 40
0.0
 40
0.0
 40
1.0
 40
1.0
 40
1.0
 40
1.0
 10
1032.0249109506
 20
437.5654198134
 10
1032.3587127061
 20
436.9621095598
 10
1032.8044082124
 20
436.6637750969
 10
1033.3663682544
 20
436.6637750969
 72
4
 94
3
 73
0
 74
0
 95
8
 96
4
 40
0.0
 40
0.0
 40
0.0
 40
0.0
 40
1.0
 40
1.0
 40
1.0
 40
1.0
 10
1033.3663682544
 20
436.6637750969
 10
1033.7975289878
 20
436.6637750969
 10
1034.141487907
 20
436.8502341345
 10
1034.4072709358
 20
437.2239241127
 72
4
 94
3
 73
0
 74
0
 95
8
 96
4
 40
0.0
 40
0.0
 40
0.0
 40
0.0
 40
1.0
 40
1.0
 40
1.0
 40
1.0
 10
1034.4072709358
 20
437.2239241127
 10
1034.4951332634
 20
437.347458227
 10
1034.6743818153
 20
437.7079457348
 10
1034.9359838452
 20
438.3108299722
 72
1
 10
1034.9359838452
 20
438.3108299722
 11
1034.9359838452
 21
436.8440188334
 72
1
 10
1034.9359838452
 20
436.8440188334
 11
1035.7692357656
 21
436.8440188334
 97
45
330
666
330
667
330
668
330
669
330
66A
330
66B
330
66C
330
66D
330
66E
330
66F
330
670
330
671
330
672
330
673
330
674
330
675
330
676
330
677
330
678
330
679
330
67A
330
67B
330
67C
330
67D
330
67E
330
67F
330
680
330
681
330
682
330
683
330
684
330
685
330
686
330
687
330
688
330
689
330
68A
330
68B
330
68C
330
68D
330
68E
330
68F
330
690
330
691
330
692
 92
1
 93
14
 72
4
 94
3
 73
0
 74
0
 95
8
 96
4
 40
0.0
 40
0.0
 40
0.0
 40
0.0
 40
1.0
 40
1.0
 40
1.0
 40
1.0
 10
1030.3579397941
 20
439.6346892247
 10
1030.3676296426
 20
439.9889614213
 10
1030.3773160793
 20
440.2127120804
 10
1030.3773160793
 20
440.3059417498
 72
4
 94
3
 73
0
 74
0
 95
8
 96
4
 40
0.0
 40
0.0
 40
0.0
 40
0.0
 40
1.0
 40
1.0
 40
1.0
 40
1.0
 10
1030.3773160793
 20
440.3059417498
 10
1030.3773160793
 20
441.1636533395
 10
1030.1786946539
 20
441.8784127699
 10
1029.7849473929
 20
442.4424582385
 72
4
 94
3
 73
0
 74
0
 95
8
 96
4
 40
0.0
 40
0.0
 40
0.0
 40
0.0
 40
1.0
 40
1.0
 40
1.0
 40
1.0
 10
1029.7849473929
 20
442.4424582385
 10
1029.389040228
 20
443.0095977829
 10
1028.8949023027
 20
443.295501555
 10
1028.2941862777
 20
443.295501555
 72
4
 94
3
 73
0
 74
0
 95
8
 96
4
 40
0.0
 40
0.0
 40
0.0
 40
0.0
 40
1.0
 40
1.0
 40
1.0
 40
1.0
 10
1028.2941862777
 20
443.295501555
 10
1027.635334573
 20
443.295501555
 10
1027.1024406647
 20
442.9847365377
 10
1026.6941048304
 20
442.3709591136
 72
4
 94
3
 73
0
 74
0
 95
8
 96
4
 40
0.0
 40
0.0
 40
0.0
 40
0.0
 40
1.0
 40
1.0
 40
1.0
 40
1.0
 10
1026.6941048304
 20
442.3709591136
 10
1026.2837235172
 20
441.7541070913
 10
1026.0802537551
 20
440.9585483408
 10
1026.0802537551
 20
439.9765307984
 72
4
 94
3
 73
0
 74
0
 95
8
 96
4
 40
0.0
 40
0.0
 40
0.0
 40
0.0
 40
1.0
 40
1.0
 40
1.0
 40
1.0
 10
1026.0802537551
 20
439.9765307984
 10
1026.0802537551
 20
438.9820824973
 10
1026.2788785927
 20
438.180308572
 10
1026.678350119
 20
437.5684060931
 72
4
 94
3
 73
0
 74
0
 95
8
 96
4
 40
0.0
 40
0.0
 40
0.0
 40
0.0
 40
1.0
 40
1.0
 40
1.0
 40
1.0
 10
1026.678350119
 20
437.5684060931
 10
1027.078219455
 20
436.9558942573
 10
1027.6062684388
 20
436.6513444915
 10
1028.255430295
 20
436.6513444915
 72
4
 94
3
 73
0
 74
0
 95
8
 96
4
 40
0.0
 40
0.0
 40
0.0
 40
0.0
 40
1.0
 40
1.0
 40
1.0
 40
1.0
 10
1028.255430295
 20
436.6513444915
 10
1028.8609912441
 20
436.6513444915
 10
1029.3745088672
 20
436.9123871464
 10
1029.792043191
 20
437.4394975698
 72
4
 94
3
 73
0
 74
0
 95
8
 96
4
 40
0.0
 40
0.0
 40
0.0
 40
0.0
 40
1.0
 40
1.0
 40
1.0
 40
1.0
 10
1029.792043191
 20
437.4394975698
 10
1029.9800698163
 20
437.6768691784
 10
1030.154470032
 20
438.0187107521
 10
1030.3094939626
 20
438.4599971696
 72
1
 10
1030.3094939626
 20
438.4599971696
 11
1029.6458007456
 21
438.8826376531
 72
4
 94
3
 73
0
 74
0
 95
8
 96
4
 40
0.0
 40
0.0
 40
0.0
 40
0.0
 40
1.0
 40
1.0
 40
1.0
 40
1.0
 10
1029.6458007456
 20
438.8826376531
 10
1029.3793537912
 20
437.9627730872
 10
1028.9385032094
 20
437.5028407356
 10
1028.3232524118
 20
437.5028407356
 72
4
 94
3
 73
0
 74
0
 95
8
 96
4
 40
0.0
 40
0.0
 40
0.0
 40
0.0
 40
1.0
 40
1.0
 40
1.0
 40
1.0
 10
1028.3232524118
 20
437.5028407356
 10
1028.0471190207
 20
437.5028407356
 10
1027.8048932764
 20
437.589854957
 10
1027.5958353188
 20
437.7686640036
 72
4
 94
3
 73
0
 74
0
 95
8
 96
4
 40
0.0
 40
0.0
 40
0.0
 40
0.0
 40
1.0
 40
1.0
 40
1.0
 40
1.0
 10
1027.5958353188
 20
437.7686640036
 10
1027.1944874029
 20
438.1119402847
 10
1026.97648628
 20
438.7334704561
 10
1026.9474201464
 20
439.6346892247
 72
1
 10
1026.9474201464
 20
439.6346892247
 11
1030.3579397941
 21
439.6346892247
 97
45
330
666
330
667
330
668
330
669
330
66A
330
66B
330
66C
330
66D
330
66E
330
66F
330
670
330
671
330
672
330
673
330
674
330
675
330
676
330
677
330
678
330
679
330
67A
330
67B
330
67C
330
67D
330
67E
330
67F
330
680
330
681
330
682
330
683
330
684
330
685
330
686
330
687
330
688
330
689
330
68A
330
68B
330
68C
330
68D
330
68E
330
68F
330
690
330
691
330
692
 92
1
 93
4
 72
4
 94
3
 73
0
 74
0
 95
8
 96
4
 40
0.0
 40
0.0
 40
0.0
 40
0.0
 40
1.0
 40
1.0
 40
1.0
 40
1.0
 10
1026.9667964316
 20
440.4861855037
 10
1027.0152422627
 20
441.7789677894
 10
1027.4463995843
 20
442.4315749276
 10
1028.255430295
 20
442.4315749276
 72
4
 94
3
 73
0
 74
0
 95
8
 96
4
 40
0.0
 40
0.0
 40
0.0
 40
0.0
 40
1.0
 40
1.0
 40
1.0
 40
1.0
 10
1028.255430295
 20
442.4315749276
 10
1028.4928111153
 20
442.4315749276
 10
1028.7108122381
 20
442.3507758807
 10
1028.9038679222
 20
442.1877704556
 72
4
 94
3
 73
0
 74
0
 95
8
 96
4
 40
0.0
 40
0.0
 40
0.0
 40
0.0
 40
1.0
 40
1.0
 40
1.0
 40
1.0
 10
1028.9038679222
 20
442.1877704556
 10
1029.2776172046
 20
441.8721974587
 10
1029.4810869662
 20
441.3066052258
 10
1029.5149980248
 20
440.4861855037
 72
1
 10
1029.5149980248
 20
440.4861855037
 11
1026.9667964316
 21
440.4861855037
 97
45
330
666
330
667
330
668
330
669
330
66A
330
66B
330
66C
330
66D
330
66E
330
66F
330
670
330
671
330
672
330
673
330
674
330
675
330
676
330
677
330
678
330
679
330
67A
330
67B
330
67C
330
67D
330
67E
330
67F
330
680
330
681
330
682
330
683
330
684
330
685
330
686
330
687
330
688
330
689
330
68A
330
68B
330
68C
330
68D
330
68E
330
68F
330
690
330
691
330
692
 92
1
 93
7
 72
4
 94
3
 73
0
 74
0
 95
8
 96
4
 40
0.0
 40
0.0
 40
0.0
 40
0.0
 40
1.0
 40
1.0
 40
1.0
 40
1.0
 10
1034.4571931179
 20
438.0487170275
 10
1034.1996201753
 20
437.7265916005
 10
1033.9041070867
 20
437.5649937801
 10
1033.5746795288
 20
437.5649937801
 72
4
 94
3
 73
0
 74
0
 95
8
 96
4
 40
0.0
 40
0.0
 40
0.0
 40
0.0
 40
1.0
 40
1.0
 40
1.0
 40
1.0
 10
1033.5746795288
 20
437.5649937801
 10
1033.2016544754
 20
437.5649937801
 10
1032.9109863114
 20
437.7638833997
 10
1032.7026728256
 20
438.1616636725
 72
4
 94
3
 73
0
 74
0
 95
8
 96
4
 40
0.0
 40
0.0
 40
0.0
 40
0.0
 40
1.0
 40
1.0
 40
1.0
 40
1.0
 10
1032.7026728256
 20
438.1616636725
 10
1032.4943603509
 20
438.5594420134
 10
1032.3926237642
 20
439.1126037607
 10
1032.3926237642
 20
439.8273633279
 72
4
 94
3
 73
0
 74
0
 95
8
 96
4
 40
0.0
 40
0.0
 40
0.0
 40
0.0
 40
1.0
 40
1.0
 40
1.0
 40
1.0
 10
1032.3926237642
 20
439.8273633279
 10
1032.3926237642
 20
441.5054946397
 10
1032.7898734395
 20
442.3569911919
 10
1033.5843448891
 20
442.395095053
 72
4
 94
3
 73
0
 74
0
 95
8
 96
4
 40
0.0
 40
0.0
 40
0.0
 40
0.0
 40
1.0
 40
1.0
 40
1.0
 40
1.0
 10
1033.5843448891
 20
442.395095053
 10
1033.8265951215
 20
442.4067136824
 10
1034.0639759417
 20
442.3010533906
 10
1034.2921930666
 20
442.0906745411
 72
4
 94
3
 73
0
 74
0
 95
8
 96
4
 40
0.0
 40
0.0
 40
0.0
 40
0.0
 40
1.0
 40
1.0
 40
1.0
 40
1.0
 10
1034.2921930666
 20
442.0906745411
 10
1034.7179793102
 20
441.6981692896
 10
1034.9359838452
 20
441.0020555197
 10
1034.9359838452
 20
439.9951764589
 72
4
 94
3
 73
0
 74
0
 95
8
 96
4
 40
0.0
 40
0.0
 40
0.0
 40
0.0
 40
1.0
 40
1.0
 40
1.0
 40
1.0
 10
1034.9359838452
 20
439.9951764589
 10
1034.9359838452
 20
439.0939579634
 10
1034.7761149902
 20
438.4475665472
 10
1034.4571931179
 20
438.0487170275
 97
45
330
666
330
667
330
668
330
669
330
66A
330
66B
330
66C
330
66D
330
66E
330
66F
330
670
330
671
330
672
330
673
330
674
330
675
330
676
330
677
330
678
330
679
330
67A
330
67B
330
67C
330
67D
330
67E
330
67F
330
680
330
681
330
682
330
683
330
684
330
685
330
686
330
687
330
688
330
689
330
68A
330
68B
330
68C
330
68D
330
68E
330
68F
330
690
330
691
330
692
 75
0
 76
1
 98
1
 10
0.0
 20
0.0
  0
LINE
  5
694
100
AcDbEntity
  8
5_ALL_CURVES
100
AcDbLine
 62
5
  6
BYLAYER
 10
1022.8102232649
 20
436.8440188334
 11
1023.6919210169
 21
436.8440188334
  0
LINE
  5
695
100
AcDbEntity
  8
5_ALL_CURVES
100
AcDbLine
 62
5
  6
BYLAYER
 10
1034.9359838452
 20
436.8440188334
 11
1035.7692357656
 21
436.8440188334
  0
LINE
  5
696
100
AcDbEntity
  8
5_ALL_CURVES
100
AcDbLine
 62
5
  6
BYLAYER
 10
993.4041696359
 20
439.0566660958
 11
997.0133145477
 21
439.0566660958
  0
LINE
  5
697
100
AcDbEntity
  8
5_ALL_CURVES
100
AcDbLine
 62
5
  6
BYLAYER
 10
1026.9474201464
 20
439.6346892247
 11
1030.3579397941
 21
439.6346892247
  0
LINE
  5
698
100
AcDbEntity
  8
5_ALL_CURVES
100
AcDbLine
 62
5
  6
BYLAYER
 10
996.6257555747
 20
440.1940661464
 11
993.7820398271
 21
440.1940661464
  0
LINE
  5
699
100
AcDbEntity
  8
5_ALL_CURVES
100
AcDbLine
 62
5
  6
BYLAYER
 10
1029.5149980248
 20
440.4861855037
 11
1026.9667964316
 21
440.4861855037
  0
LINE
  5
69A
100
AcDbEntity
  8
5_ALL_CURVES
100
AcDbLine
 62
5
  6
BYLAYER
 10
1025.2179357006
 20
443.1339040087
 11
1024.4185948383
 21
443.1339040087
  0
LINE
  5
69B
100
AcDbEntity
  8
5_ALL_CURVES
100
AcDbLine
 62
5
  6
BYLAYER
 10
1022.0302621001
 20
443.1339040087
 11
1021.2260763134
 21
443.1339040087
  0
LINE
  5
69C
100
AcDbEntity
  8
5_ALL_CURVES
100
AcDbLine
 62
5
  6
BYLAYER
 10
1012.9323096775
 20
443.1339040087
 11
1012.099056051
 21
443.1339040087
  0
LINE
  5
69D
100
AcDbEntity
  8
5_ALL_CURVES
100
AcDbLine
 62
5
  6
BYLAYER
 10
1007.1576767951
 20
443.1339040087
 11
1006.3341130171
 21
443.1339040087
  0
LINE
  5
69E
100
AcDbEntity
  8
5_ALL_CURVES
100
AcDbLine
 62
5
  6
BYLAYER
 10
1001.2619327464
 20
443.1339040087
 11
1000.4383689684
 21
443.1339040087
  0
LINE
  5
69F
100
AcDbEntity
  8
5_ALL_CURVES
100
AcDbLine
 62
5
  6
BYLAYER
 10
1035.7692357656
 20
446.0240188334
 11
1034.9359838452
 21
446.0240188334
  0
LINE
  5
6A0
100
AcDbEntity
  8
5_ALL_CURVES
100
AcDbLine
 62
5
  6
BYLAYER
 10
995.6471682926
 20
446.0240188334
 11
994.7703158915
 21
446.0240188334
  0
LINE
  5
6A1
100
AcDbEntity
  8
5_ALL_CURVES
100
AcDbLine
 62
5
  6
BYLAYER
 10
718.3602876772
 20
405.2605842066
 11
706.9684489014
 21
405.4995759894
  0
LINE
  5
6A2
100
AcDbEntity
  8
5_ALL_CURVES
100
AcDbLine
 62
5
  6
BYLAYER
 10
996.7496535108
 20
412.1138891024
 11
997.447139486
 21
412.0789432416
  0
LINE
  5
6A3
100
AcDbEntity
  8
5_ALL_CURVES
100
AcDbLine
 62
5
  6
BYLAYER
 10
976.0343947928
 20
421.5604982068
 11
974.650178219
 21
421.6805892318
  0
LINE
  5
6A4
100
AcDbEntity
  8
5_ALL_CURVES
100
AcDbLine
 62
5
  6
BYLAYER
 10
979.6138353396
 20
432.5902198713
 11
980.9980518336
 21
432.470128794
  0
LINE
  5
6A5
100
AcDbEntity
  8
5_ALL_CURVES
100
AcDbLine
 62
5
  6
BYLAYER
 10
1052.2197271667
 20
423.1923141852
 11
1051.2980094696
 21
423.2754748693
  0
LINE
  5
6A6
100
AcDbEntity
  8
0
100
AcDbLine
 62
7
  6
BYLAYER
 10
445.4572407031
 20
475.0200378332
 11
445.4291258702
 21
475.0242768013
  0
LINE
  5
6A7
100
AcDbEntity
  8
5_ALL_CURVES
100
AcDbLine
 62
5
  6
BYLAYER
 10
987.0822829315
 20
416.6586206501
 11
988.08731527
 21
416.5065956645
  0
LINE
  5
6A8
100
AcDbEntity
  8
0
100
AcDbLine
 62
7
  6
BYLAYER
 10
443.1063932113
 20
500.6203612622
 11
443.0079880634
 21
500.6352346616
  0
LINE
  5
6A9
100
AcDbEntity
  8
5_ALL_CURVES
100
AcDbLine
 62
5
  6
BYLAYER
 10
1005.8575306916
 20
401.7536571886
 11
1004.1718302173
 21
402.0616072989
  0
LINE
  5
6AA
100
AcDbEntity
  8
5_ALL_CURVES
100
AcDbLine
 62
5
  6
BYLAYER
 10
1006.1523768224
 20
403.3676272631
 11
1004.4666763481
 21
403.6755773734
  0
LINE
  5
6AB
100
AcDbEntity
  8
0
100
AcDbLine
 62
7
  6
BYLAYER
 10
438.5217945674
 20
608.5035039308
 11
438.4262886522
 21
608.5523206268
  0
LINE
  5
6AC
100
AcDbEntity
  8
0
100
AcDbLine
 62
7
  6
BYLAYER
 10
439.3010362647
 20
608.2171033736
 11
439.3718457468
 21
608.1809099614
  0
LINE
  5
6AD
100
AcDbEntity
  8
0
100
AcDbLine
 62
3
  6
BYLAYER
 10
1524.4379860301
 20
30.8539317655
 11
1524.1483954717
 21
31.0039618385
  0
LINE
  5
6AE
100
AcDbEntity
  8
0
100
AcDbLine
 62
7
420
26316
  6
BYLAYER
 10
633.9298328016
 20
587.3292748996
 11
687.8275867387
 21
505.1905755563
  0
LWPOLYLINE
  5
6AF
100
AcDbEntity
  8
0
100
AcDbPolyline
 62
7
  6
BYLAYER
 90
2
 70
0
 43
0.6
 10
703.5
 20
28.0
 10
703.5
 20
20.0
  0
LWPOLYLINE
  5
6B0
100
AcDbEntity
  8
0
100
AcDbPolyline
 62
7
  6
BYLAYER
 90
2
 70
0
 43
0.6
 10
703.5
 20
1080.0
 10
703.5
 20
1088.0
  0
LINE
  5
6B1
100
AcDbEntity
  8
0
100
AcDbLine
 62
1
  6
BYLAYER
 10
864.2946221868
 20
706.3125048378
 11
882.5456354296
 21
724.5635180807
  0
LINE
  5
6B2
100
AcDbEntity
  8
5_ALL_CURVES
100
AcDbLine
 62
5
  6
BYLAYER
 10
980.6704816737
 20
476.5202082925
 11
968.6029824523
 21
474.7547136154
  0
LINE
  5
6B3
100
AcDbEntity
  8
5_ALL_CURVES
100
AcDbLine
 62
5
  6
BYLAYER
 10
986.3725465685
 20
450.6140188334
 11
1041.4525465685
 21
450.6140188334
  0
LINE
  5
6B4
100
AcDbEntity
  8
0
100
AcDbLine
 62
5
  6
BYLAYER
 10
999.2776641255
 20
455.2040188334
 11
1000.6146578888
 21
455.2040188334
  0
LINE
  5
6B5
100
AcDbEntity
  8
0
100
AcDbLine
 62
5
  6
BYLAYER
 10
1008.9825090543
 20
455.2040188334
 11
1012.8072418785
 21
455.2040188334
  0
LINE
  5
6B6
100
AcDbEntity
  8
0
100
AcDbLine
 62
5
  6
BYLAYER
 10
1019.565379327
 20
455.2040188334
 11
1020.7759889376
 21
455.2040188334
  0
LINE
  5
6B7
100
AcDbEntity
  8
0
100
AcDbLine
 62
5
  6
BYLAYER
 10
1023.4433247437
 20
455.2040188334
 11
1024.7603642243
 21
455.2040188334
  0
LINE
  5
6B8
100
AcDbEntity
  8
0
100
AcDbLine
 62
5
  6
BYLAYER
 10
1027.4210477241
 20
455.2040188334
 11
1028.6316596769
 21
455.2040188334
  0
LINE
  5
6B9
100
AcDbEntity
  8
0
100
AcDbLine
 62
5
  6
BYLAYER
 10
1012.7673315559
 20
456.6179998433
 11
1010.3261542454
 21
456.6179998433
  0
LINE
  5
6BA
100
AcDbEntity
  8
0
100
AcDbLine
 62
5
  6
BYLAYER
 10
1000.6146578888
 20
459.8499564983
 11
1003.0358803308
 21
459.8499564983
  0
LINE
  5
6BB
100
AcDbEntity
  8
0
100
AcDbLine
 62
5
  6
BYLAYER
 10
1002.0447754458
 20
461.2173229301
 11
1000.6146578888
 21
461.2173229301
  0
LINE
  5
6BC
100
AcDbEntity
  8
0
100
AcDbLine
 62
5
  6
BYLAYER
 10
1010.3261542454
 20
465.2728067065
 11
1012.6609040282
 21
465.2728067065
  0
LINE
  5
6BD
100
AcDbEntity
  8
0
100
AcDbLine
 62
5
  6
BYLAYER
 10
1000.6146578888
 20
465.2883449847
 11
1002.8030701146
 21
465.2883449847
  0
LINE
  5
6BE
100
AcDbEntity
  8
0
100
AcDbLine
 62
5
  6
BYLAYER
 10
1028.6316596769
 20
466.6790188334
 11
1026.5496752716
 21
466.6790188334
  0
LINE
  5
6BF
100
AcDbEntity
  8
0
100
AcDbLine
 62
5
  6
BYLAYER
 10
1021.6540160386
 20
466.6790188334
 11
1019.565379327
 21
466.6790188334
  0
LINE
  5
6C0
100
AcDbEntity
  8
0
100
AcDbLine
 62
5
  6
BYLAYER
 10
1012.6476005875
 20
466.6790188334
 11
1008.9825090543
 21
466.6790188334
  0
LINE
  5
6C1
100
AcDbEntity
  8
0
100
AcDbLine
 62
5
  6
BYLAYER
 10
1003.3086002839
 20
466.6790188334
 11
999.2776641255
 21
466.6790188334
  0
LINE
  5
6C2
100
AcDbEntity
  8
0
100
AcDbLine
 62
5
  6
BYLAYER
 10
999.2776641255
 20
466.6790188334
 11
999.2776641255
 21
455.2040188334
  0
LINE
  5
6C3
100
AcDbEntity
  8
0
100
AcDbLine
 62
5
  6
BYLAYER
 10
1000.6146578888
 20
455.2040188334
 11
1000.6146578888
 21
459.8499564983
  0
LINE
  5
6C4
100
AcDbEntity
  8
0
100
AcDbLine
 62
5
  6
BYLAYER
 10
1000.6146578888
 20
461.2173229301
 11
1000.6146578888
 21
465.2883449847
  0
LINE
  5
6C5
100
AcDbEntity
  8
0
100
AcDbLine
 62
5
  6
BYLAYER
 10
1008.9825090543
 20
466.6790188334
 11
1008.9825090543
 21
455.2040188334
  0
LINE
  5
6C6
100
AcDbEntity
  8
0
100
AcDbLine
 62
5
  6
BYLAYER
 10
1010.3261542454
 20
456.6179998433
 11
1010.3261542454
 21
465.2728067065
  0
LINE
  5
6C7
100
AcDbEntity
  8
0
100
AcDbLine
 62
5
  6
BYLAYER
 10
1019.565379327
 20
466.6790188334
 11
1019.565379327
 21
455.2040188334
  0
LINE
  5
6C8
100
AcDbEntity
  8
0
100
AcDbLine
 62
5
  6
BYLAYER
 10
1020.7759889376
 20
455.2040188334
 11
1020.7759889376
 21
465.3971129323
  0
LINE
  5
6C9
100
AcDbEntity
  8
0
100
AcDbLine
 62
5
  6
BYLAYER
 10
1027.4210477241
 20
465.4048820714
 11
1027.4210477241
 21
455.2040188334
  0
LINE
  5
6CA
100
AcDbEntity
  8
0
100
AcDbLine
 62
5
  6
BYLAYER
 10
1028.6316596769
 20
455.2040188334
 11
1028.6316596769
 21
466.6790188334
  0
LINE
  5
6CB
100
AcDbEntity
  8
0
100
AcDbLine
 62
5
  6
BYLAYER
 10
1024.1151490961
 20
457.3249903911
 11
1021.6540160386
 21
466.6790188334
  0
LINE
  5
6CC
100
AcDbEntity
  8
0
100
AcDbLine
 62
5
  6
BYLAYER
 10
1020.7759889376
 20
465.3971129323
 11
1023.4433247437
 21
455.2040188334
  0
LINE
  5
6CD
100
AcDbEntity
  8
0
100
AcDbLine
 62
5
  6
BYLAYER
 10
1026.5496752716
 20
466.6790188334
 11
1024.1151490961
 21
457.3249903911
  0
LINE
  5
6CE
100
AcDbEntity
  8
0
100
AcDbLine
 62
5
  6
BYLAYER
 10
1024.7603642243
 20
455.2040188334
 11
1027.4210477241
 21
465.4048820714
  0
SPLINE
  5
6CF
100
AcDbEntity
  8
0
100
AcDbSpline
 62
5
  6
BYLAYER
 70
0
 71
3
 72
8
 73
4
 74
0
 42
0.0000001
 43
0.0000001
 44
0.0000000001
 40
0.0
 40
0.0
 40
0.0
 40
0.0
 40
1.0
 40
1.0
 40
1.0
 40
1.0
 10
1003.0358803308
 20
459.8499564983
 30
0.0
 10
1004.0801986863
 20
459.8499564983
 30
0.0
 10
1004.9116625732
 20
460.1529525817
 30
0.0
 10
1005.5371858711
 20
460.7663478327
 30
0.0
  0
SPLINE
  5
6D0
100
AcDbEntity
  8
0
100
AcDbSpline
 62
5
  6
BYLAYER
 70
0
 71
3
 72
8
 73
4
 74
0
 42
0.0000001
 43
0.0000001
 44
0.0000000001
 40
0.0
 40
0.0
 40
0.0
 40
0.0
 40
1.0
 40
1.0
 40
1.0
 40
1.0
 10
1005.5371858711
 20
460.7663478327
 30
0.0
 10
1006.1555319572
 20
461.3727050284
 30
0.0
 10
1006.468162233
 20
462.1962330903
 30
0.0
 10
1006.468162233
 20
463.2217574007
 30
0.0
  0
SPLINE
  5
6D1
100
AcDbEntity
  8
0
100
AcDbSpline
 62
5
  6
BYLAYER
 70
0
 71
3
 72
8
 73
4
 74
0
 42
0.0000001
 43
0.0000001
 44
0.0000000001
 40
0.0
 40
0.0
 40
0.0
 40
0.0
 40
1.0
 40
1.0
 40
1.0
 40
1.0
 10
1006.468162233
 20
463.2217574007
 30
0.0
 10
1006.468162233
 20
464.2395132564
 30
0.0
 10
1006.1754871185
 20
465.0708097735
 30
0.0
 10
1005.5884801093
 20
465.7135765608
 30
0.0
  0
SPLINE
  5
6D2
100
AcDbEntity
  8
0
100
AcDbSpline
 62
5
  6
BYLAYER
 70
0
 71
3
 72
8
 73
4
 74
0
 42
0.0000001
 43
0.0000001
 44
0.0000000001
 40
0.0
 40
0.0
 40
0.0
 40
0.0
 40
1.0
 40
1.0
 40
1.0
 40
1.0
 10
1005.5884801093
 20
465.7135765608
 30
0.0
 10
1005.0047860739
 20
466.3527156746
 30
0.0
 10
1004.2398393922
 20
466.6790188334
 30
0.0
 10
1003.3086002839
 20
466.6790188334
 30
0.0
  0
SPLINE
  5
6D3
100
AcDbEntity
  8
0
100
AcDbSpline
 62
5
  6
BYLAYER
 70
0
 71
3
 72
8
 73
4
 74
0
 42
0.0000001
 43
0.0000001
 44
0.0000000001
 40
0.0
 40
0.0
 40
0.0
 40
0.0
 40
1.0
 40
1.0
 40
1.0
 40
1.0
 10
1012.8072418785
 20
455.2040188334
 30
0.0
 10
1014.177493951
 20
455.2040188334
 30
0.0
 10
1015.248419189
 20
455.7090120636
 30
0.0
 10
1016.0333210596
 20
456.7345368161
 30
0.0
  0
SPLINE
  5
6D4
100
AcDbEntity
  8
0
100
AcDbSpline
 62
5
  6
BYLAYER
 70
0
 71
3
 72
8
 73
4
 74
0
 42
0.0000001
 43
0.0000001
 44
0.0000000001
 40
0.0
 40
0.0
 40
0.0
 40
0.0
 40
1.0
 40
1.0
 40
1.0
 40
1.0
 10
1016.0333210596
 20
456.7345368161
 30
0.0
 10
1016.8182228757
 20
457.7600614974
 30
0.0
 10
1017.2106737972
 20
459.1585041433
 30
0.0
 10
1017.2106737972
 20
460.9454030612
 30
0.0
  0
SPLINE
  5
6D5
100
AcDbEntity
  8
0
100
AcDbSpline
 62
5
  6
BYLAYER
 70
0
 71
3
 72
8
 73
4
 74
0
 42
0.0000001
 43
0.0000001
 44
0.0000000001
 40
0.0
 40
0.0
 40
0.0
 40
0.0
 40
1.0
 40
1.0
 40
1.0
 40
1.0
 10
1017.2106737972
 20
460.9454030612
 30
0.0
 10
1017.2106737972
 20
462.7866862944
 30
0.0
 10
1016.7184476543
 20
464.2705898129
 30
0.0
 10
1015.736433776
 20
465.3998568283
 30
0.0
  0
SPLINE
  5
6D6
100
AcDbEntity
  8
0
100
AcDbSpline
 62
5
  6
BYLAYER
 70
0
 71
3
 72
8
 73
4
 74
0
 42
0.0000001
 43
0.0000001
 44
0.0000000001
 40
0.0
 40
0.0
 40
0.0
 40
0.0
 40
1.0
 40
1.0
 40
1.0
 40
1.0
 10
1015.736433776
 20
465.3998568283
 30
0.0
 10
1014.9956538114
 20
466.2517168662
 30
0.0
 10
1013.9646388966
 20
466.6790188334
 30
0.0
 10
1012.6476005875
 20
466.6790188334
 30
0.0
  0
SPLINE
  5
6D7
100
AcDbEntity
  8
0
100
AcDbSpline
 62
5
  6
BYLAYER
 70
0
 71
3
 72
8
 73
4
 74
0
 42
0.0000001
 43
0.0000001
 44
0.0000000001
 40
0.0
 40
0.0
 40
0.0
 40
0.0
 40
1.0
 40
1.0
 40
1.0
 40
1.0
 10
1002.8030701146
 20
465.2883449847
 30
0.0
 10
1004.2398393922
 20
465.2883449847
 30
0.0
 10
1004.9582240307
 20
464.5968929716
 30
0.0
 10
1004.9582240307
 20
463.2217574007
 30
0.0
  0
SPLINE
  5
6D8
100
AcDbEntity
  8
0
100
AcDbSpline
 62
5
  6
BYLAYER
 70
0
 71
3
 72
8
 73
4
 74
0
 42
0.0000001
 43
0.0000001
 44
0.0000000001
 40
0.0
 40
0.0
 40
0.0
 40
0.0
 40
1.0
 40
1.0
 40
1.0
 40
1.0
 10
1004.9582240307
 20
463.2217574007
 30
0.0
 10
1004.9582240307
 20
462.3516151881
 30
0.0
 10
1004.6455937544
 20
461.7689311231
 30
0.0
 10
1004.0292003034
 20
461.4828617594
 30
0.0
  0
SPLINE
  5
6D9
100
AcDbEntity
  8
0
100
AcDbSpline
 62
5
  6
BYLAYER
 70
0
 71
3
 72
8
 73
4
 74
0
 42
0.0000001
 43
0.0000001
 44
0.0000000001
 40
0.0
 40
0.0
 40
0.0
 40
0.0
 40
1.0
 40
1.0
 40
1.0
 40
1.0
 10
1004.0292003034
 20
461.4828617594
 30
0.0
 10
1003.6411857215
 20
461.3027834603
 30
0.0
 10
1002.9760148464
 20
461.2173229301
 30
0.0
 10
1002.0447754458
 20
461.2173229301
 30
0.0
  0
SPLINE
  5
6DA
100
AcDbEntity
  8
0
100
AcDbSpline
 62
5
  6
BYLAYER
 70
0
 71
3
 72
8
 73
4
 74
0
 42
0.0000001
 43
0.0000001
 44
0.0000000001
 40
0.0
 40
0.0
 40
0.0
 40
0.0
 40
1.0
 40
1.0
 40
1.0
 40
1.0
 10
1012.6609040282
 20
465.2728067065
 30
0.0
 10
1013.532277652
 20
465.2728067065
 30
0.0
 10
1014.2174042741
 20
464.9931183824
 30
0.0
 10
1014.7120480798
 20
464.4441070333
 30
0.0
  0
SPLINE
  5
6DB
100
AcDbEntity
  8
0
100
AcDbSpline
 62
5
  6
BYLAYER
 70
0
 71
3
 72
8
 73
4
 74
0
 42
0.0000001
 43
0.0000001
 44
0.0000000001
 40
0.0
 40
0.0
 40
0.0
 40
0.0
 40
1.0
 40
1.0
 40
1.0
 40
1.0
 10
1014.7120480798
 20
464.4441070333
 30
0.0
 10
1015.4213639207
 20
463.656828507
 30
0.0
 10
1015.7805556546
 20
462.4603831357
 30
0.0
 10
1015.7805556546
 20
460.8677120121
 30
0.0
  0
SPLINE
  5
6DC
100
AcDbEntity
  8
0
100
AcDbSpline
 62
5
  6
BYLAYER
 70
0
 71
3
 72
8
 73
4
 74
0
 42
0.0000001
 43
0.0000001
 44
0.0000000001
 40
0.0
 40
0.0
 40
0.0
 40
0.0
 40
1.0
 40
1.0
 40
1.0
 40
1.0
 10
1015.7805556546
 20
460.8677120121
 30
0.0
 10
1015.7805556546
 20
459.5391916178
 30
0.0
 10
1015.5078357014
 20
458.4981283447
 30
0.0
 10
1014.9756992716
 20
457.7445231843
 30
0.0
  0
SPLINE
  5
6DD
100
AcDbEntity
  8
0
100
AcDbSpline
 62
5
  6
BYLAYER
 70
0
 71
3
 72
8
 73
4
 74
0
 42
0.0000001
 43
0.0000001
 44
0.0000000001
 40
0.0
 40
0.0
 40
0.0
 40
0.0
 40
1.0
 40
1.0
 40
1.0
 40
1.0
 10
1014.9756992716
 20
457.7445231843
 30
0.0
 10
1014.4435627698
 20
456.9909179221
 30
0.0
 10
1013.7052223842
 20
456.6179998433
 30
0.0
 10
1012.7673315559
 20
456.6179998433
 30
0.0
  0
HATCH
  5
6DE
100
AcDbEntity
  8
0
100
AcDbHatch
 62
5
  6
BYLAYER
 10
0.0
 20
0.0
 30
0.0
210
0.0
220
0.0
230
1.0
  2
SOLID
 70
1
 71
1
 91
5
 92
1
 93
9
 72
1
 10
1000.6146578888
 20
455.2040188334
 11
1000.6146578888
 21
459.8499564983
 72
1
 10
1000.6146578888
 20
459.8499564983
 11
1003.0358803308
 21
459.8499564983
 72
4
 94
3
 73
0
 74
0
 95
8
 96
4
 40
0.0
 40
0.0
 40
0.0
 40
0.0
 40
1.0
 40
1.0
 40
1.0
 40
1.0
 10
1003.0358803308
 20
459.8499564983
 10
1004.0801986863
 20
459.8499564983
 10
1004.9116625732
 20
460.1529525817
 10
1005.5371858711
 20
460.7663478327
 72
4
 94
3
 73
0
 74
0
 95
8
 96
4
 40
0.0
 40
0.0
 40
0.0
 40
0.0
 40
1.0
 40
1.0
 40
1.0
 40
1.0
 10
1005.5371858711
 20
460.7663478327
 10
1006.1555319572
 20
461.3727050284
 10
1006.468162233
 20
462.1962330903
 10
1006.468162233
 20
463.2217574007
 72
4
 94
3
 73
0
 74
0
 95
8
 96
4
 40
0.0
 40
0.0
 40
0.0
 40
0.0
 40
1.0
 40
1.0
 40
1.0
 40
1.0
 10
1006.468162233
 20
463.2217574007
 10
1006.468162233
 20
464.2395132564
 10
1006.1754871185
 20
465.0708097735
 10
1005.5884801093
 20
465.7135765608
 72
4
 94
3
 73
0
 74
0
 95
8
 96
4
 40
0.0
 40
0.0
 40
0.0
 40
0.0
 40
1.0
 40
1.0
 40
1.0
 40
1.0
 10
1005.5884801093
 20
465.7135765608
 10
1005.0047860739
 20
466.3527156746
 10
1004.2398393922
 20
466.6790188334
 10
1003.3086002839
 20
466.6790188334
 72
1
 10
1003.3086002839
 20
466.6790188334
 11
999.2776641255
 21
466.6790188334
 72
1
 10
999.2776641255
 20
466.6790188334
 11
999.2776641255
 21
455.2040188334
 72
1
 10
999.2776641255
 20
455.2040188334
 11
1000.6146578888
 21
455.2040188334
 97
42
330
6B4
330
6B5
330
6B6
330
6B7
330
6B8
330
6B9
330
6BA
330
6BB
330
6BC
330
6BD
330
6BE
330
6BF
330
6C0
330
6C1
330
6C2
330
6C3
330
6C4
330
6C5
330
6C6
330
6C7
330
6C8
330
6C9
330
6CA
330
6CB
330
6CC
330
6CD
330
6CE
330
6CF
330
6D0
330
6D1
330
6D2
330
6D3
330
6D4
330
6D5
330
6D6
330
6D7
330
6D8
330
6D9
330
6DA
330
6DB
330
6DC
330
6DD
 92
1
 93
7
 72
4
 94
3
 73
0
 74
0
 95
8
 96
4
 40
0.0
 40
0.0
 40
0.0
 40
0.0
 40
1.0
 40
1.0
 40
1.0
 40
1.0
 10
1012.8072418785
 20
455.2040188334
 10
1014.177493951
 20
455.2040188334
 10
1015.248419189
 20
455.7090120636
 10
1016.0333210596
 20
456.7345368161
 72
4
 94
3
 73
0
 74
0
 95
8
 96
4
 40
0.0
 40
0.0
 40
0.0
 40
0.0
 40
1.0
 40
1.0
 40
1.0
 40
1.0
 10
1016.0333210596
 20
456.7345368161
 10
1016.8182228757
 20
457.7600614974
 10
1017.2106737972
 20
459.1585041433
 10
1017.2106737972
 20
460.9454030612
 72
4
 94
3
 73
0
 74
0
 95
8
 96
4
 40
0.0
 40
0.0
 40
0.0
 40
0.0
 40
1.0
 40
1.0
 40
1.0
 40
1.0
 10
1017.2106737972
 20
460.9454030612
 10
1017.2106737972
 20
462.7866862944
 10
1016.7184476543
 20
464.2705898129
 10
1015.736433776
 20
465.3998568283
 72
4
 94
3
 73
0
 74
0
 95
8
 96
4
 40
0.0
 40
0.0
 40
0.0
 40
0.0
 40
1.0
 40
1.0
 40
1.0
 40
1.0
 10
1015.736433776
 20
465.3998568283
 10
1014.9956538114
 20
466.2517168662
 10
1013.9646388966
 20
466.6790188334
 10
1012.6476005875
 20
466.6790188334
 72
1
 10
1012.6476005875
 20
466.6790188334
 11
1008.9825090543
 21
466.6790188334
 72
1
 10
1008.9825090543
 20
466.6790188334
 11
1008.9825090543
 21
455.2040188334
 72
1
 10
1008.9825090543
 20
455.2040188334
 11
1012.8072418785
 21
455.2040188334
 97
42
330
6B4
330
6B5
330
6B6
330
6B7
330
6B8
330
6B9
330
6BA
330
6BB
330
6BC
330
6BD
330
6BE
330
6BF
330
6C0
330
6C1
330
6C2
330
6C3
330
6C4
330
6C5
330
6C6
330
6C7
330
6C8
330
6C9
330
6CA
330
6CB
330
6CC
330
6CD
330
6CE
330
6CF
330
6D0
330
6D1
330
6D2
330
6D3
330
6D4
330
6D5
330
6D6
330
6D7
330
6D8
330
6D9
330
6DA
330
6DB
330
6DC
330
6DD
 92
1
 93
13
 72
1
 10
1020.7759889376
 20
455.2040188334
 11
1020.7759889376
 21
465.3971129323
 72
1
 10
1020.7759889376
 20
465.3971129323
 11
1023.4433247437
 21
455.2040188334
 72
1
 10
1023.4433247437
 20
455.2040188334
 11
1024.7603642243
 21
455.2040188334
 72
1
 10
1024.7603642243
 20
455.2040188334
 11
1027.4210477241
 21
465.4048820714
 72
1
 10
1027.4210477241
 20
465.4048820714
 11
1027.4210477241
 21
455.2040188334
 72
1
 10
1027.4210477241
 20
455.2040188334
 11
1028.6316596769
 21
455.2040188334
 72
1
 10
1028.6316596769
 20
455.2040188334
 11
1028.6316596769
 21
466.6790188334
 72
1
 10
1028.6316596769
 20
466.6790188334
 11
1026.5496752716
 21
466.6790188334
 72
1
 10
1026.5496752716
 20
466.6790188334
 11
1024.1151490961
 21
457.3249903911
 72
1
 10
1024.1151490961
 20
457.3249903911
 11
1021.6540160386
 21
466.6790188334
 72
1
 10
1021.6540160386
 20
466.6790188334
 11
1019.565379327
 21
466.6790188334
 72
1
 10
1019.565379327
 20
466.6790188334
 11
1019.565379327
 21
455.2040188334
 72
1
 10
1019.565379327
 20
455.2040188334
 11
1020.7759889376
 21
455.2040188334
 97
42
330
6B4
330
6B5
330
6B6
330
6B7
330
6B8
330
6B9
330
6BA
330
6BB
330
6BC
330
6BD
330
6BE
330
6BF
330
6C0
330
6C1
330
6C2
330
6C3
330
6C4
330
6C5
330
6C6
330
6C7
330
6C8
330
6C9
330
6CA
330
6CB
330
6CC
330
6CD
330
6CE
330
6CF
330
6D0
330
6D1
330
6D2
330
6D3
330
6D4
330
6D5
330
6D6
330
6D7
330
6D8
330
6D9
330
6DA
330
6DB
330
6DC
330
6DD
 92
1
 93
7
 72
1
 10
1010.3261542454
 20
456.6179998433
 11
1010.3261542454
 21
465.2728067065
 72
1
 10
1010.3261542454
 20
465.2728067065
 11
1012.6609040282
 21
465.2728067065
 72
4
 94
3
 73
0
 74
0
 95
8
 96
4
 40
0.0
 40
0.0
 40
0.0
 40
0.0
 40
1.0
 40
1.0
 40
1.0
 40
1.0
 10
1012.6609040282
 20
465.2728067065
 10
1013.532277652
 20
465.2728067065
 10
1014.2174042741
 20
464.9931183824
 10
1014.7120480798
 20
464.4441070333
 72
4
 94
3
 73
0
 74
0
 95
8
 96
4
 40
0.0
 40
0.0
 40
0.0
 40
0.0
 40
1.0
 40
1.0
 40
1.0
 40
1.0
 10
1014.7120480798
 20
464.4441070333
 10
1015.4213639207
 20
463.656828507
 10
1015.7805556546
 20
462.4603831357
 10
1015.7805556546
 20
460.8677120121
 72
4
 94
3
 73
0
 74
0
 95
8
 96
4
 40
0.0
 40
0.0
 40
0.0
 40
0.0
 40
1.0
 40
1.0
 40
1.0
 40
1.0
 10
1015.7805556546
 20
460.8677120121
 10
1015.7805556546
 20
459.5391916178
 10
1015.5078357014
 20
458.4981283447
 10
1014.9756992716
 20
457.7445231843
 72
4
 94
3
 73
0
 74
0
 95
8
 96
4
 40
0.0
 40
0.0
 40
0.0
 40
0.0
 40
1.0
 40
1.0
 40
1.0
 40
1.0
 10
1014.9756992716
 20
457.7445231843
 10
1014.4435627698
 20
456.9909179221
 10
1013.7052223842
 20
456.6179998433
 10
1012.7673315559
 20
456.6179998433
 72
1
 10
1012.7673315559
 20
456.6179998433
 11
1010.3261542454
 21
456.6179998433
 97
42
330
6B4
330
6B5
330
6B6
330
6B7
330
6B8
330
6B9
330
6BA
330
6BB
330
6BC
330
6BD
330
6BE
330
6BF
330
6C0
330
6C1
330
6C2
330
6C3
330
6C4
330
6C5
330
6C6
330
6C7
330
6C8
330
6C9
330
6CA
330
6CB
330
6CC
330
6CD
330
6CE
330
6CF
330
6D0
330
6D1
330
6D2
330
6D3
330
6D4
330
6D5
330
6D6
330
6D7
330
6D8
330
6D9
330
6DA
330
6DB
330
6DC
330
6DD
 92
1
 93
6
 72
1
 10
1000.6146578888
 20
461.2173229301
 11
1000.6146578888
 21
465.2883449847
 72
1
 10
1000.6146578888
 20
465.2883449847
 11
1002.8030701146
 21
465.2883449847
 72
4
 94
3
 73
0
 74
0
 95
8
 96
4
 40
0.0
 40
0.0
 40
0.0
 40
0.0
 40
1.0
 40
1.0
 40
1.0
 40
1.0
 10
1002.8030701146
 20
465.2883449847
 10
1004.2398393922
 20
465.2883449847
 10
1004.9582240307
 20
464.5968929716
 10
1004.9582240307
 20
463.2217574007
 72
4
 94
3
 73
0
 74
0
 95
8
 96
4
 40
0.0
 40
0.0
 40
0.0
 40
0.0
 40
1.0
 40
1.0
 40
1.0
 40
1.0
 10
1004.9582240307
 20
463.2217574007
 10
1004.9582240307
 20
462.3516151881
 10
1004.6455937544
 20
461.7689311231
 10
1004.0292003034
 20
461.4828617594
 72
4
 94
3
 73
0
 74
0
 95
8
 96
4
 40
0.0
 40
0.0
 40
0.0
 40
0.0
 40
1.0
 40
1.0
 40
1.0
 40
1.0
 10
1004.0292003034
 20
461.4828617594
 10
1003.6411857215
 20
461.3027834603
 10
1002.9760148464
 20
461.2173229301
 10
1002.0447754458
 20
461.2173229301
 72
1
 10
1002.0447754458
 20
461.2173229301
 11
1000.6146578888
 21
461.2173229301
 97
42
330
6B4
330
6B5
330
6B6
330
6B7
330
6B8
330
6B9
330
6BA
330
6BB
330
6BC
330
6BD
330
6BE
330
6BF
330
6C0
330
6C1
330
6C2
330
6C3
330
6C4
330
6C5
330
6C6
330
6C7
330
6C8
330
6C9
330
6CA
330
6CB
330
6CC
330
6CD
330
6CE
330
6CF
330
6D0
330
6D1
330
6D2
330
6D3
330
6D4
330
6D5
330
6D6
330
6D7
330
6D8
330
6D9
330
6DA
330
6DB
330
6DC
330
6DD
 75
0
 76
1
 98
1
 10
0.0
 20
0.0
  0
LINE
  5
6DF
100
AcDbEntity
  8
5_ALL_CURVES
100
AcDbLine
 62
5
  6
BYLAYER
 10
999.2776641255
 20
455.2040188334
 11
1000.6146578888
 21
455.2040188334
  0
LINE
  5
6E0
100
AcDbEntity
  8
5_ALL_CURVES
100
AcDbLine
 62
5
  6
BYLAYER
 10
1008.9825090543
 20
455.2040188334
 11
1012.8072418785
 21
455.2040188334
  0
LINE
  5
6E1
100
AcDbEntity
  8
5_ALL_CURVES
100
AcDbLine
 62
5
  6
BYLAYER
 10
1019.565379327
 20
455.2040188334
 11
1020.7759889376
 21
455.2040188334
  0
LINE
  5
6E2
100
AcDbEntity
  8
5_ALL_CURVES
100
AcDbLine
 62
5
  6
BYLAYER
 10
1023.4433247437
 20
455.2040188334
 11
1024.7603642243
 21
455.2040188334
  0
LINE
  5
6E3
100
AcDbEntity
  8
5_ALL_CURVES
100
AcDbLine
 62
5
  6
BYLAYER
 10
1027.4210477241
 20
455.2040188334
 11
1028.6316596769
 21
455.2040188334
  0
LINE
  5
6E4
100
AcDbEntity
  8
5_ALL_CURVES
100
AcDbLine
 62
5
  6
BYLAYER
 10
1012.7673315559
 20
456.6179998433
 11
1010.3261542454
 21
456.6179998433
  0
LINE
  5
6E5
100
AcDbEntity
  8
5_ALL_CURVES
100
AcDbLine
 62
5
  6
BYLAYER
 10
1000.6146578888
 20
459.8499564983
 11
1003.0358803308
 21
459.8499564983
  0
LINE
  5
6E6
100
AcDbEntity
  8
5_ALL_CURVES
100
AcDbLine
 62
5
  6
BYLAYER
 10
1002.0447754458
 20
461.2173229301
 11
1000.6146578888
 21
461.2173229301
  0
LINE
  5
6E7
100
AcDbEntity
  8
5_ALL_CURVES
100
AcDbLine
 62
5
  6
BYLAYER
 10
1010.3261542454
 20
465.2728067065
 11
1012.6609040282
 21
465.2728067065
  0
LINE
  5
6E8
100
AcDbEntity
  8
5_ALL_CURVES
100
AcDbLine
 62
5
  6
BYLAYER
 10
1000.6146578888
 20
465.2883449847
 11
1002.8030701146
 21
465.2883449847
  0
LINE
  5
6E9
100
AcDbEntity
  8
5_ALL_CURVES
100
AcDbLine
 62
5
  6
BYLAYER
 10
1028.6316596769
 20
466.6790188334
 11
1026.5496752716
 21
466.6790188334
  0
LINE
  5
6EA
100
AcDbEntity
  8
5_ALL_CURVES
100
AcDbLine
 62
5
  6
BYLAYER
 10
1021.6540160386
 20
466.6790188334
 11
1019.565379327
 21
466.6790188334
  0
LINE
  5
6EB
100
AcDbEntity
  8
5_ALL_CURVES
100
AcDbLine
 62
5
  6
BYLAYER
 10
1012.6476005875
 20
466.6790188334
 11
1008.9825090543
 21
466.6790188334
  0
LINE
  5
6EC
100
AcDbEntity
  8
5_ALL_CURVES
100
AcDbLine
 62
5
  6
BYLAYER
 10
1003.3086002839
 20
466.6790188334
 11
999.2776641255
 21
466.6790188334
  0
LINE
  5
6ED
100
AcDbEntity
  8
5_ALL_CURVES
100
AcDbLine
 62
5
  6
BYLAYER
 10
974.8481889132
 20
442.6604518622
 11
976.0197606679
 21
442.5749158682
  0
LINE
  5
6EE
100
AcDbEntity
  8
5_ALL_CURVES
100
AcDbLine
 62
5
  6
BYLAYER
 10
1048.0966883551
 20
431.4440748862
 11
1049.0184066966
 21
431.360913788
  0
LINE
  5
6EF
100
AcDbEntity
  8
0
100
AcDbLine
 62
7
  6
BYLAYER
 10
442.8010368572
 20
504.107014139
 11
442.8994420051
 21
504.0921407395
  0
LINE
  5
6F0
100
AcDbEntity
  8
5_ALL_CURVES
100
AcDbLine
 62
5
  6
BYLAYER
 10
1019.5088630082
 20
414.0437688153
 11
1018.4169403067
 21
414.2155694332
  0
LINE
  5
6F1
100
AcDbEntity
  8
5_ALL_CURVES
100
AcDbLine
 62
5
  6
BYLAYER
 10
1006.1866121516
 20
413.0904030269
 11
1007.872312626
 21
412.7824529166
  0
LINE
  5
6F2
100
AcDbEntity
  8
5_ALL_CURVES
100
AcDbLine
 62
5
  6
BYLAYER
 10
1006.481458248
 20
414.7043729127
 11
1008.1671587223
 21
414.3964228024
  0
LINE
  5
6F3
100
AcDbEntity
  8
5_ALL_CURVES
100
AcDbLine
 62
5
  6
BYLAYER
 10
975.8776817028
 20
441.1854392889
 11
974.9673087878
 21
441.3518942954
  0
LINE
  5
6F4
100
AcDbEntity
  8
5_ALL_CURVES
100
AcDbLine
 62
5
  6
BYLAYER
 10
1051.9849140232
 20
421.8154719306
 11
1050.8331643116
 21
422.0464788731
  0
LINE
  5
6F5
100
AcDbEntity
  8
5_ALL_CURVES
100
AcDbLine
 62
5
  6
BYLAYER
 10
1048.3315016592
 20
432.8209170374
 11
1049.4832512102
 21
432.5899101983
  0
LINE
  5
6F6
100
AcDbEntity
  8
5_ALL_CURVES
100
AcDbLine
 62
5
  6
BYLAYER
 10
996.9226380227
 20
410.5096715735
 11
995.8398446894
 21
410.7318752774
  0
LINE
  5
6F7
100
AcDbEntity
  8
5_ALL_CURVES
100
AcDbLine
 62
5
  6
BYLAYER
 10
963.6512844485
 20
460.5442629126
 11
975.3000515256
 21
457.9506974938
  0
LINE
  5
6F8
100
AcDbEntity
  8
5_ALL_CURVES
100
AcDbLine
 62
5
  6
BYLAYER
 10
975.8347439135
 20
460.3522205233
 11
964.1859768364
 21
462.9457859425
  0
LINE
  5
6F9
100
AcDbEntity
  8
5_ALL_CURVES
100
AcDbLine
 62
5
  6
BYLAYER
 10
975.7903425411
 20
422.9357328428
 11
974.9812141768
 21
423.1751880933
  0
LINE
  5
6FA
100
AcDbEntity
  8
5_ALL_CURVES
100
AcDbLine
 62
5
  6
BYLAYER
 10
979.857887752
 20
431.21498534
 11
980.6670159557
 21
430.9755299848
  0
LINE
  5
6FB
100
AcDbEntity
  8
5_ALL_CURVES
100
AcDbLine
 62
5
  6
BYLAYER
 10
1019.4238330346
 20
412.6624728204
 11
1018.758420619
 21
412.874449745
  0
LINE
  5
6FC
100
AcDbEntity
  8
5_ALL_CURVES
100
AcDbLine
 62
5
  6
BYLAYER
 10
987.1569065525
 20
418.0460306054
 11
987.8207087075
 21
417.8290637908
  0
LINE
  5
6FD
100
AcDbEntity
  8
5_ALL_CURVES
100
AcDbLine
 62
5
  6
BYLAYER
 10
969.6187076034
 20
432.7433592993
 11
968.3203622303
 21
433.2381083982
  0
LINE
  5
6FE
100
AcDbEntity
  8
0
100
AcDbLine
 62
7
  6
BYLAYER
 10
439.2787897088
 20
601.443609662
 11
438.4040420963
 21
601.7788269152
  0
LINE
  5
6FF
100
AcDbEntity
  8
0
100
AcDbLine
 62
7
  6
BYLAYER
 10
439.4996490409
 20
601.8918095378
 11
438.6249014284
 21
602.227026791
  0
LINE
  5
700
100
AcDbEntity
  8
0
100
AcDbLine
 62
7
  6
BYLAYER
 10
439.5915738649
 20
601.957041165
 11
438.7168262524
 21
602.2922584181
  0
LINE
  5
701
100
AcDbEntity
  8
0
100
AcDbLine
 62
7
  6
BYLAYER
 10
439.812433197
 20
602.4052410407
 11
438.9376855845
 21
602.7404582939
  0
LINE
  5
702
100
AcDbEntity
  8
0
100
AcDbLine
 62
7
  6
BYLAYER
 10
438.7695120835
 20
608.0963413832
 11
439.644259696
 21
607.76112413
  0
LINE
  5
703
100
AcDbEntity
  8
0
100
AcDbLine
 62
7
  6
BYLAYER
 10
438.5217945674
 20
608.5035039308
 11
439.3825938739
 21
608.1736318912
  0
LINE
  5
704
100
AcDbEntity
  8
0
100
AcDbLine
 62
7
  6
BYLAYER
 10
438.4262886522
 20
608.5523206268
 11
439.3010362647
 21
608.2171033736
  0
LINE
  5
705
100
AcDbEntity
  8
0
100
AcDbLine
 62
7
  6
BYLAYER
 10
438.1785711361
 20
608.9594831744
 11
439.0533187486
 21
608.6242659212
  0
LINE
  5
706
100
AcDbEntity
  8
0
100
AcDbLine
 62
7
  6
BYLAYER
 10
439.3010362647
 20
608.2171033736
 11
439.3522425598
 21
608.1941842154
  0
LINE
  5
707
100
AcDbEntity
  8
5_ALL_CURVES
100
AcDbLine
 62
5
  6
BYLAYER
 10
974.650178219
 20
421.6805892318
 11
973.7240303328
 21
422.0994538509
  0
LINE
  5
708
100
AcDbEntity
  8
5_ALL_CURVES
100
AcDbLine
 62
5
  6
BYLAYER
 10
1004.1718302173
 20
402.0616072989
 11
1003.1674042214
 21
402.5230718935
  0
LINE
  5
709
100
AcDbEntity
  8
5_ALL_CURVES
100
AcDbLine
 62
5
  6
BYLAYER
 10
989.8620378892
 20
407.2524442274
 11
988.7061180198
 21
407.8142166862
  0
LINE
  5
70A
100
AcDbEntity
  8
0
100
AcDbLine
 62
4
  6
BYLAYER
 10
1514.2254717989
 20
35.9070593979
 11
1514.1482354917
 21
35.9525161101
  0
LINE
  5
70B
100
AcDbEntity
  8
0
100
AcDbLine
 62
4
  6
BYLAYER
 10
1512.3819703639
 20
32.1791128393
 11
1512.4591291453
 21
32.1336810088
  0
LINE
  5
70C
100
AcDbEntity
  8
0
100
AcDbLine
 62
3
  6
BYLAYER
 10
1525.0156858314
 20
32.2853998683
 11
1525.1049107415
 21
32.232316625
  0
LINE
  5
70D
100
AcDbEntity
  8
0
100
AcDbLine
 62
4
  6
BYLAYER
 10
1514.8464829142
 20
37.3929210972
 11
1515.2366241896
 21
37.1522251328
  0
LINE
  5
70E
100
AcDbEntity
  8
0
100
AcDbLine
 62
4
  6
BYLAYER
 10
1511.7270433706
 20
30.7107924565
 11
1511.3386460107
 21
30.9576395688
  0
LINE
  5
70F
100
AcDbEntity
  8
5_ALL_CURVES
100
AcDbLine
 62
5
  6
BYLAYER
 10
751.0620374172
 20
496.9131166624
 11
791.3716259026
 21
456.603528177
  0
LINE
  5
710
100
AcDbEntity
  8
5_ALL_CURVES
100
AcDbLine
 62
5
  6
BYLAYER
 10
798.2226593822
 20
463.4545616566
 11
772.7702615904
 21
488.9069594484
  0
LINE
  5
711
100
AcDbEntity
  8
5_ALL_CURVES
100
AcDbLine
 62
5
  6
BYLAYER
 10
765.1225929267
 20
496.5546281121
 11
757.9130708968
 21
503.764150142
  0
LINE
  5
712
100
AcDbEntity
  8
0
100
AcDbLine
 62
7
420
26316
  6
BYLAYER
 10
695.713752944
 20
617.6619905115
 11
718.8331143257
 21
580.0592585567
  0
LINE
  5
713
100
AcDbEntity
  8
0
100
AcDbLine
 62
7
420
26316
  6
BYLAYER
 10
650.3702351698
 20
603.7696772678
 11
702.1293897147
 21
519.4923785322
  0
LINE
  5
714
100
AcDbEntity
  8
0
100
AcDbLine
 62
7
420
26316
  6
BYLAYER
 10
667.8216618352
 20
589.7698994027
 11
707.5288684216
 21
525.1162909561
  0
LINE
  5
715
100
AcDbEntity
  8
0
100
AcDbLine
 62
7
420
26316
  6
BYLAYER
 10
699.0895515955
 20
577.4898436027
 11
722.2276343188
 21
539.8150568533
  0
LINE
  5
716
100
AcDbEntity
  8
0
100
AcDbLine
 62
2
  6
BYLAYER
 10
775.4009675855
 20
294.1030683786
 11
775.4009675855
 21
254.1030683786
  0
LWPOLYLINE
  5
717
100
AcDbEntity
  8
0
100
AcDbPolyline
 62
7
  6
BYLAYER
 90
2
 70
0
 43
0.6
 10
800.0
 20
28.0
 10
800.0
 20
20.0
  0
LWPOLYLINE
  5
718
100
AcDbEntity
  8
0
100
AcDbPolyline
 62
7
  6
BYLAYER
 90
2
 70
0
 43
0.6
 10
800.0
 20
1080.0
 10
800.0
 20
1088.0
  0
LINE
  5
719
100
AcDbEntity
  8
0
100
AcDbLine
 62
7
  6
BYLAYER
 10
963.5033982653
 20
935.2656964915
 11
963.5544035432
 21
935.3692038191
  0
LINE
  5
71A
100
AcDbEntity
  8
0
100
AcDbLine
 62
7
  6
BYLAYER
 10
964.4291511558
 20
935.0339865659
 11
964.3781458778
 21
934.9304792383
  0
LINE
  5
71B
100
AcDbEntity
  8
0
100
AcDbLine
 62
1
  6
BYLAYER
 10
892.2250036882
 20
709.8124262227
 11
857.1830582632
 21
674.7704807977
  0
LINE
  5
71C
100
AcDbEntity
  8
0
100
AcDbLine
 62
7
420
26316
  6
BYLAYER
 10
702.0439971661
 20
519.6314197006
 11
687.7386659168
 21
505.3260884513
  0
LINE
  5
71D
100
AcDbEntity
  8
0
100
AcDbLine
 62
7
420
26316
  6
BYLAYER
 10
707.5288684216
 20
525.1162909561
 11
722.2276343188
 21
539.8150568533
  0
LINE
  5
71E
100
AcDbEntity
  8
0
100
AcDbLine
 62
7
420
26316
  6
BYLAYER
 10
735.4565236261
 20
553.0439461606
 11
749.8450899071
 21
567.4325124415
  0
LINE
  5
71F
100
AcDbEntity
  8
0
100
AcDbLine
 62
7
420
26316
  6
BYLAYER
 10
755.7040221809
 20
573.2914447153
 11
770.4027880773
 21
587.9902106118
  0
LINE
  5
720
100
AcDbEntity
  8
0
100
AcDbLine
 62
7
420
26316
  6
BYLAYER
 10
783.6316773854
 20
601.2190999198
 11
798.0202436656
 21
615.6076662001
  0
LINE
  5
721
100
AcDbEntity
  8
0
100
AcDbLine
 62
7
420
26316
  6
BYLAYER
 10
938.9780089175
 20
756.565431452
 11
954.9414349662
 21
772.5288575007
  0
LINE
  5
722
100
AcDbEntity
  8
0
100
AcDbLine
 62
7
420
26316
  6
BYLAYER
 10
968.0547785331
 20
785.6422010676
 11
983.0286470963
 21
800.6160696308
  0
LINE
  5
723
100
AcDbEntity
  8
5_ALL_CURVES
100
AcDbLine
 62
5
  6
BYLAYER
 10
1067.8029775848
 20
850.6974482487
 11
1060.9519441052
 21
843.8464147691
  0
LINE
  5
724
100
AcDbEntity
  8
5_ALL_CURVES
100
AcDbLine
 62
5
  6
BYLAYER
 10
861.7540878326
 20
644.6485584965
 11
854.9030263002
 21
637.797496964
  0
LINE
  5
725
100
AcDbEntity
  8
5_ALL_CURVES
100
AcDbLine
 62
5
  6
BYLAYER
 10
1004.3910581753
 20
783.3023686979
 11
997.540024696
 21
776.4513352185
  0
LINE
  5
726
100
AcDbEntity
  8
5_ALL_CURVES
100
AcDbLine
 62
5
  6
BYLAYER
 10
815.7485703159
 20
594.6598808384
 11
808.8975368366
 21
587.8088473591
  0
LINE
  5
727
100
AcDbEntity
  8
5_ALL_CURVES
100
AcDbLine
 62
5
  6
BYLAYER
 10
817.7003222216
 20
579.006061974
 11
824.551355701
 21
585.8570954534
  0
LINE
  5
728
100
AcDbEntity
  8
5_ALL_CURVES
100
AcDbLine
 62
5
  6
BYLAYER
 10
1006.3428100811
 20
767.6485498335
 11
1013.1938435604
 21
774.4995833128
  0
LINE
  5
729
100
AcDbEntity
  8
5_ALL_CURVES
100
AcDbLine
 62
5
  6
BYLAYER
 10
1020.921173814
 20
766.7722530592
 11
1014.0701403347
 21
759.9212195799
  0
LINE
  5
72A
100
AcDbEntity
  8
5_ALL_CURVES
100
AcDbLine
 62
5
  6
BYLAYER
 10
1003.7935901154
 20
749.6446693606
 11
995.2297842397
 21
741.0808634849
  0
LINE
  5
72B
100
AcDbEntity
  8
5_ALL_CURVES
100
AcDbLine
 62
5
  6
BYLAYER
 10
988.3787507604
 20
734.2298300056
 11
981.1293935521
 21
726.9804727972
  0
LINE
  5
72C
100
AcDbEntity
  8
5_ALL_CURVES
100
AcDbLine
 62
5
  6
BYLAYER
 10
946.5555727825
 20
692.4066520277
 11
939.7045393032
 21
685.5556185484
  0
LINE
  5
72D
100
AcDbEntity
  8
5_ALL_CURVES
100
AcDbLine
 62
5
  6
BYLAYER
 10
832.2786859546
 20
578.1297651997
 11
825.4276524753
 21
571.2787317204
  0
LINE
  5
72E
100
AcDbEntity
  8
5_ALL_CURVES
100
AcDbLine
 62
5
  6
BYLAYER
 10
815.9875568388
 20
561.838636084
 11
808.0212365559
 21
553.8723158011
  0
LINE
  5
72F
100
AcDbEntity
  8
5_ALL_CURVES
100
AcDbLine
 62
5
  6
BYLAYER
 10
801.1702030766
 20
547.0212823218
 11
793.1640476155
 21
539.0151268607
  0
LINE
  5
730
100
AcDbEntity
  8
5_ALL_CURVES
100
AcDbLine
 62
5
  6
BYLAYER
 10
757.9130708968
 20
503.764150142
 11
751.0620374172
 21
496.9131166624
  0
LINE
  5
731
100
AcDbEntity
  8
5_ALL_CURVES
100
AcDbLine
 62
5
  6
BYLAYER
 10
957.0312804827
 20
642.9756186482
 11
948.8657886924
 21
640.2272254217
  0
LINE
  5
732
100
AcDbEntity
  8
0
100
AcDbLine
 62
7
  6
BYLAYER
 10
1122.5976449363
 20
534.3230698806
 11
445.4572416432
 21
475.0200270713
  0
LINE
  5
733
100
AcDbEntity
  8
0
100
AcDbLine
 62
7
  6
BYLAYER
 10
1122.7277904844
 20
534.7545727018
 11
445.5873871912
 21
475.4515298924
  0
LINE
  5
734
100
AcDbEntity
  8
0
100
AcDbLine
 62
3
  6
BYLAYER
 10
442.7135543735
 20
477.65411327
 11
442.2486575605
 21
477.6133982344
  0
LINE
  5
735
100
AcDbEntity
  8
0
100
AcDbLine
 62
7
  6
BYLAYER
 10
1112.9735094118
 20
543.8786216079
 11
454.7167531
 21
486.2293831201
  0
LINE
  5
736
100
AcDbEntity
  8
0
100
AcDbLine
 62
3
  6
BYLAYER
 10
1112.799741511
 20
543.9452122422
 11
454.7096429141
 21
486.3105694123
  0
LINE
  5
737
100
AcDbEntity
  8
0
100
AcDbLine
 62
7
  6
BYLAYER
 10
443.0079880634
 20
500.6352346616
 11
443.1982284253
 21
500.6518956558
  0
LWPOLYLINE
  5
738
100
AcDbEntity
  8
0
100
AcDbPolyline
 62
7
  6
BYLAYER
 90
2
 70
0
 43
0.6
 10
28.0
 20
554.0
 10
20.0
 20
554.0
  0
LWPOLYLINE
  5
739
100
AcDbEntity
  8
0
100
AcDbPolyline
 62
7
  6
BYLAYER
 90
2
 70
0
 43
0.6
 10
1572.0
 20
554.0
 10
1580.0
 20
554.0
  0
LINE
  5
73A
100
AcDbEntity
  8
0
100
AcDbLine
 62
7
  6
BYLAYER
 10
439.8810246236
 20
603.3398561469
 11
439.7826194756
 21
603.3547295464
  0
LINE
  5
73B
100
AcDbEntity
  8
0
100
AcDbLine
 62
7
  6
BYLAYER
 10
439.5756682695
 20
606.8265090238
 11
439.6740734174
 21
606.8116356243
  0
LINE
  5
73C
100
AcDbEntity
  8
5_ALL_CURVES
100
AcDbLine
 62
5
  6
BYLAYER
 10
1060.1181731776
 20
432.3143775895
 11
1047.8057151896
 21
435.9991139839
  0
LINE
  5
73D
100
AcDbEntity
  8
5_ALL_CURVES
100
AcDbLine
 62
5
  6
BYLAYER
 10
1049.7459917891
 20
436.7599679587
 11
1060.4866468173
 21
433.545623388
  0
LINE
  5
73E
100
AcDbEntity
  8
5_ALL_CURVES
100
AcDbLine
 62
5
  6
BYLAYER
 10
1060.3724220386
 20
439.8402338944
 11
1049.8937343543
 21
442.9761797729
  0
LINE
  5
73F
100
AcDbEntity
  8
5_ALL_CURVES
100
AcDbLine
 62
5
  6
BYLAYER
 10
1050.262207994
 20
444.2074255719
 11
1062.5746659815
 21
440.522689177
  0
LINE
  5
740
100
AcDbEntity
  8
5_ALL_CURVES
100
AcDbLine
 62
5
  6
BYLAYER
 10
985.0052663116
 20
490.4363753333
 11
997.1012230172
 21
486.3317097969
  0
LINE
  5
741
100
AcDbEntity
  8
5_ALL_CURVES
100
AcDbLine
 62
5
  6
BYLAYER
 10
996.1558268976
 20
488.8352747615
 11
984.6124590156
 21
492.7712794852
  0
LINE
  5
742
100
AcDbEntity
  8
5_ALL_CURVES
100
AcDbLine
 62
5
  6
BYLAYER
 10
976.0197606679
 20
442.5749158682
 11
977.3181058133
 21
442.0801671802
  0
LINE
  5
743
100
AcDbEntity
  8
5_ALL_CURVES
100
AcDbLine
 62
5
  6
BYLAYER
 10
1051.2980094696
 20
423.2754748693
 11
1050.2620656851
 21
423.6866623503
  0
LINE
  5
744
100
AcDbEntity
  8
5_ALL_CURVES
100
AcDbLine
 62
5
  6
BYLAYER
 10
1049.0184066966
 20
431.360913788
 11
1050.0543504806
 21
430.949726307
  0
LINE
  5
745
100
AcDbEntity
  8
5_ALL_CURVES
100
AcDbLine
 62
5
  6
BYLAYER
 10
1050.8331643116
 20
422.0464788731
 11
1049.5671886737
 21
422.6055125092
  0
LINE
  5
746
100
AcDbEntity
  8
5_ALL_CURVES
100
AcDbLine
 62
5
  6
BYLAYER
 10
1049.4832512102
 20
432.5899101983
 11
1050.7492274924
 21
432.0308761482
  0
LINE
  5
747
100
AcDbEntity
  8
5_ALL_CURVES
100
AcDbLine
 62
5
  6
BYLAYER
 10
980.9980518336
 20
432.470128794
 11
981.9242003288
 21
432.0512631091
  0
LINE
  5
748
100
AcDbEntity
  8
5_ALL_CURVES
100
AcDbLine
 62
5
  6
BYLAYER
 10
1008.1671587223
 20
414.3964228024
 11
1009.1715798996
 21
413.9349591126
  0
LINE
  5
749
100
AcDbEntity
  8
5_ALL_CURVES
100
AcDbLine
 62
5
  6
BYLAYER
 10
995.8398446894
 20
410.7318752774
 11
992.3720850808
 21
412.4171926538
  0
LINE
  5
74A
100
AcDbEntity
  8
5_ALL_CURVES
100
AcDbLine
 62
5
  6
BYLAYER
 10
993.0892413256
 20
413.8928348645
 11
996.7496535108
 21
412.1138891024
  0
LINE
  5
74B
100
AcDbEntity
  8
5_ALL_CURVES
100
AcDbLine
 62
5
  6
BYLAYER
 10
998.5425444571
 20
415.8029953182
 11
994.8821322719
 21
417.5819410798
  0
LINE
  5
74C
100
AcDbEntity
  8
5_ALL_CURVES
100
AcDbLine
 62
5
  6
BYLAYER
 10
994.3238426064
 20
419.3734153809
 11
998.9475220844
 21
417.1263255461
  0
LINE
  5
74D
100
AcDbEntity
  8
5_ALL_CURVES
100
AcDbLine
 62
5
  6
BYLAYER
 10
1004.4666763481
 20
403.6755773734
 11
1003.672964716
 21
404.0985478503
  0
LINE
  5
74E
100
AcDbEntity
  8
5_ALL_CURVES
100
AcDbLine
 62
5
  6
BYLAYER
 10
1007.872312626
 20
412.7824529166
 11
1008.6660242585
 21
412.3594824397
  0
LINE
  5
74F
100
AcDbEntity
  8
5_ALL_CURVES
100
AcDbLine
 62
5
  6
BYLAYER
 10
969.0482272862
 20
434.5848166156
 11
969.7607867512
 21
434.1328359356
  0
LINE
  5
750
100
AcDbEntity
  8
5_ALL_CURVES
100
AcDbLine
 62
5
  6
BYLAYER
 10
976.5902409851
 20
440.7334585519
 11
975.8776817028
 21
441.1854392889
  0
LINE
  5
751
100
AcDbEntity
  8
0
100
AcDbLine
 62
7
420
26316
  6
BYLAYER
 10
735.4565236261
 20
553.0439461606
 11
699.0895515955
 21
577.4898436027
  0
LINE
  5
752
100
AcDbEntity
  8
0
100
AcDbLine
 62
7
420
26316
  6
BYLAYER
 10
718.8331143257
 20
580.0592585567
 11
682.5204277324
 21
604.4686652999
  0
LINE
  5
753
100
AcDbEntity
  8
0
100
AcDbLine
 62
3
  6
BYLAYER
 10
1524.1483954717
 20
31.0039618385
 11
1523.8786036358
 21
31.1872214347
  0
LINE
  5
754
100
AcDbEntity
  8
5_ALL_CURVES
100
AcDbLine
 62
5
  6
BYLAYER
 10
790.8139860076
 20
507.9066404764
 11
816.7443621048
 21
481.9762643792
  0
LINE
  5
755
100
AcDbEntity
  8
5_ALL_CURVES
100
AcDbLine
 62
5
  6
BYLAYER
 10
823.5953955842
 20
488.8272978585
 11
795.6336077447
 21
516.7890856979
  0
LINE
  5
756
100
AcDbEntity
  8
5_ALL_CURVES
100
AcDbLine
 62
5
  6
BYLAYER
 10
793.1640476155
 20
539.0151268607
 11
798.9396329764
 21
533.2395414999
  0
LINE
  5
757
100
AcDbEntity
  8
5_ALL_CURVES
100
AcDbLine
 62
5
  6
BYLAYER
 10
790.8936493507
 20
557.2978360477
 11
801.1702030766
 21
547.0212823218
  0
LINE
  5
758
100
AcDbEntity
  8
5_ALL_CURVES
100
AcDbLine
 62
5
  6
BYLAYER
 10
806.9457884375
 20
541.2456969609
 11
841.479791562
 21
506.7116938364
  0
LINE
  5
759
100
AcDbEntity
  8
5_ALL_CURVES
100
AcDbLine
 62
5
  6
BYLAYER
 10
848.3308250413
 20
513.5627273157
 11
813.7968219168
 21
548.0967304402
  0
LINE
  5
75A
100
AcDbEntity
  8
5_ALL_CURVES
100
AcDbLine
 62
5
  6
BYLAYER
 10
808.0212365559
 20
553.8723158011
 11
799.7760945722
 21
562.1174577848
  0
LINE
  5
75B
100
AcDbEntity
  8
0
100
AcDbLine
 62
7
420
26316
  6
BYLAYER
 10
709.3039030332
 20
631.2521406007
 11
749.8450899071
 21
567.4325124415
  0
LINE
  5
75C
100
AcDbEntity
  8
0
100
AcDbLine
 62
7
420
26316
  6
BYLAYER
 10
715.9968155937
 20
637.9450531612
 11
755.7040221809
 21
573.2914447153
  0
LINE
  5
75D
100
AcDbEntity
  8
0
100
AcDbLine
 62
7
420
26316
  6
BYLAYER
 10
747.264705354
 20
625.6649973612
 11
770.4027880773
 21
587.9902106118
  0
LINE
  5
75E
100
AcDbEntity
  8
5_ALL_CURVES
100
AcDbLine
 62
5
  6
BYLAYER
 10
798.9396329764
 20
533.2395414999
 11
806.9457884375
 21
541.2456969609
  0
LINE
  5
75F
100
AcDbEntity
  8
5_ALL_CURVES
100
AcDbLine
 62
5
  6
BYLAYER
 10
813.7968219168
 20
548.0967304402
 11
821.7631421997
 21
556.0630507231
  0
LINE
  5
760
100
AcDbEntity
  8
5_ALL_CURVES
100
AcDbLine
 62
5
  6
BYLAYER
 10
986.9049789129
 20
721.2048874364
 11
994.1543361213
 21
728.4542446447
  0
LINE
  5
761
100
AcDbEntity
  8
5_ALL_CURVES
100
AcDbLine
 62
5
  6
BYLAYER
 10
1001.0053696006
 20
735.305278124
 11
1009.5691754763
 21
743.8690839997
  0
LINE
  5
762
100
AcDbEntity
  8
5_ALL_CURVES
100
AcDbLine
 62
5
  6
BYLAYER
 10
937.5137956147
 20
649.4283433022
 11
916.5623714478
 21
628.4769191352
  0
LINE
  5
763
100
AcDbEntity
  8
5_ALL_CURVES
100
AcDbLine
 62
5
  6
BYLAYER
 10
921.8599609703
 20
622.8606481872
 11
949.9014296857
 21
650.9021169026
  0
LINE
  5
764
100
AcDbEntity
  8
5_ALL_CURVES
100
AcDbLine
 62
5
  6
BYLAYER
 10
791.3716259026
 20
456.603528177
 11
798.2226593822
 21
463.4545616566
  0
LINE
  5
765
100
AcDbEntity
  8
5_ALL_CURVES
100
AcDbLine
 62
5
  6
BYLAYER
 10
816.7443621048
 20
481.9762643792
 11
823.5953955842
 21
488.8272978585
  0
LINE
  5
766
100
AcDbEntity
  8
5_ALL_CURVES
100
AcDbLine
 62
5
  6
BYLAYER
 10
841.479791562
 20
506.7116938364
 11
848.3308250413
 21
513.5627273157
  0
LINE
  5
767
100
AcDbEntity
  8
5_ALL_CURVES
100
AcDbLine
 62
5
  6
BYLAYER
 10
865.7372409607
 20
530.969143235
 11
872.58827444
 21
537.8201767143
  0
LINE
  5
768
100
AcDbEntity
  8
5_ALL_CURVES
100
AcDbLine
 62
5
  6
BYLAYER
 10
913.7343104949
 20
578.9662127693
 11
920.5853720274
 21
585.8172743017
  0
LINE
  5
769
100
AcDbEntity
  8
5_ALL_CURVES
100
AcDbLine
 62
5
  6
BYLAYER
 10
980.0141277886
 20
645.246030063
 11
986.8651612679
 21
652.0970635423
  0
LINE
  5
76A
100
AcDbEntity
  8
5_ALL_CURVES
100
AcDbLine
 62
5
  6
BYLAYER
 10
1005.3868639905
 20
670.6187662649
 11
1012.2378974699
 21
677.4697997442
  0
LINE
  5
76B
100
AcDbEntity
  8
5_ALL_CURVES
100
AcDbLine
 62
5
  6
BYLAYER
 10
1054.3797288201
 20
719.6116310945
 11
1061.2307622994
 21
726.4626645738
  0
LINE
  5
76C
100
AcDbEntity
  8
5_ALL_CURVES
100
AcDbLine
 62
5
  6
BYLAYER
 10
1119.7832283
 20
785.0151305743
 11
1126.6342617796
 21
791.8661640539
  0
LINE
  5
76D
100
AcDbEntity
  8
0
100
AcDbLine
 62
7
  6
BYLAYER
 10
434.4407368272
 20
755.5228519892
 11
433.5659892147
 21
755.8580692424
  0
LINE
  5
76E
100
AcDbEntity
  8
0
100
AcDbLine
 62
7
  6
BYLAYER
 10
434.6615961593
 20
755.9710518649
 11
433.7868485468
 21
756.3062691181
  0
LINE
  5
76F
100
AcDbEntity
  8
0
100
AcDbLine
 62
7
  6
BYLAYER
 10
434.7535209834
 20
756.0362834921
 11
433.8787733708
 21
756.3715007453
  0
LINE
  5
770
100
AcDbEntity
  8
0
100
AcDbLine
 62
7
  6
BYLAYER
 10
434.9743803155
 20
756.4844833678
 11
434.0996327029
 21
756.819700621
  0
LINE
  5
771
100
AcDbEntity
  8
0
100
AcDbLine
 62
5
  6
BYLAYER
 10
1024.4573679481
 20
488.8552044309
 11
1034.5683638662
 21
484.480207659
  0
LINE
  5
772
100
AcDbEntity
  8
0
100
AcDbLine
 62
5
  6
BYLAYER
 10
1035.1330864906
 20
485.7853304856
 11
1027.2801040633
 21
489.1832917791
  0
LINE
  5
773
100
AcDbEntity
  8
0
100
AcDbLine
 62
5
  6
BYLAYER
 10
1031.4545594509
 20
498.8308192146
 11
1029.1965459605
 21
499.807854693
  0
LINE
  5
774
100
AcDbEntity
  8
0
100
AcDbLine
 62
5
  6
BYLAYER
 10
1055.9349539112
 20
480.6798780682
 11
1054.2516789999
 21
482.4742547907
  0
LINE
  5
775
100
AcDbEntity
  8
0
100
AcDbLine
 62
5
  6
BYLAYER
 10
1048.2814415949
 20
488.8385479625
 11
1046.5981666835
 21
490.6329246849
  0
LINE
  5
776
100
AcDbEntity
  8
0
100
AcDbLine
 62
5
  6
BYLAYER
 10
1046.5981666835
 20
490.6329246849
 11
1040.5108360697
 21
484.9225012418
  0
LINE
  5
777
100
AcDbEntity
  8
0
100
AcDbLine
 62
5
  6
BYLAYER
 10
1042.3060753573
 20
483.2331564365
 11
1048.2814415949
 21
488.8385479625
  0
LINE
  5
778
100
AcDbEntity
  8
0
100
AcDbLine
 62
5
  6
BYLAYER
 10
1054.2516789999
 20
482.4742547907
 11
1048.5297061529
 21
477.1065673828
  0
LINE
  5
779
100
AcDbEntity
  8
0
100
AcDbLine
 62
5
  6
BYLAYER
 10
1050.0303021808
 20
475.1408226428
 11
1055.9349539112
 21
480.6798780682
  0
LINE
  5
77A
100
AcDbEntity
  8
0
100
AcDbLine
 62
5
  6
BYLAYER
 10
1029.1965459605
 20
499.807854693
 11
1024.4573679481
 21
488.8552044309
  0
LINE
  5
77B
100
AcDbEntity
  8
0
100
AcDbLine
 62
5
  6
BYLAYER
 10
1027.2801040633
 20
489.1832917791
 11
1031.4545594509
 21
498.8308192146
  0
LINE
  5
77C
100
AcDbEntity
  8
0
100
AcDbLine
 62
5
  6
BYLAYER
 10
1034.5683638662
 20
484.480207659
 11
1035.1330864906
 21
485.7853304856
  0
SPLINE
  5
77D
100
AcDbEntity
  8
0
100
AcDbSpline
 62
5
  6
BYLAYER
 70
0
 71
3
 72
8
 73
4
 74
0
 42
0.0000001
 43
0.0000001
 44
0.0000000001
 40
0.0
 40
0.0
 40
0.0
 40
0.0
 40
1.0
 40
1.0
 40
1.0
 40
1.0
 10
1040.5108360697
 20
484.9225012418
 30
0.0
 10
1039.6033346574
 20
484.0711892848
 30
0.0
 10
1039.3024941987
 20
482.9747084021
 30
0.0
 10
1039.6135719015
 20
481.6042341763
 30
0.0
  0
SPLINE
  5
77E
100
AcDbEntity
  8
0
100
AcDbSpline
 62
5
  6
BYLAYER
 70
0
 71
3
 72
8
 73
4
 74
0
 42
0.0000001
 43
0.0000001
 44
0.0000000001
 40
0.0
 40
0.0
 40
0.0
 40
0.0
 40
1.0
 40
1.0
 40
1.0
 40
1.0
 10
1039.6135719015
 20
481.6042341763
 30
0.0
 10
1039.9213524218
 20
480.248285913
 30
0.0
 10
1040.7980727622
 20
478.7940672157
 30
0.0
 10
1042.257461143
 20
477.2383542887
 30
0.0
  0
SPLINE
  5
77F
100
AcDbEntity
  8
0
100
AcDbSpline
 62
5
  6
BYLAYER
 70
0
 71
3
 72
8
 73
4
 74
0
 42
0.0000001
 43
0.0000001
 44
0.0000000001
 40
0.0
 40
0.0
 40
0.0
 40
0.0
 40
1.0
 40
1.0
 40
1.0
 40
1.0
 10
1042.257461143
 20
477.2383542887
 30
0.0
 10
1043.8661130511
 20
475.5235259397
 30
0.0
 10
1045.3796785711
 20
474.5005507518
 30
0.0
 10
1046.795541453
 20
474.1850404911
 30
0.0
  0
SPLINE
  5
780
100
AcDbEntity
  8
0
100
AcDbSpline
 62
5
  6
BYLAYER
 70
0
 71
3
 72
8
 73
4
 74
0
 42
0.0000001
 43
0.0000001
 44
0.0000000001
 40
0.0
 40
0.0
 40
0.0
 40
0.0
 40
1.0
 40
1.0
 40
1.0
 40
1.0
 10
1046.795541453
 20
474.1850404911
 30
0.0
 10
1047.9848964586
 20
473.9200051458
 30
0.0
 10
1049.0638720131
 20
474.2342306017
 30
0.0
 10
1050.0303021808
 20
475.1408226428
 30
0.0
  0
SPLINE
  5
781
100
AcDbEntity
  8
0
100
AcDbSpline
 62
5
  6
BYLAYER
 70
0
 71
3
 72
8
 73
4
 74
0
 42
0.0000001
 43
0.0000001
 44
0.0000000001
 40
0.0
 40
0.0
 40
0.0
 40
0.0
 40
1.0
 40
1.0
 40
1.0
 40
1.0
 10
1048.5297061529
 20
477.1065673828
 30
0.0
 10
1047.7695262412
 20
476.3934552709
 30
0.0
 10
1047.0176875235
 20
476.1202248353
 30
0.0
 10
1046.2811136554
 20
476.2859814816
 30
0.0
  0
SPLINE
  5
782
100
AcDbEntity
  8
0
100
AcDbSpline
 62
5
  6
BYLAYER
 70
0
 71
3
 72
8
 73
4
 74
0
 42
0.0000001
 43
0.0000001
 44
0.0000000001
 40
0.0
 40
0.0
 40
0.0
 40
0.0
 40
1.0
 40
1.0
 40
1.0
 40
1.0
 10
1046.2811136554
 20
476.2859814816
 30
0.0
 10
1045.3746385423
 20
476.4899722569
 30
0.0
 10
1044.4314973497
 20
477.1174499171
 30
0.0
 10
1043.4530413209
 20
478.1604873382
 30
0.0
  0
SPLINE
  5
783
100
AcDbEntity
  8
0
100
AcDbSpline
 62
5
  6
BYLAYER
 70
0
 71
3
 72
8
 73
4
 74
0
 42
0.0000001
 43
0.0000001
 44
0.0000000001
 40
0.0
 40
0.0
 40
0.0
 40
0.0
 40
1.0
 40
1.0
 40
1.0
 40
1.0
 10
1043.4530413209
 20
478.1604873382
 30
0.0
 10
1041.4049149341
 20
480.343796961
 30
0.0
 10
1041.0214305568
 20
482.0280525492
 30
0.0
 10
1042.3060753573
 20
483.2331564365
 30
0.0
  0
HATCH
  5
784
100
AcDbEntity
  8
0
100
AcDbHatch
 62
5
  6
BYLAYER
 10
0.0
 20
0.0
 30
0.0
210
0.0
220
0.0
230
1.0
  2
SOLID
 70
1
 71
1
 91
2
 92
1
 93
6
 72
1
 10
1034.5683638662
 20
484.480207659
 11
1035.1330864906
 21
485.7853304856
 72
1
 10
1035.1330864906
 20
485.7853304856
 11
1027.2801040633
 21
489.1832917791
 72
1
 10
1027.2801040633
 20
489.1832917791
 11
1031.4545594509
 21
498.8308192146
 72
1
 10
1031.4545594509
 20
498.8308192146
 11
1029.1965459605
 21
499.807854693
 72
1
 10
1029.1965459605
 20
499.807854693
 11
1024.4573679481
 21
488.8552044309
 72
1
 10
1024.4573679481
 20
488.8552044309
 11
1034.5683638662
 21
484.480207659
 97
19
330
771
330
772
330
773
330
774
330
775
330
776
330
777
330
778
330
779
330
77A
330
77B
330
77C
330
77D
330
77E
330
77F
330
780
330
781
330
782
330
783
 92
1
 93
13
 72
1
 10
1054.2516789999
 20
482.4742547907
 11
1048.5297061529
 21
477.1065673828
 72
4
 94
3
 73
0
 74
0
 95
8
 96
4
 40
0.0
 40
0.0
 40
0.0
 40
0.0
 40
1.0
 40
1.0
 40
1.0
 40
1.0
 10
1048.5297061529
 20
477.1065673828
 10
1047.7695262412
 20
476.3934552709
 10
1047.0176875235
 20
476.1202248353
 10
1046.2811136554
 20
476.2859814816
 72
4
 94
3
 73
0
 74
0
 95
8
 96
4
 40
0.0
 40
0.0
 40
0.0
 40
0.0
 40
1.0
 40
1.0
 40
1.0
 40
1.0
 10
1046.2811136554
 20
476.2859814816
 10
1045.3746385423
 20
476.4899722569
 10
1044.4314973497
 20
477.1174499171
 10
1043.4530413209
 20
478.1604873382
 72
4
 94
3
 73
0
 74
0
 95
8
 96
4
 40
0.0
 40
0.0
 40
0.0
 40
0.0
 40
1.0
 40
1.0
 40
1.0
 40
1.0
 10
1043.4530413209
 20
478.1604873382
 10
1041.4049149341
 20
480.343796961
 10
1041.0214305568
 20
482.0280525492
 10
1042.3060753573
 20
483.2331564365
 72
1
 10
1042.3060753573
 20
483.2331564365
 11
1048.2814415949
 21
488.8385479625
 72
1
 10
1048.2814415949
 20
488.8385479625
 11
1046.5981666835
 21
490.6329246849
 72
1
 10
1046.5981666835
 20
490.6329246849
 11
1040.5108360697
 21
484.9225012418
 72
4
 94
3
 73
0
 74
0
 95
8
 96
4
 40
0.0
 40
0.0
 40
0.0
 40
0.0
 40
1.0
 40
1.0
 40
1.0
 40
1.0
 10
1040.5108360697
 20
484.9225012418
 10
1039.6033346574
 20
484.0711892848
 10
1039.3024941987
 20
482.9747084021
 10
1039.6135719015
 20
481.6042341763
 72
4
 94
3
 73
0
 74
0
 95
8
 96
4
 40
0.0
 40
0.0
 40
0.0
 40
0.0
 40
1.0
 40
1.0
 40
1.0
 40
1.0
 10
1039.6135719015
 20
481.6042341763
 10
1039.9213524218
 20
480.248285913
 10
1040.7980727622
 20
478.7940672157
 10
1042.257461143
 20
477.2383542887
 72
4
 94
3
 73
0
 74
0
 95
8
 96
4
 40
0.0
 40
0.0
 40
0.0
 40
0.0
 40
1.0
 40
1.0
 40
1.0
 40
1.0
 10
1042.257461143
 20
477.2383542887
 10
1043.8661130511
 20
475.5235259397
 10
1045.3796785711
 20
474.5005507518
 10
1046.795541453
 20
474.1850404911
 72
4
 94
3
 73
0
 74
0
 95
8
 96
4
 40
0.0
 40
0.0
 40
0.0
 40
0.0
 40
1.0
 40
1.0
 40
1.0
 40
1.0
 10
1046.795541453
 20
474.1850404911
 10
1047.9848964586
 20
473.9200051458
 10
1049.0638720131
 20
474.2342306017
 10
1050.0303021808
 20
475.1408226428
 72
1
 10
1050.0303021808
 20
475.1408226428
 11
1055.9349539112
 21
480.6798780682
 72
1
 10
1055.9349539112
 20
480.6798780682
 11
1054.2516789999
 21
482.4742547907
 97
19
330
771
330
772
330
773
330
774
330
775
330
776
330
777
330
778
330
779
330
77A
330
77B
330
77C
330
77D
330
77E
330
77F
330
780
330
781
330
782
330
783
 75
0
 76
1
 98
1
 10
0.0
 20
0.0
  0
LINE
  5
785
100
AcDbEntity
  8
5_ALL_CURVES
100
AcDbLine
 62
5
  6
BYLAYER
 10
1024.4573679481
 20
488.8552044309
 11
1034.5683638662
 21
484.480207659
  0
LINE
  5
786
100
AcDbEntity
  8
5_ALL_CURVES
100
AcDbLine
 62
5
  6
BYLAYER
 10
1035.1330864906
 20
485.7853304856
 11
1027.2801040633
 21
489.1832917791
  0
LINE
  5
787
100
AcDbEntity
  8
5_ALL_CURVES
100
AcDbLine
 62
5
  6
BYLAYER
 10
1031.4545594509
 20
498.8308192146
 11
1029.1965459605
 21
499.807854693
  0
LINE
  5
788
100
AcDbEntity
  8
0
100
AcDbLine
 62
7
  6
BYLAYER
 10
434.4629833832
 20
762.2963457007
 11
434.5141896783
 21
762.2734265426
  0
LINE
  5
789
100
AcDbEntity
  8
0
100
AcDbLine
 62
5
  6
BYLAYER
 10
1050.1413171881
 20
466.4879388514
 11
1055.9251532519
 21
463.5894083875
  0
LINE
  5
78A
100
AcDbEntity
  8
0
100
AcDbLine
 62
5
  6
BYLAYER
 10
1057.7680012803
 20
462.6437301202
 11
1064.9015197599
 21
459.0038701131
  0
LINE
  5
78B
100
AcDbEntity
  8
0
100
AcDbLine
 62
5
  6
BYLAYER
 10
1056.8905435565
 20
465.3537927835
 11
1049.3066922004
 21
469.2237411423
  0
LINE
  5
78C
100
AcDbEntity
  8
0
100
AcDbLine
 62
5
  6
BYLAYER
 10
1064.0845790884
 20
461.6817053018
 11
1058.7227813354
 21
464.4428948809
  0
LINE
  5
78D
100
AcDbEntity
  8
0
100
AcDbLine
 62
5
  6
BYLAYER
 10
1049.3066922004
 20
469.2237411423
 11
1050.1413171881
 21
466.4879388514
  0
LINE
  5
78E
100
AcDbEntity
  8
0
100
AcDbLine
 62
5
  6
BYLAYER
 10
1052.8149466392
 20
457.7240967833
 11
1053.6672534521
 21
454.9303355544
  0
LINE
  5
78F
100
AcDbEntity
  8
0
100
AcDbLine
 62
5
  6
BYLAYER
 10
1064.9015197599
 20
459.0038701131
 11
1064.0845790884
 21
461.6817053018
  0
LINE
  5
790
100
AcDbEntity
  8
0
100
AcDbLine
 62
5
  6
BYLAYER
 10
1061.591314715
 20
469.8543319141
 11
1060.7283973125
 21
472.6828734044
  0
LINE
  5
791
100
AcDbEntity
  8
0
100
AcDbLine
 62
5
  6
BYLAYER
 10
1060.7283973125
 20
472.6828734044
 11
1056.8905435565
 21
465.3537927835
  0
LINE
  5
792
100
AcDbEntity
  8
0
100
AcDbLine
 62
5
  6
BYLAYER
 10
1058.7227813354
 20
464.4428948809
 11
1061.591314715
 21
469.8543319141
  0
LINE
  5
793
100
AcDbEntity
  8
0
100
AcDbLine
 62
5
  6
BYLAYER
 10
1055.9251532519
 20
463.5894083875
 11
1052.8149466392
 21
457.7240967833
  0
LINE
  5
794
100
AcDbEntity
  8
0
100
AcDbLine
 62
5
  6
BYLAYER
 10
1053.6672534521
 20
454.9303355544
 11
1057.7680012803
 21
462.6437301202
  0
CIRCLE
  5
795
100
AcDbEntity
  8
0
100
AcDbCircle
 62
5
  6
BYLAYER
 10
1059.8125465685
 20
450.6140188334
 40
3.4425
  0
HATCH
  5
796
100
AcDbEntity
  8
0
100
AcDbHatch
 62
5
  6
BYLAYER
 10
0.0
 20
0.0
 30
0.0
210
0.0
220
0.0
230
1.0
  2
SOLID
 70
1
 71
1
 91
2
 92
1
 93
12
 72
1
 10
1055.9251532519
 20
463.5894083875
 11
1052.8149466392
 21
457.7240967833
 72
1
 10
1052.8149466392
 20
457.7240967833
 11
1053.6672534521
 21
454.9303355544
 72
1
 10
1053.6672534521
 20
454.9303355544
 11
1057.7680012803
 21
462.6437301202
 72
1
 10
1057.7680012803
 20
462.6437301202
 11
1064.9015197599
 21
459.0038701131
 72
1
 10
1064.9015197599
 20
459.0038701131
 11
1064.0845790884
 21
461.6817053018
 72
1
 10
1064.0845790884
 20
461.6817053018
 11
1058.7227813354
 21
464.4428948809
 72
1
 10
1058.7227813354
 20
464.4428948809
 11
1061.591314715
 21
469.8543319141
 72
1
 10
1061.591314715
 20
469.8543319141
 11
1060.7283973125
 21
472.6828734044
 72
1
 10
1060.7283973125
 20
472.6828734044
 11
1056.8905435565
 21
465.3537927835
 72
1
 10
1056.8905435565
 20
465.3537927835
 11
1049.3066922004
 21
469.2237411423
 72
1
 10
1049.3066922004
 20
469.2237411423
 11
1050.1413171881
 21
466.4879388514
 72
1
 10
1050.1413171881
 20
466.4879388514
 11
1055.9251532519
 21
463.5894083875
 97
13
330
789
330
78A
330
78B
330
78C
330
78D
330
78E
330
78F
330
790
330
791
330
792
330
793
330
794
330
795
 92
1
 93
1
 72
2
 10
1059.8125465685
 20
450.6140188334
 40
3.4425
 50
0.0
 51
360.0
 73
1
 97
13
330
789
330
78A
330
78B
330
78C
330
78D
330
78E
330
78F
330
790
330
791
330
792
330
793
330
794
330
795
 75
0
 76
1
 98
1
 10
0.0
 20
0.0
  0
LINE
  5
797
100
AcDbEntity
  8
5_ALL_CURVES
100
AcDbLine
 62
5
  6
BYLAYER
 10
1050.1413171881
 20
466.4879388514
 11
1055.9251532519
 21
463.5894083875
  0
LINE
  5
798
100
AcDbEntity
  8
5_ALL_CURVES
100
AcDbLine
 62
5
  6
BYLAYER
 10
1057.7680012803
 20
462.6437301202
 11
1064.9015197599
 21
459.0038701131
  0
LINE
  5
799
100
AcDbEntity
  8
5_ALL_CURVES
100
AcDbLine
 62
5
  6
BYLAYER
 10
1056.8905435565
 20
465.3537927835
 11
1049.3066922004
 21
469.2237411423
  0
LINE
  5
79A
100
AcDbEntity
  8
0
100
AcDbLine
 62
7
  6
BYLAYER
 10
433.6837416859
 20
762.582746258
 11
433.5882357706
 21
762.6315629539
  0
LINE
  5
79B
100
AcDbEntity
  8
0
100
AcDbLine
 62
7
  6
BYLAYER
 10
434.4629833832
 20
762.2963457007
 11
434.5337928652
 21
762.2601522885
  0
LINE
  5
79C
100
AcDbEntity
  8
5_ALL_CURVES
100
AcDbLine
 62
5
  6
BYLAYER
 10
1064.0845790884
 20
461.6817053018
 11
1058.7227813354
 21
464.4428948809
  0
LINE
  5
79D
100
AcDbEntity
  8
5_ALL_CURVES
100
AcDbLine
 62
5
  6
BYLAYER
 10
966.8566570294
 20
471.9586644019
 11
976.9786293968
 21
465.636795106
  0
LINE
  5
79E
100
AcDbEntity
  8
5_ALL_CURVES
100
AcDbLine
 62
5
  6
BYLAYER
 10
978.2691123495
 20
467.7029929618
 11
970.018025864
 21
472.8563650929
  0
LINE
  5
79F
100
AcDbEntity
  8
5_ALL_CURVES
100
AcDbLine
 62
5
  6
BYLAYER
 10
972.7826074485
 20
481.446729337
 11
980.6704816737
 21
476.5202082925
  0
LINE
  5
7A0
100
AcDbEntity
  8
5_ALL_CURVES
100
AcDbLine
 62
5
  6
BYLAYER
 10
984.2079028521
 20
477.2116162108
 11
974.0859304847
 21
483.5334855068
  0
LINE
  5
7A1
100
AcDbEntity
  8
5_ALL_CURVES
100
AcDbLine
 62
5
  6
BYLAYER
 10
1030.3094939626
 20
438.4599971696
 11
1029.6458007456
 21
438.8826376531
  0
LINE
  5
7A2
100
AcDbEntity
  8
5_ALL_CURVES
100
AcDbLine
 62
5
  6
BYLAYER
 10
1049.5671886737
 20
422.6055125092
 11
1046.1167105469
 21
424.8232050426
  0
LINE
  5
7A3
100
AcDbEntity
  8
5_ALL_CURVES
100
AcDbLine
 62
5
  6
BYLAYER
 10
1050.2620656851
 20
423.6866623503
 11
1046.8115875587
 21
425.9043548833
  0
LINE
  5
7A4
100
AcDbEntity
  8
5_ALL_CURVES
100
AcDbLine
 62
5
  6
BYLAYER
 10
1050.0543504806
 20
430.949726307
 11
1053.5048286074
 21
428.732033774
  0
LINE
  5
7A5
100
AcDbEntity
  8
5_ALL_CURVES
100
AcDbLine
 62
5
  6
BYLAYER
 10
1050.7492274924
 20
432.0308761482
 11
1054.1997056188
 21
429.8131836147
  0
LINE
  5
7A6
100
AcDbEntity
  8
0
100
AcDbLine
 62
7
420
26316
  6
BYLAYER
 10
783.6316773854
 20
601.2190999198
 11
747.264705354
 21
625.6649973612
  0
LINE
  5
7A7
100
AcDbEntity
  8
0
100
AcDbLine
 62
7
420
26316
  6
BYLAYER
 10
767.0082680842
 20
628.2344123153
 11
730.6955814909
 21
652.6438190584
  0
LINE
  5
7A8
100
AcDbEntity
  8
0
100
AcDbLine
 62
4
  6
BYLAYER
 10
1514.4046421967
 20
35.768539156
 11
1514.2254717989
 21
35.9070593979
  0
LINE
  5
7A9
100
AcDbEntity
  8
0
100
AcDbLine
 62
4
  6
BYLAYER
 10
1512.2026194637
 20
32.3178128485
 11
1512.3819703639
 21
32.1791128393
  0
LINE
  5
7AA
100
AcDbEntity
  8
0
100
AcDbLine
 62
3
  6
BYLAYER
 10
1524.9341530065
 20
32.3496751648
 11
1525.0156858314
 21
32.2853998683
  0
LINE
  5
7AB
100
AcDbEntity
  8
5_ALL_CURVES
100
AcDbLine
 62
5
  6
BYLAYER
 10
1020.438822099
 20
413.3073970454
 11
1019.5088630082
 21
414.0437688153
  0
LINE
  5
7AC
100
AcDbEntity
  8
5_ALL_CURVES
100
AcDbLine
 62
5
  6
BYLAYER
 10
974.9812141768
 20
423.1751880933
 11
974.2840996808
 21
423.7434410818
  0
LINE
  5
7AD
100
AcDbEntity
  8
5_ALL_CURVES
100
AcDbLine
 62
5
  6
BYLAYER
 10
980.6670159557
 20
430.9755299848
 11
981.3641304516
 21
430.4072769964
  0
LINE
  5
7AE
100
AcDbEntity
  8
5_ALL_CURVES
100
AcDbLine
 62
5
  6
BYLAYER
 10
968.3203622303
 20
433.2381083982
 11
967.5444162382
 21
433.8946952872
  0
LINE
  5
7AF
100
AcDbEntity
  8
5_ALL_CURVES
100
AcDbLine
 62
5
  6
BYLAYER
 10
998.9475220844
 20
417.1263255461
 11
999.7912633367
 21
416.4122411051
  0
LINE
  5
7B0
100
AcDbEntity
  8
5_ALL_CURVES
100
AcDbLine
 62
5
  6
BYLAYER
 10
977.3181058133
 20
442.0801671802
 11
978.0940518274
 21
441.4235799772
  0
LINE
  5
7B1
100
AcDbEntity
  8
5_ALL_CURVES
100
AcDbLine
 62
5
  6
BYLAYER
 10
978.2662972089
 20
416.0106621616
 11
979.2340177367
 21
415.1649321986
  0
LINE
  5
7B2
100
AcDbEntity
  8
5_ALL_CURVES
100
AcDbLine
 62
5
  6
BYLAYER
 10
983.266182142
 20
411.641061251
 11
984.3951877326
 21
410.6543777725
  0
LINE
  5
7B3
100
AcDbEntity
  8
5_ALL_CURVES
100
AcDbLine
 62
5
  6
BYLAYER
 10
983.0128076385
 20
419.4887858139
 11
985.7546786222
 21
417.0925542792
  0
LINE
  5
7B4
100
AcDbEntity
  8
5_ALL_CURVES
100
AcDbLine
 62
5
  6
BYLAYER
 10
984.0924617524
 20
420.7241723965
 11
987.1569065525
 21
418.0460306054
  0
LINE
  5
7B5
100
AcDbEntity
  8
5_ALL_CURVES
100
AcDbLine
 62
5
  6
BYLAYER
 10
989.8560423407
 20
421.1344976382
 11
986.7915975407
 21
423.8126394293
  0
LINE
  5
7B6
100
AcDbEntity
  8
5_ALL_CURVES
100
AcDbLine
 62
5
  6
BYLAYER
 10
990.5944681168
 20
422.3049407784
 11
986.7235887738
 21
425.687858211
  0
LINE
  5
7B7
100
AcDbEntity
  8
5_ALL_CURVES
100
AcDbLine
 62
5
  6
BYLAYER
 10
973.7240303328
 20
422.0994538509
 11
972.9098955251
 21
422.8471171557
  0
LINE
  5
7B8
100
AcDbEntity
  8
5_ALL_CURVES
100
AcDbLine
 62
5
  6
BYLAYER
 10
981.9242003288
 20
432.0512631091
 11
982.7383344467
 21
431.3036008178
  0
LINE
  5
7B9
100
AcDbEntity
  8
5_ALL_CURVES
100
AcDbLine
 62
5
  6
BYLAYER
 10
1003.1674042214
 20
402.5230718935
 11
1002.4228384409
 21
403.2150365411
  0
LINE
  5
7BA
100
AcDbEntity
  8
5_ALL_CURVES
100
AcDbLine
 62
5
  6
BYLAYER
 10
1009.1715798996
 20
413.9349591126
 11
1009.9161505162
 21
413.2429936548
  0
LINE
  5
7BB
100
AcDbEntity
  8
5_ALL_CURVES
100
AcDbLine
 62
5
  6
BYLAYER
 10
802.6439714172
 20
574.8635681333
 11
796.9082177279
 21
580.5993218226
  0
LINE
  5
7BC
100
AcDbEntity
  8
5_ALL_CURVES
100
AcDbLine
 62
5
  6
BYLAYER
 10
821.7631421997
 20
556.0630507231
 11
815.9875568388
 21
561.838636084
  0
LINE
  5
7BD
100
AcDbEntity
  8
5_ALL_CURVES
100
AcDbLine
 62
5
  6
BYLAYER
 10
808.8975368366
 20
587.8088473591
 11
817.7003222216
 21
579.006061974
  0
LINE
  5
7BE
100
AcDbEntity
  8
5_ALL_CURVES
100
AcDbLine
 62
5
  6
BYLAYER
 10
825.4276524753
 20
571.2787317204
 11
865.7372409607
 21
530.969143235
  0
LINE
  5
7BF
100
AcDbEntity
  8
5_ALL_CURVES
100
AcDbLine
 62
5
  6
BYLAYER
 10
872.58827444
 20
537.8201767143
 11
832.2786859546
 21
578.1297651997
  0
LINE
  5
7C0
100
AcDbEntity
  8
5_ALL_CURVES
100
AcDbLine
 62
5
  6
BYLAYER
 10
824.551355701
 20
585.8570954534
 11
815.7485703159
 21
594.6598808384
  0
LINE
  5
7C1
100
AcDbEntity
  8
5_ALL_CURVES
100
AcDbLine
 62
5
  6
BYLAYER
 10
1019.9016324124
 20
412.1581658989
 11
1019.4238330346
 21
412.6624728204
  0
LINE
  5
7C2
100
AcDbEntity
  8
5_ALL_CURVES
100
AcDbLine
 62
5
  6
BYLAYER
 10
999.0009783512
 20
415.2761687202
 11
998.5425444571
 21
415.8029953182
  0
LINE
  5
7C3
100
AcDbEntity
  8
5_ALL_CURVES
100
AcDbLine
 62
5
  6
BYLAYER
 10
1003.672964716
 20
404.0985478503
 11
1003.1391085018
 21
404.7520194021
  0
LINE
  5
7C4
100
AcDbEntity
  8
0
100
AcDbLine
 62
7
420
26316
  6
BYLAYER
 10
757.4790567918
 20
679.4272943593
 11
798.0202436656
 21
615.6076662001
  0
LINE
  5
7C5
100
AcDbEntity
  8
0
100
AcDbLine
 62
7
420
26316
  6
BYLAYER
 10
743.8889067025
 20
665.83714427
 11
767.0082680842
 21
628.2344123153
  0
LINE
  5
7C6
100
AcDbEntity
  8
0
100
AcDbLine
 62
2
  6
BYLAYER
 10
895.4009675855
 20
294.1030683786
 11
895.4009675855
 21
254.1030683786
  0
LWPOLYLINE
  5
7C7
100
AcDbEntity
  8
0
100
AcDbPolyline
 62
7
  6
BYLAYER
 90
2
 70
0
 43
0.6
 10
896.5
 20
28.0
 10
896.5
 20
20.0
  0
LWPOLYLINE
  5
7C8
100
AcDbEntity
  8
0
100
AcDbPolyline
 62
7
  6
BYLAYER
 90
2
 70
0
 43
0.6
 10
896.5
 20
1080.0
 10
896.5
 20
1088.0
  0
LINE
  5
7C9
100
AcDbEntity
  8
0
100
AcDbLine
 62
7
  6
BYLAYER
 10
1099.3906842351
 20
947.1665216349
 11
1099.4416895131
 21
947.2700289625
  0
LINE
  5
7CA
100
AcDbEntity
  8
0
100
AcDbLine
 62
7
  6
BYLAYER
 10
1100.3164371256
 20
946.9348117093
 11
1100.2654318477
 21
946.8313043817
  0
LINE
  5
7CB
100
AcDbEntity
  8
0
100
AcDbLine
 62
7
  6
BYLAYER
 10
439.7826194756
 20
603.3547295464
 11
439.9728598376
 21
603.3713905406
  0
LINE
  5
7CC
100
AcDbEntity
  8
0
100
AcDbLine
 62
7
  6
BYLAYER
 10
433.9314592019
 20
762.1755837103
 11
434.8062068145
 21
761.8403664571
  0
LINE
  5
7CD
100
AcDbEntity
  8
0
100
AcDbLine
 62
7
  6
BYLAYER
 10
433.6837416859
 20
762.582746258
 11
434.5445409924
 21
762.2528742184
  0
LINE
  5
7CE
100
AcDbEntity
  8
0
100
AcDbLine
 62
7
  6
BYLAYER
 10
433.5882357706
 20
762.6315629539
 11
434.4629833832
 21
762.2963457007
  0
LINE
  5
7CF
100
AcDbEntity
  8
0
100
AcDbLine
 62
7
  6
BYLAYER
 10
433.3405182545
 20
763.0387255016
 11
434.2152658671
 21
762.7035082484
  0
LINE
  5
7D0
100
AcDbEntity
  8
0
100
AcDbLine
 62
7
  6
BYLAYER
 10
1112.799741511
 20
543.9452122422
 11
1112.9735094118
 21
543.8786216079
  0
LINE
  5
7D1
100
AcDbEntity
  8
0
100
AcDbLine
 62
7
  6
BYLAYER
 10
430.4583730981
 20
865.3022411427
 11
430.3628671829
 21
865.3510578387
  0
LINE
  5
7D2
100
AcDbEntity
  8
0
100
AcDbLine
 62
7
  6
BYLAYER
 10
431.2376147954
 20
865.0158405855
 11
431.3084242775
 21
864.9796471733
  0
LINE
  5
7D3
100
AcDbEntity
  8
0
100
AcDbLine
 62
3
  6
BYLAYER
 10
1523.8786036358
 20
31.1872214347
 11
1523.6966519123
 21
31.3402429717
  0
LINE
  5
7D4
100
AcDbEntity
  8
0
100
AcDbLine
 62
4
  6
BYLAYER
 10
1515.2366241896
 20
37.1522251328
 11
1515.5934041409
 21
36.8432697647
  0
LINE
  5
7D5
100
AcDbEntity
  8
5_ALL_CURVES
100
AcDbLine
 62
5
  6
BYLAYER
 10
1046.1167105469
 20
424.8232050426
 11
1045.082367004
 21
425.7426333712
  0
LINE
  5
7D6
100
AcDbEntity
  8
5_ALL_CURVES
100
AcDbLine
 62
5
  6
BYLAYER
 10
1054.1997056188
 20
429.8131836147
 11
1055.2340485177
 21
428.8937557006
  0
LINE
  5
7D7
100
AcDbEntity
  8
0
100
AcDbLine
 62
4
  6
BYLAYER
 10
1511.3386460107
 20
30.9576395688
 11
1510.9857199639
 21
31.2716146566
  0
LINE
  5
7D8
100
AcDbEntity
  8
5_ALL_CURVES
100
AcDbLine
 62
5
  6
BYLAYER
 10
1049.6211208474
 20
416.3095763552
 11
1040.2382241895
 21
425.0922384978
  0
LINE
  5
7D9
100
AcDbEntity
  8
5_ALL_CURVES
100
AcDbLine
 62
5
  6
BYLAYER
 10
1041.1164904038
 20
426.0305281637
 11
1050.4993870617
 21
417.247866021
  0
LINE
  5
7DA
100
AcDbEntity
  8
5_ALL_CURVES
100
AcDbLine
 62
5
  6
BYLAYER
 10
1046.8115875587
 20
425.9043548833
 11
1046.0072765137
 21
426.6759366428
  0
LINE
  5
7DB
100
AcDbEntity
  8
5_ALL_CURVES
100
AcDbLine
 62
5
  6
BYLAYER
 10
1053.5048286074
 20
428.732033774
 11
1054.3091396525
 21
427.9604520145
  0
LINE
  5
7DC
100
AcDbEntity
  8
5_ALL_CURVES
100
AcDbLine
 62
5
  6
BYLAYER
 10
854.9030263002
 20
637.797496964
 11
882.984309154
 21
609.7162141103
  0
LINE
  5
7DD
100
AcDbEntity
  8
5_ALL_CURVES
100
AcDbLine
 62
5
  6
BYLAYER
 10
904.334050913
 20
588.3664723513
 11
913.7343104949
 21
578.9662127693
  0
LINE
  5
7DE
100
AcDbEntity
  8
5_ALL_CURVES
100
AcDbLine
 62
5
  6
BYLAYER
 10
920.5853720274
 20
585.8172743017
 11
861.7540878326
 21
644.6485584965
  0
LINE
  5
7DF
100
AcDbEntity
  8
5_ALL_CURVES
100
AcDbLine
 62
5
  6
BYLAYER
 10
1008.6660242585
 20
412.3594824397
 11
1009.1998805067
 21
411.7060110761
  0
LINE
  5
7E0
100
AcDbEntity
  8
5_ALL_CURVES
100
AcDbLine
 62
5
  6
BYLAYER
 10
1033.4616040663
 20
417.7430066602
 11
1032.6416538842
 21
418.8370862647
  0
LINE
  5
7E1
100
AcDbEntity
  8
5_ALL_CURVES
100
AcDbLine
 62
5
  6
BYLAYER
 10
1043.0916771002
 20
410.6080768332
 11
1036.2040946523
 21
419.7983467347
  0
LINE
  5
7E2
100
AcDbEntity
  8
5_ALL_CURVES
100
AcDbLine
 62
5
  6
BYLAYER
 10
1037.232529603
 20
420.5690999978
 11
1044.1201120508
 21
411.3788300964
  0
LINE
  5
7E3
100
AcDbEntity
  8
5_ALL_CURVES
100
AcDbLine
 62
5
  6
BYLAYER
 10
1039.15507393
 20
423.7185226167
 11
1039.9750241121
 21
422.6244430127
  0
LINE
  5
7E4
100
AcDbEntity
  8
5_ALL_CURVES
100
AcDbLine
 62
5
  6
BYLAYER
 10
1027.9186380192
 20
416.7237082675
 11
1035.7456154457
 21
405.9692670546
  0
LINE
  5
7E5
100
AcDbEntity
  8
5_ALL_CURVES
100
AcDbLine
 62
5
  6
BYLAYER
 10
1021.1811681518
 20
412.2786952781
 11
1020.438822099
 21
413.3073970454
  0
LINE
  5
7E6
100
AcDbEntity
  8
5_ALL_CURVES
100
AcDbLine
 62
5
  6
BYLAYER
 10
1034.5467076297
 20
405.506277758
 11
1032.5653384723
 21
408.2586606289
  0
LINE
  5
7E7
100
AcDbEntity
  8
5_ALL_CURVES
100
AcDbLine
 62
5
  6
BYLAYER
 10
1027.5133980141
 20
415.3947011919
 11
1031.9714855814
 21
409.2018421134
  0
LINE
  5
7E8
100
AcDbEntity
  8
5_ALL_CURVES
100
AcDbLine
 62
5
  6
BYLAYER
 10
968.5334807696
 20
435.3223232956
 11
969.0482272862
 21
434.5848166156
  0
LINE
  5
7E9
100
AcDbEntity
  8
5_ALL_CURVES
100
AcDbLine
 62
5
  6
BYLAYER
 10
977.1049874108
 20
439.9959521648
 11
976.5902409851
 21
440.7334585519
  0
LINE
  5
7EA
100
AcDbEntity
  8
5_ALL_CURVES
100
AcDbLine
 62
5
  6
BYLAYER
 10
991.2209575381
 20
421.394269793
 11
990.5944681168
 21
422.3049407784
  0
LINE
  5
7EB
100
AcDbEntity
  8
0
100
AcDbLine
 62
1
  6
BYLAYER
 10
803.3742251473
 20
756.7736672453
 11
857.1830582632
 21
674.7704807977
  0
LINE
  5
7EC
100
AcDbEntity
  8
5_ALL_CURVES
100
AcDbLine
 62
5
  6
BYLAYER
 10
972.9098955251
 20
422.8471171557
 11
971.9737352011
 21
424.282396713
  0
LINE
  5
7ED
100
AcDbEntity
  8
5_ALL_CURVES
100
AcDbLine
 62
5
  6
BYLAYER
 10
974.2840996808
 20
423.7434410818
 11
973.3479393568
 21
425.178720639
  0
LINE
  5
7EE
100
AcDbEntity
  8
5_ALL_CURVES
100
AcDbLine
 62
5
  6
BYLAYER
 10
981.3641304516
 20
430.4072769964
 11
982.3002907756
 21
428.9719974391
  0
LINE
  5
7EF
100
AcDbEntity
  8
5_ALL_CURVES
100
AcDbLine
 62
5
  6
BYLAYER
 10
982.7383344467
 20
431.3036008178
 11
983.6744947706
 21
429.8683212605
  0
LINE
  5
7F0
100
AcDbEntity
  8
5_ALL_CURVES
100
AcDbLine
 62
5
  6
BYLAYER
 10
967.5444162382
 20
433.8946952872
 11
966.9662830577
 21
434.8368081334
  0
LINE
  5
7F1
100
AcDbEntity
  8
5_ALL_CURVES
100
AcDbLine
 62
5
  6
BYLAYER
 10
978.0940518274
 20
441.4235799772
 11
978.6721849401
 21
440.4814672701
  0
LINE
  5
7F2
100
AcDbEntity
  8
5_ALL_CURVES
100
AcDbLine
 62
5
  6
BYLAYER
 10
1002.4228384409
 20
403.2150365411
 11
1001.7765498737
 21
404.4449920548
  0
LINE
  5
7F3
100
AcDbEntity
  8
5_ALL_CURVES
100
AcDbLine
 62
5
  6
BYLAYER
 10
990.1599597913
 20
420.5057352962
 11
989.8560423407
 21
421.1344976382
  0
LINE
  5
7F4
100
AcDbEntity
  8
5_ALL_CURVES
100
AcDbLine
 62
5
  6
BYLAYER
 10
966.3958028314
 20
436.6782651568
 11
966.3400689175
 21
437.7822162398
  0
LINE
  5
7F5
100
AcDbEntity
  8
5_ALL_CURVES
100
AcDbLine
 62
5
  6
BYLAYER
 10
979.2426651664
 20
438.6400102466
 11
979.2983991482
 21
437.5360590246
  0
LINE
  5
7F6
100
AcDbEntity
  8
5_ALL_CURVES
100
AcDbLine
 62
5
  6
BYLAYER
 10
971.6176691017
 20
425.3288336244
 11
971.6076566634
 21
426.345248563
  0
LINE
  5
7F7
100
AcDbEntity
  8
5_ALL_CURVES
100
AcDbLine
 62
5
  6
BYLAYER
 10
967.9706532938
 20
438.0631250751
 11
967.9630005433
 21
437.1637803191
  0
LINE
  5
7F8
100
AcDbEntity
  8
5_ALL_CURVES
100
AcDbLine
 62
5
  6
BYLAYER
 10
979.8149554043
 20
756.4956923203
 11
977.8632070052
 21
744.7453737608
  0
LINE
  5
7F9
100
AcDbEntity
  8
5_ALL_CURVES
100
AcDbLine
 62
5
  6
BYLAYER
 10
993.4973540786
 20
498.0805392201
 11
991.3853686938
 21
496.8185007961
  0
LINE
  5
7FA
100
AcDbEntity
  8
5_ALL_CURVES
100
AcDbLine
 62
5
  6
BYLAYER
 10
984.6124590156
 20
492.7712794852
 11
981.7826109455
 21
491.0802748858
  0
LINE
  5
7FB
100
AcDbEntity
  8
5_ALL_CURVES
100
AcDbLine
 62
5
  6
BYLAYER
 10
987.9042154157
 20
480.8359440288
 11
989.9953893902
 21
482.085546382
  0
LINE
  5
7FC
100
AcDbEntity
  8
5_ALL_CURVES
100
AcDbLine
 62
5
  6
BYLAYER
 10
997.1012230172
 20
486.3317097969
 11
999.6189585487
 21
487.8362083631
  0
LINE
  5
7FD
100
AcDbEntity
  8
5_ALL_CURVES
100
AcDbLine
 62
5
  6
BYLAYER
 10
969.560809348
 20
441.2466742118
 11
973.4788035369
 21
442.4604620889
  0
LINE
  5
7FE
100
AcDbEntity
  8
5_ALL_CURVES
100
AcDbLine
 62
5
  6
BYLAYER
 10
973.859123748
 20
441.2328238781
 11
969.9411295591
 21
440.0190360009
  0
LWPOLYLINE
  5
7FF
100
AcDbEntity
  8
0
100
AcDbPolyline
 62
7
  6
BYLAYER
 90
2
 70
0
 43
0.6
 10
28.0
 20
685.5
 10
20.0
 20
685.5
  0
LWPOLYLINE
  5
800
100
AcDbEntity
  8
0
100
AcDbPolyline
 62
7
  6
BYLAYER
 90
2
 70
0
 43
0.6
 10
1572.0
 20
685.5
 10
1580.0
 20
685.5
  0
LINE
  5
801
100
AcDbEntity
  8
0
100
AcDbLine
 62
7
  6
BYLAYER
 10
435.042971742
 20
757.4190984741
 11
434.9445665941
 21
757.4339718736
  0
LINE
  5
802
100
AcDbEntity
  8
0
100
AcDbLine
 62
7
  6
BYLAYER
 10
434.7376153879
 20
760.9057513509
 11
434.8360205358
 21
760.8908779514
  0
LINE
  5
803
100
AcDbEntity
  8
0
100
AcDbLine
 62
7
  6
BYLAYER
 10
431.2153682395
 20
858.2423468739
 11
430.340620627
 21
858.5775641271
  0
LINE
  5
804
100
AcDbEntity
  8
0
100
AcDbLine
 62
7
  6
BYLAYER
 10
431.4362275716
 20
858.6905467497
 11
430.5614799591
 21
859.0257640029
  0
LINE
  5
805
100
AcDbEntity
  8
0
100
AcDbLine
 62
7
  6
BYLAYER
 10
431.5281523957
 20
858.7557783769
 11
430.6534047831
 21
859.0909956301
  0
LINE
  5
806
100
AcDbEntity
  8
0
100
AcDbLine
 62
7
  6
BYLAYER
 10
431.7490117278
 20
859.2039782526
 11
430.8742641152
 21
859.5391955058
  0
LINE
  5
807
100
AcDbEntity
  8
0
100
AcDbLine
 62
7
  6
BYLAYER
 10
430.7060906142
 20
864.8950785951
 11
431.5808382268
 21
864.5598613419
  0
LINE
  5
808
100
AcDbEntity
  8
0
100
AcDbLine
 62
7
  6
BYLAYER
 10
430.4583730981
 20
865.3022411427
 11
431.3191724047
 21
864.9723691032
  0
LINE
  5
809
100
AcDbEntity
  8
0
100
AcDbLine
 62
7
  6
BYLAYER
 10
430.3628671829
 20
865.3510578387
 11
431.2376147954
 21
865.0158405855
  0
LINE
  5
80A
100
AcDbEntity
  8
0
100
AcDbLine
 62
7
  6
BYLAYER
 10
430.1151496668
 20
865.7582203864
 11
430.9898972794
 21
865.4230031332
  0
LINE
  5
80B
100
AcDbEntity
  8
0
100
AcDbLine
 62
7
  6
BYLAYER
 10
431.2376147954
 20
865.0158405855
 11
431.2888210906
 21
864.9929214274
  0
LINE
  5
80C
100
AcDbEntity
  8
0
100
AcDbLine
 62
4
  6
BYLAYER
 10
1512.1364024625
 20
32.3832403211
 11
1512.2026194637
 21
32.3178128485
  0
LINE
  5
80D
100
AcDbEntity
  8
0
100
AcDbLine
 62
4
  6
BYLAYER
 10
1514.4710397003
 20
35.7029319162
 11
1514.4046421967
 21
35.768539156
  0
LINE
  5
80E
100
AcDbEntity
  8
0
100
AcDbLine
 62
3
  6
BYLAYER
 10
1523.6966519123
 20
31.3402429717
 11
1523.5285968275
 21
31.5084080959
  0
LINE
  5
80F
100
AcDbEntity
  8
0
100
AcDbLine
 62
3
  6
BYLAYER
 10
1524.8617073159
 20
32.4240427464
 11
1524.9341530065
 21
32.3496751648
  0
LINE
  5
810
100
AcDbEntity
  8
5_ALL_CURVES
100
AcDbLine
 62
5
  6
BYLAYER
 10
1055.9349539112
 20
480.6798780682
 11
1054.2516789999
 21
482.4742547907
  0
LINE
  5
811
100
AcDbEntity
  8
5_ALL_CURVES
100
AcDbLine
 62
5
  6
BYLAYER
 10
1048.2814415949
 20
488.8385479625
 11
1046.5981666835
 21
490.6329246849
  0
LINE
  5
812
100
AcDbEntity
  8
5_ALL_CURVES
100
AcDbLine
 62
5
  6
BYLAYER
 10
1045.082367004
 20
425.7426333712
 11
1044.3938617255
 21
426.6943957726
  0
LINE
  5
813
100
AcDbEntity
  8
5_ALL_CURVES
100
AcDbLine
 62
5
  6
BYLAYER
 10
1055.2340485177
 20
428.8937557006
 11
1055.9225539569
 21
427.9419931955
  0
LINE
  5
814
100
AcDbEntity
  8
0
100
AcDbLine
 62
1
  6
BYLAYER
 10
820.1651573301
 20
773.5645994281
 11
864.2946221868
 21
706.3125048378
  0
LINE
  5
815
100
AcDbEntity
  8
0
100
AcDbLine
 62
1
  6
BYLAYER
 10
882.5456354296
 20
724.5635180807
 11
892.2250036882
 21
709.8124262227
  0
LINE
  5
816
100
AcDbEntity
  8
8_ALL_NOTES_BALLOONS_SYMBOLS_GT
100
AcDbLine
 62
7
420
65344
  6
BYLAYER
 10
854.3371101716
 20
776.2853477391
 11
875.885042999
 21
743.1044409365
  0
LINE
  5
817
100
AcDbEntity
  8
5_ALL_CURVES
100
AcDbLine
 62
5
  6
BYLAYER
 10
981.7826109455
 20
491.0802748858
 11
987.9042154157
 21
480.8359440288
  0
LINE
  5
818
100
AcDbEntity
  8
5_ALL_CURVES
100
AcDbLine
 62
5
  6
BYLAYER
 10
989.9953893902
 20
482.085546382
 11
985.0052663116
 21
490.4363753333
  0
LINE
  5
819
100
AcDbEntity
  8
5_ALL_CURVES
100
AcDbLine
 62
5
  6
BYLAYER
 10
991.3853686938
 20
496.8185007961
 11
996.1558268976
 21
488.8352747615
  0
LINE
  5
81A
100
AcDbEntity
  8
5_ALL_CURVES
100
AcDbLine
 62
5
  6
BYLAYER
 10
999.6189585487
 20
487.8362083631
 11
993.4973540786
 21
498.0805392201
  0
LINE
  5
81B
100
AcDbEntity
  8
5_ALL_CURVES
100
AcDbLine
 62
5
  6
BYLAYER
 10
1046.0072765137
 20
426.6759366428
 11
1045.5488024446
 21
427.4798533036
  0
LINE
  5
81C
100
AcDbEntity
  8
5_ALL_CURVES
100
AcDbLine
 62
5
  6
BYLAYER
 10
1054.3091396525
 20
427.9604520145
 11
1054.7676130771
 21
427.1565357677
  0
LINE
  5
81D
100
AcDbEntity
  8
5_ALL_CURVES
100
AcDbLine
 62
5
  6
BYLAYER
 10
1009.9161505162
 20
413.2429936548
 11
1010.5624391003
 21
412.0130382352
  0
LINE
  5
81E
100
AcDbEntity
  8
5_ALL_CURVES
100
AcDbLine
 62
5
  6
BYLAYER
 10
1022.6078158671
 20
401.701447104
 11
1020.0986876329
 21
407.7822109251
  0
LINE
  5
81F
100
AcDbEntity
  8
5_ALL_CURVES
100
AcDbLine
 62
5
  6
BYLAYER
 10
1018.870440985
 20
407.1171983168
 11
1021.115027425
 21
401.560829801
  0
LINE
  5
820
100
AcDbEntity
  8
5_ALL_CURVES
100
AcDbLine
 62
5
  6
BYLAYER
 10
999.7912633367
 20
416.4122411051
 11
1000.2032977255
 21
415.2999053842
  0
LINE
  5
821
100
AcDbEntity
  8
5_ALL_CURVES
100
AcDbLine
 62
5
  6
BYLAYER
 10
1020.1918236332
 20
411.361529439
 11
1019.9016324124
 21
412.1581658989
  0
LINE
  5
822
100
AcDbEntity
  8
5_ALL_CURVES
100
AcDbLine
 62
5
  6
BYLAYER
 10
1021.4713593726
 20
411.4820588186
 11
1021.1811681518
 21
412.2786952781
  0
LINE
  5
823
100
AcDbEntity
  8
5_ALL_CURVES
100
AcDbLine
 62
5
  6
BYLAYER
 10
997.0133145477
 20
439.0566660958
 11
997.7787439253
 21
436.8440188334
  0
LINE
  5
824
100
AcDbEntity
  8
5_ALL_CURVES
100
AcDbLine
 62
5
  6
BYLAYER
 10
998.7718642743
 20
436.8440188334
 11
995.6471682926
 21
446.0240188334
  0
LINE
  5
825
100
AcDbEntity
  8
5_ALL_CURVES
100
AcDbLine
 62
5
  6
BYLAYER
 10
971.9737352011
 20
424.282396713
 11
971.6176691017
 21
425.3288336244
  0
LINE
  5
826
100
AcDbEntity
  8
5_ALL_CURVES
100
AcDbLine
 62
5
  6
BYLAYER
 10
983.6744947706
 20
429.8683212605
 11
984.03056156
 21
428.8218833357
  0
LINE
  5
827
100
AcDbEntity
  8
5_ALL_CURVES
100
AcDbLine
 62
5
  6
BYLAYER
 10
995.2111643408
 20
444.376964078
 11
996.6257555747
 21
440.1940661464
  0
LINE
  5
828
100
AcDbEntity
  8
5_ALL_CURVES
100
AcDbLine
 62
5
  6
BYLAYER
 10
1003.1391085018
 20
404.7520194021
 11
1002.865107637
 21
405.6359916523
  0
LINE
  5
829
100
AcDbEntity
  8
5_ALL_CURVES
100
AcDbLine
 62
5
  6
BYLAYER
 10
1009.1998805067
 20
411.7060110761
 11
1009.4738812337
 21
410.8220380721
  0
LINE
  5
82A
100
AcDbEntity
  8
5_ALL_CURVES
100
AcDbLine
 62
5
  6
BYLAYER
 10
966.9662830577
 20
434.8368081334
 11
966.3958028314
 21
436.6782651568
  0
LINE
  5
82B
100
AcDbEntity
  8
5_ALL_CURVES
100
AcDbLine
 62
5
  6
BYLAYER
 10
967.9630005433
 20
437.1637803191
 11
968.5334807696
 21
435.3223232956
  0
LINE
  5
82C
100
AcDbEntity
  8
5_ALL_CURVES
100
AcDbLine
 62
5
  6
BYLAYER
 10
970.6077721572
 20
434.1709873147
 11
970.9880923688
 21
432.9433491038
  0
LINE
  5
82D
100
AcDbEntity
  8
5_ALL_CURVES
100
AcDbLine
 62
5
  6
BYLAYER
 10
976.9956832632
 20
434.8044904552
 11
976.615363052
 21
436.032128666
  0
LINE
  5
82E
100
AcDbEntity
  8
5_ALL_CURVES
100
AcDbLine
 62
5
  6
BYLAYER
 10
977.6754676371
 20
438.1544951413
 11
977.1049874108
 21
439.9959521648
  0
LINE
  5
82F
100
AcDbEntity
  8
5_ALL_CURVES
100
AcDbLine
 62
5
  6
BYLAYER
 10
978.6721849401
 20
440.4814672701
 11
979.2426651664
 21
438.6400102466
  0
LINE
  5
830
100
AcDbEntity
  8
5_ALL_CURVES
100
AcDbLine
 62
5
  6
BYLAYER
 10
973.3479393568
 20
425.178720639
 11
973.1088928591
 21
426.0457482346
  0
LINE
  5
831
100
AcDbEntity
  8
5_ALL_CURVES
100
AcDbLine
 62
5
  6
BYLAYER
 10
982.3002907756
 20
428.9719974391
 11
982.5393372733
 21
428.1049698435
  0
LINE
  5
832
100
AcDbEntity
  8
5_ALL_CURVES
100
AcDbLine
 62
5
  6
BYLAYER
 10
999.1472336275
 20
414.59703014
 11
999.0009783512
 21
415.2761687202
  0
LINE
  5
833
100
AcDbEntity
  8
5_ALL_CURVES
100
AcDbLine
 62
5
  6
BYLAYER
 10
1001.7765498737
 20
404.4449920548
 11
1001.5516876483
 21
405.5979599148
  0
LINE
  5
834
100
AcDbEntity
  8
0
100
AcDbLine
 62
7
420
26316
  6
BYLAYER
 10
938.9780089175
 20
756.565431452
 11
931.5949036829
 21
804.779252801
  0
LINE
  5
835
100
AcDbEntity
  8
0
100
AcDbLine
 62
7
420
26316
  6
BYLAYER
 10
927.7927740497
 20
829.6082634985
 11
925.1192054347
 21
847.0674430022
  0
LINE
  5
836
100
AcDbEntity
  8
5_ALL_CURVES
100
AcDbLine
 62
5
  6
BYLAYER
 10
1027.7528997214
 20
402.8826729213
 11
1026.3200912154
 21
416.1063880281
  0
LINE
  5
837
100
AcDbEntity
  8
5_ALL_CURVES
100
AcDbLine
 62
5
  6
BYLAYER
 10
1013.2987973485
 20
413.7334519151
 11
1014.5040911438
 21
400.93809452
  0
LINE
  5
838
100
AcDbEntity
  8
5_ALL_CURVES
100
AcDbLine
 62
5
  6
BYLAYER
 10
1014.7065558171
 20
412.4927732233
 11
1015.0912240755
 21
408.4091482468
  0
LINE
  5
839
100
AcDbEntity
  8
5_ALL_CURVES
100
AcDbLine
 62
5
  6
BYLAYER
 10
1015.7836268837
 20
401.0586238997
 11
1015.2450913504
 21
406.7756985612
  0
LINE
  5
83A
100
AcDbEntity
  8
5_ALL_CURVES
100
AcDbLine
 62
5
  6
BYLAYER
 10
1020.2687573425
 20
410.5448038338
 11
1020.1918236332
 21
411.361529439
  0
LINE
  5
83B
100
AcDbEntity
  8
5_ALL_CURVES
100
AcDbLine
 62
5
  6
BYLAYER
 10
1021.5739376276
 20
410.3930915993
 11
1021.4713593726
 21
411.4820588186
  0
LINE
  5
83C
100
AcDbEntity
  8
5_ALL_CURVES
100
AcDbLine
 62
5
  6
BYLAYER
 10
991.3262781152
 20
420.2127559886
 11
991.2209575381
 21
421.394269793
  0
LINE
  5
83D
100
AcDbEntity
  8
5_ALL_CURVES
100
AcDbLine
 62
5
  6
BYLAYER
 10
1000.2032977255
 20
415.2999053842
 11
1000.3031534973
 21
414.0352576812
  0
LINE
  5
83E
100
AcDbEntity
  8
5_ALL_CURVES
100
AcDbLine
 62
5
  6
BYLAYER
 10
1002.865107637
 20
405.6359916523
 11
1002.8509573335
 21
406.7504656706
  0
LINE
  5
83F
100
AcDbEntity
  8
5_ALL_CURVES
100
AcDbLine
 62
5
  6
BYLAYER
 10
1009.4738812337
 20
410.8220380721
 11
1009.4880315372
 21
409.7075640539
  0
LINE
  5
840
100
AcDbEntity
  8
5_ALL_CURVES
100
AcDbLine
 62
5
  6
BYLAYER
 10
984.03056156
 20
428.8218833357
 11
984.0405733891
 21
427.8054694628
  0
LWPOLYLINE
  5
841
100
AcDbEntity
  8
0
100
AcDbPolyline
 62
7
  6
BYLAYER
 90
2
 70
0
 43
0.6
 10
993.0
 20
28.0
 10
993.0
 20
20.0
  0
LWPOLYLINE
  5
842
100
AcDbEntity
  8
0
100
AcDbPolyline
 62
7
  6
BYLAYER
 90
2
 70
0
 43
0.6
 10
993.0
 20
1080.0
 10
993.0
 20
1088.0
  0
LINE
  5
843
100
AcDbEntity
  8
5_ALL_CURVES
100
AcDbLine
 62
5
  6
BYLAYER
 10
999.2776641255
 20
466.6790188334
 11
999.2776641255
 21
455.2040188334
  0
LINE
  5
844
100
AcDbEntity
  8
5_ALL_CURVES
100
AcDbLine
 62
5
  6
BYLAYER
 10
1000.4383689684
 20
443.1339040087
 11
1000.4383689684
 21
434.4138359499
  0
LINE
  5
845
100
AcDbEntity
  8
5_ALL_CURVES
100
AcDbLine
 62
5
  6
BYLAYER
 10
1000.6146578888
 20
455.2040188334
 11
1000.6146578888
 21
459.8499564983
  0
LINE
  5
846
100
AcDbEntity
  8
5_ALL_CURVES
100
AcDbLine
 62
5
  6
BYLAYER
 10
1000.6146578888
 20
461.2173229301
 11
1000.6146578888
 21
465.2883449847
  0
LINE
  5
847
100
AcDbEntity
  8
5_ALL_CURVES
100
AcDbLine
 62
5
  6
BYLAYER
 10
1001.2619327464
 20
434.4138359499
 11
1001.2619327464
 21
438.2797534157
  0
LINE
  5
848
100
AcDbEntity
  8
5_ALL_CURVES
100
AcDbLine
 62
5
  6
BYLAYER
 10
1001.2619327464
 20
441.6546621108
 11
1001.2619327464
 21
443.1339040087
  0
LINE
  5
849
100
AcDbEntity
  8
5_ALL_CURVES
100
AcDbLine
 62
5
  6
BYLAYER
 10
1006.3341130171
 20
443.1339040087
 11
1006.3341130171
 21
434.4138359499
  0
LINE
  5
84A
100
AcDbEntity
  8
5_ALL_CURVES
100
AcDbLine
 62
5
  6
BYLAYER
 10
1007.1576767951
 20
434.4138359499
 11
1007.1576767951
 21
438.2797534157
  0
LINE
  5
84B
100
AcDbEntity
  8
5_ALL_CURVES
100
AcDbLine
 62
5
  6
BYLAYER
 10
1007.1576767951
 20
441.6546621108
 11
1007.1576767951
 21
443.1339040087
  0
LINE
  5
84C
100
AcDbEntity
  8
5_ALL_CURVES
100
AcDbLine
 62
5
  6
BYLAYER
 10
1008.9825090543
 20
466.6790188334
 11
1008.9825090543
 21
455.2040188334
  0
LINE
  5
84D
100
AcDbEntity
  8
5_ALL_CURVES
100
AcDbLine
 62
5
  6
BYLAYER
 10
1010.3261542454
 20
456.6179998433
 11
1010.3261542454
 21
465.2728067065
  0
LINE
  5
84E
100
AcDbEntity
  8
5_ALL_CURVES
100
AcDbLine
 62
5
  6
BYLAYER
 10
1012.099056051
 20
443.1339040087
 11
1012.099056051
 21
436.8440188334
  0
LINE
  5
84F
100
AcDbEntity
  8
5_ALL_CURVES
100
AcDbLine
 62
5
  6
BYLAYER
 10
1012.9323096775
 20
436.8440188334
 11
1012.9323096775
 21
440.5731995878
  0
LINE
  5
850
100
AcDbEntity
  8
5_ALL_CURVES
100
AcDbLine
 62
5
  6
BYLAYER
 10
1012.9323096775
 20
441.9094893264
 11
1012.9323096775
 21
443.1339040087
  0
LINE
  5
851
100
AcDbEntity
  8
5_ALL_CURVES
100
AcDbLine
 62
5
  6
BYLAYER
 10
1014.5794355275
 20
442.1518859196
 11
1014.5794355275
 21
443.2582096874
  0
LINE
  5
852
100
AcDbEntity
  8
5_ALL_CURVES
100
AcDbLine
 62
5
  6
BYLAYER
 10
1019.565379327
 20
466.6790188334
 11
1019.565379327
 21
455.2040188334
  0
LINE
  5
853
100
AcDbEntity
  8
5_ALL_CURVES
100
AcDbLine
 62
5
  6
BYLAYER
 10
1020.7759889376
 20
455.2040188334
 11
1020.7759889376
 21
465.3971129323
  0
LINE
  5
854
100
AcDbEntity
  8
5_ALL_CURVES
100
AcDbLine
 62
5
  6
BYLAYER
 10
1027.4210477241
 20
465.4048820714
 11
1027.4210477241
 21
455.2040188334
  0
LINE
  5
855
100
AcDbEntity
  8
5_ALL_CURVES
100
AcDbLine
 62
5
  6
BYLAYER
 10
1028.6316596769
 20
455.2040188334
 11
1028.6316596769
 21
466.6790188334
  0
LINE
  5
856
100
AcDbEntity
  8
5_ALL_CURVES
100
AcDbLine
 62
5
  6
BYLAYER
 10
977.6678149775
 20
437.2551500929
 11
977.6754676371
 21
438.1544951413
  0
LINE
  5
857
100
AcDbEntity
  8
5_ALL_CURVES
100
AcDbLine
 62
5
  6
BYLAYER
 10
1001.5516876483
 20
405.5979599148
 11
1001.5866807723
 21
406.9814284737
  0
LINE
  5
858
100
AcDbEntity
  8
5_ALL_CURVES
100
AcDbLine
 62
5
  6
BYLAYER
 10
1010.787298949
 20
410.8600710035
 11
1010.7523080989
 21
409.4766012512
  0
LINE
  5
859
100
AcDbEntity
  8
5_ALL_CURVES
100
AcDbLine
 62
5
  6
BYLAYER
 10
990.1226489037
 20
419.8120295123
 11
990.1599597913
 21
420.5057352962
  0
LINE
  5
85A
100
AcDbEntity
  8
5_ALL_CURVES
100
AcDbLine
 62
5
  6
BYLAYER
 10
973.1088928591
 20
426.0457482346
 11
973.2159008125
 21
426.8827529083
  0
LINE
  5
85B
100
AcDbEntity
  8
5_ALL_CURVES
100
AcDbLine
 62
5
  6
BYLAYER
 10
982.5393372733
 20
428.1049698435
 11
982.4323294801
 21
427.2679652741
  0
LINE
  5
85C
100
AcDbEntity
  8
5_ALL_CURVES
100
AcDbLine
 62
5
  6
BYLAYER
 10
1001.5866807723
 20
406.9814284737
 11
1002.3237960818
 21
411.0163535653
  0
LINE
  5
85D
100
AcDbEntity
  8
5_ALL_CURVES
100
AcDbLine
 62
5
  6
BYLAYER
 10
1002.8509573335
 20
406.7504656706
 11
1003.5880726435
 21
410.7853907621
  0
LINE
  5
85E
100
AcDbEntity
  8
5_ALL_CURVES
100
AcDbLine
 62
5
  6
BYLAYER
 10
991.0903685084
 20
418.9663003558
 11
991.3262781152
 21
420.2127559886
  0
LINE
  5
85F
100
AcDbEntity
  8
5_ALL_CURVES
100
AcDbLine
 62
5
  6
BYLAYER
 10
998.981308082
 20
413.7655806488
 11
999.1472336275
 21
414.59703014
  0
LINE
  5
860
100
AcDbEntity
  8
5_ALL_CURVES
100
AcDbLine
 62
5
  6
BYLAYER
 10
1000.3031534973
 20
414.0352576812
 11
1000.1372279514
 21
413.20380819
  0
LINE
  5
861
100
AcDbEntity
  8
5_ALL_CURVES
100
AcDbLine
 62
5
  6
BYLAYER
 10
964.1859768364
 20
462.9457859425
 11
963.6512844485
 21
460.5442629126
  0
LINE
  5
862
100
AcDbEntity
  8
5_ALL_CURVES
100
AcDbLine
 62
5
  6
BYLAYER
 10
975.3000515256
 20
457.9506974938
 11
975.8347439135
 21
460.3522205233
  0
LINE
  5
863
100
AcDbEntity
  8
5_ALL_CURVES
100
AcDbLine
 62
5
  6
BYLAYER
 10
966.3400689175
 20
437.7822162398
 11
966.6089213247
 21
438.7624802007
  0
LINE
  5
864
100
AcDbEntity
  8
5_ALL_CURVES
100
AcDbLine
 62
5
  6
BYLAYER
 10
979.2983991482
 20
437.5360590246
 11
979.0295467189
 21
436.5557953777
  0
LINE
  5
865
100
AcDbEntity
  8
5_ALL_CURVES
100
AcDbLine
 62
5
  6
BYLAYER
 10
971.6076566634
 20
426.345248563
 11
972.0557122436
 21
427.6604381211
  0
LINE
  5
866
100
AcDbEntity
  8
5_ALL_CURVES
100
AcDbLine
 62
5
  6
BYLAYER
 10
984.0405733891
 20
427.8054694628
 11
983.5925178889
 21
426.490279957
  0
LINE
  5
867
100
AcDbEntity
  8
5_ALL_CURVES
100
AcDbLine
 62
5
  6
BYLAYER
 10
994.7703158915
 20
446.0240188334
 11
991.6359307006
 21
436.8440188334
  0
LINE
  5
868
100
AcDbEntity
  8
5_ALL_CURVES
100
AcDbLine
 62
5
  6
BYLAYER
 10
993.7820398271
 20
440.1940661464
 11
995.2111643408
 21
444.376964078
  0
LINE
  5
869
100
AcDbEntity
  8
5_ALL_CURVES
100
AcDbLine
 62
5
  6
BYLAYER
 10
992.6387401517
 20
436.8440188334
 11
993.4041696359
 21
439.0566660958
  0
LINE
  5
86A
100
AcDbEntity
  8
5_ALL_CURVES
100
AcDbLine
 62
5
  6
BYLAYER
 10
968.3028925476
 20
438.8387826055
 11
967.9706532938
 21
438.0631250751
  0
LINE
  5
86B
100
AcDbEntity
  8
5_ALL_CURVES
100
AcDbLine
 62
5
  6
BYLAYER
 10
977.3355759069
 20
436.4794926185
 11
977.6678149775
 21
437.2551500929
  0
LINE
  5
86C
100
AcDbEntity
  8
5_ALL_CURVES
100
AcDbLine
 62
5
  6
BYLAYER
 10
984.3951877326
 20
410.6543777725
 11
987.0822829315
 21
416.6586206501
  0
LINE
  5
86D
100
AcDbEntity
  8
5_ALL_CURVES
100
AcDbLine
 62
5
  6
BYLAYER
 10
985.7546786222
 20
417.0925542792
 11
983.266182142
 21
411.641061251
  0
LINE
  5
86E
100
AcDbEntity
  8
5_ALL_CURVES
100
AcDbLine
 62
5
  6
BYLAYER
 10
989.7441078321
 20
419.0533818991
 11
990.1226489037
 21
419.8120295123
  0
LINE
  5
86F
100
AcDbEntity
  8
5_ALL_CURVES
100
AcDbLine
 62
5
  6
BYLAYER
 10
973.2159008125
 20
426.8827529083
 11
973.6689628966
 21
427.6897344521
  0
LINE
  5
870
100
AcDbEntity
  8
5_ALL_CURVES
100
AcDbLine
 62
5
  6
BYLAYER
 10
982.4323294801
 20
427.2679652741
 11
981.9792667544
 21
426.4609833126
  0
LINE
  5
871
100
AcDbEntity
  8
5_ALL_CURVES
100
AcDbLine
 62
5
  6
BYLAYER
 10
974.0859304847
 20
483.5334855068
 11
972.7826074485
 21
481.446729337
  0
LINE
  5
872
100
AcDbEntity
  8
5_ALL_CURVES
100
AcDbLine
 62
5
  6
BYLAYER
 10
968.6029824523
 20
474.7547136154
 11
966.8566570294
 21
471.9586644019
  0
LINE
  5
873
100
AcDbEntity
  8
5_ALL_CURVES
100
AcDbLine
 62
5
  6
BYLAYER
 10
976.9786293968
 20
465.636795106
 11
978.2691123495
 21
467.7029929618
  0
LINE
  5
874
100
AcDbEntity
  8
5_ALL_CURVES
100
AcDbLine
 62
5
  6
BYLAYER
 10
982.6541865972
 20
474.7239543721
 11
984.2079028521
 21
477.2116162108
  0
LINE
  5
875
100
AcDbEntity
  8
5_ALL_CURVES
100
AcDbLine
 62
5
  6
BYLAYER
 10
966.6089213247
 20
438.7624802007
 11
967.4001729766
 21
439.9045823914
  0
LINE
  5
876
100
AcDbEntity
  8
5_ALL_CURVES
100
AcDbLine
 62
5
  6
BYLAYER
 10
979.0295467189
 20
436.5557953777
 11
978.2382952947
 21
435.4136927761
  0
LINE
  5
877
100
AcDbEntity
  8
5_ALL_CURVES
100
AcDbLine
 62
5
  6
BYLAYER
 10
972.0557122436
 20
427.6604381211
 11
972.7378084872
 21
428.6168070727
  0
LINE
  5
878
100
AcDbEntity
  8
5_ALL_CURVES
100
AcDbLine
 62
5
  6
BYLAYER
 10
983.5925178889
 20
426.490279957
 11
982.9104218059
 21
425.5339111097
  0
LINE
  5
879
100
AcDbEntity
  8
5_ALL_CURVES
100
AcDbLine
 62
5
  6
BYLAYER
 10
986.7235887738
 20
425.687858211
 11
978.2662972089
 21
416.0106621616
  0
LINE
  5
87A
100
AcDbEntity
  8
5_ALL_CURVES
100
AcDbLine
 62
5
  6
BYLAYER
 10
986.7915975407
 20
423.8126394293
 11
984.0924617524
 21
420.7241723965
  0
LINE
  5
87B
100
AcDbEntity
  8
5_ALL_CURVES
100
AcDbLine
 62
5
  6
BYLAYER
 10
979.2340177367
 20
415.1649321986
 11
983.0128076385
 21
419.4887858139
  0
LINE
  5
87C
100
AcDbEntity
  8
5_ALL_CURVES
100
AcDbLine
 62
5
  6
BYLAYER
 10
968.959717893
 20
439.4907529441
 11
968.3028925476
 21
438.8387826055
  0
LINE
  5
87D
100
AcDbEntity
  8
5_ALL_CURVES
100
AcDbLine
 62
5
  6
BYLAYER
 10
973.6689628966
 20
427.6897344521
 11
974.4680786019
 21
428.4666939956
  0
LINE
  5
87E
100
AcDbEntity
  8
5_ALL_CURVES
100
AcDbLine
 62
5
  6
BYLAYER
 10
981.9792667544
 20
426.4609833126
 11
981.1801510495
 21
425.6840237686
  0
LINE
  5
87F
100
AcDbEntity
  8
5_ALL_CURVES
100
AcDbLine
 62
5
  6
BYLAYER
 10
1046.5981666835
 20
490.6329246849
 11
1040.5108360697
 21
484.9225012418
  0
LINE
  5
880
100
AcDbEntity
  8
5_ALL_CURVES
100
AcDbLine
 62
5
  6
BYLAYER
 10
1042.3060753573
 20
483.2331564365
 11
1048.2814415949
 21
488.8385479625
  0
LINE
  5
881
100
AcDbEntity
  8
5_ALL_CURVES
100
AcDbLine
 62
5
  6
BYLAYER
 10
1054.2516789999
 20
482.4742547907
 11
1048.5297061529
 21
477.1065673828
  0
LINE
  5
882
100
AcDbEntity
  8
5_ALL_CURVES
100
AcDbLine
 62
5
  6
BYLAYER
 10
1050.0303021808
 20
475.1408226428
 11
1055.9349539112
 21
480.6798780682
  0
LINE
  5
883
100
AcDbEntity
  8
5_ALL_CURVES
100
AcDbLine
 62
5
  6
BYLAYER
 10
972.7378084872
 20
428.6168070727
 11
973.7659585259
 21
429.543153407
  0
LINE
  5
884
100
AcDbEntity
  8
5_ALL_CURVES
100
AcDbLine
 62
5
  6
BYLAYER
 10
982.9104218059
 20
425.5339111097
 11
981.8822714601
 21
424.607563844
  0
LINE
  5
885
100
AcDbEntity
  8
5_ALL_CURVES
100
AcDbLine
 62
5
  6
BYLAYER
 10
967.4001729766
 20
439.9045823914
 11
968.3181981105
 21
440.6374719156
  0
LINE
  5
886
100
AcDbEntity
  8
5_ALL_CURVES
100
AcDbLine
 62
5
  6
BYLAYER
 10
988.5031672288
 20
417.9589490616
 11
989.2042802711
 21
418.4356880309
  0
LINE
  5
887
100
AcDbEntity
  8
5_ALL_CURVES
100
AcDbLine
 62
5
  6
BYLAYER
 10
989.2909444816
 20
416.9073221413
 11
989.9920575239
 21
417.3840611111
  0
LINE
  5
888
100
AcDbEntity
  8
5_ALL_CURVES
100
AcDbLine
 62
5
  6
BYLAYER
 10
999.1078927544
 20
411.5758533076
 11
998.0518286564
 21
410.8729780634
  0
LINE
  5
889
100
AcDbEntity
  8
5_ALL_CURVES
100
AcDbLine
 62
5
  6
BYLAYER
 10
973.7659585259
 20
429.543153407
 11
977.2014688349
 21
431.7839631698
  0
LINE
  5
88A
100
AcDbEntity
  8
5_ALL_CURVES
100
AcDbLine
 62
5
  6
BYLAYER
 10
974.4680786019
 20
428.4666939956
 11
977.9035889104
 21
430.7075037588
  0
LINE
  5
88B
100
AcDbEntity
  8
5_ALL_CURVES
100
AcDbLine
 62
5
  6
BYLAYER
 10
981.1801510495
 20
425.6840237686
 11
977.7446407406
 21
423.4432140059
  0
LINE
  5
88C
100
AcDbEntity
  8
5_ALL_CURVES
100
AcDbLine
 62
5
  6
BYLAYER
 10
981.8822714601
 20
424.607563844
 11
978.4467611511
 21
422.3667540812
  0
LINE
  5
88D
100
AcDbEntity
  8
5_ALL_CURVES
100
AcDbLine
 62
5
  6
BYLAYER
 10
976.615363052
 20
436.032128666
 11
977.3355759069
 21
436.4794926185
  0
LINE
  5
88E
100
AcDbEntity
  8
5_ALL_CURVES
100
AcDbLine
 62
5
  6
BYLAYER
 10
1004.5641981741
 20
412.5528749812
 11
1005.2946184871
 21
412.9753835416
  0
LINE
  5
88F
100
AcDbEntity
  8
5_ALL_CURVES
100
AcDbLine
 62
5
  6
BYLAYER
 10
969.9411295591
 20
440.0190360009
 11
968.959717893
 21
439.4907529441
  0
LINE
  5
890
100
AcDbEntity
  8
5_ALL_CURVES
100
AcDbLine
 62
5
  6
BYLAYER
 10
968.3181981105
 20
440.6374719156
 11
969.560809348
 21
441.2466742118
  0
LINE
  5
891
100
AcDbEntity
  8
5_ALL_CURVES
100
AcDbLine
 62
5
  6
BYLAYER
 10
978.2382952947
 20
435.4136927761
 11
976.9956832632
 21
434.8044904552
  0
LINE
  5
892
100
AcDbEntity
  8
5_ALL_CURVES
100
AcDbLine
 62
5
  6
BYLAYER
 10
997.447139486
 20
412.0789432416
 11
998.0714989256
 21
412.3835661348
  0
LINE
  5
893
100
AcDbEntity
  8
5_ALL_CURVES
100
AcDbLine
 62
5
  6
BYLAYER
 10
1046.0248060881
 20
432.2664580969
 11
1046.9481193693
 21
432.6915295981
  0
LINE
  5
894
100
AcDbEntity
  8
5_ALL_CURVES
100
AcDbLine
 62
5
  6
BYLAYER
 10
1054.2916097356
 20
422.3699307803
 11
1053.3682963939
 21
421.9448593181
  0
LINE
  5
895
100
AcDbEntity
  8
5_ALL_CURVES
100
AcDbLine
 62
5
  6
BYLAYER
 10
977.2014688349
 20
431.7839631698
 11
978.4636594293
 21
432.3514902897
  0
LINE
  5
896
100
AcDbEntity
  8
5_ALL_CURVES
100
AcDbLine
 62
5
  6
BYLAYER
 10
978.4467611511
 20
422.3667540812
 11
977.1845708633
 21
421.7992278926
  0
LINE
  5
897
100
AcDbEntity
  8
5_ALL_CURVES
100
AcDbLine
 62
5
  6
BYLAYER
 10
1004.4376203578
 20
414.2438321746
 11
1005.3787502156
 21
414.6278475216
  0
LINE
  5
898
100
AcDbEntity
  8
5_ALL_CURVES
100
AcDbLine
 62
5
  6
BYLAYER
 10
1007.9013685992
 20
402.2141980213
 11
1006.9602339054
 21
401.8301834844
  0
LINE
  5
899
100
AcDbEntity
  8
5_ALL_CURVES
100
AcDbLine
 62
5
  6
BYLAYER
 10
977.9035889104
 20
430.7075037588
 11
978.9367451988
 21
431.1256426433
  0
LINE
  5
89A
100
AcDbEntity
  8
5_ALL_CURVES
100
AcDbLine
 62
5
  6
BYLAYER
 10
977.7446407406
 20
423.4432140059
 11
976.7114844521
 21
423.0250751208
  0
LINE
  5
89B
100
AcDbEntity
  8
5_ALL_CURVES
100
AcDbLine
 62
5
  6
BYLAYER
 10
1026.3200912154
 20
416.1063880281
 11
1027.9186380192
 21
416.7237082675
  0
LINE
  5
89C
100
AcDbEntity
  8
5_ALL_CURVES
100
AcDbLine
 62
5
  6
BYLAYER
 10
1031.9714855814
 20
409.2018421134
 11
1028.3747621335
 21
407.8128742236
  0
LINE
  5
89D
100
AcDbEntity
  8
5_ALL_CURVES
100
AcDbLine
 62
5
  6
BYLAYER
 10
1032.5653384723
 20
408.2586606289
 11
1028.5689760367
 21
406.7153617963
  0
LINE
  5
89E
100
AcDbEntity
  8
5_ALL_CURVES
100
AcDbLine
 62
5
  6
BYLAYER
 10
1035.7456154457
 20
405.9692670546
 11
1034.5467076297
 21
405.506277758
  0
LINE
  5
89F
100
AcDbEntity
  8
5_ALL_CURVES
100
AcDbLine
 62
5
  6
BYLAYER
 10
1028.9518075374
 20
403.3456622179
 11
1027.7528997214
 21
402.8826729213
  0
LINE
  5
8A0
100
AcDbEntity
  8
5_ALL_CURVES
100
AcDbLine
 62
5
  6
BYLAYER
 10
988.08731527
 20
416.5065956645
 11
989.2909444816
 21
416.9073221413
  0
LINE
  5
8A1
100
AcDbEntity
  8
5_ALL_CURVES
100
AcDbLine
 62
5
  6
BYLAYER
 10
998.0518286564
 20
410.8729780634
 11
996.9226380227
 21
410.5096715735
  0
LINE
  5
8A2
100
AcDbEntity
  8
5_ALL_CURVES
100
AcDbLine
 62
5
  6
BYLAYER
 10
1047.2891861419
 20
431.199192276
 11
1048.0966883551
 21
431.4440748862
  0
LINE
  5
8A3
100
AcDbEntity
  8
5_ALL_CURVES
100
AcDbLine
 62
5
  6
BYLAYER
 10
1053.027229541
 20
423.4371966921
 11
1052.2197271667
 21
423.1923141852
  0
LINE
  5
8A4
100
AcDbEntity
  8
0
100
AcDbLine
 62
7
  6
BYLAYER
 10
432.012554932
 20
887.3427501885
 11
429.8230793821
 21
888.181792181
  0
LINE
  5
8A5
100
AcDbEntity
  8
0
100
AcDbLine
 62
3
  6
BYLAYER
 10
432.4811317801
 20
887.3837875166
 11
430.2916562303
 21
888.222829509
  0
LINE
  5
8A6
100
AcDbEntity
  8
0
100
AcDbLine
 62
7
  6
BYLAYER
 10
432.4811317801
 20
887.3837875166
 11
432.6548996809
 21
887.3171968822
  0
LINE
  5
8A7
100
AcDbEntity
  8
0
100
AcDbLine
 62
7
  6
BYLAYER
 10
432.4656252004
 20
887.877631242
 11
430.2761496505
 21
888.7166732345
  0
LINE
  5
8A8
100
AcDbEntity
  8
0
100
AcDbLine
 62
7
  6
BYLAYER
 10
437.8936286057
 20
889.1683168761
 11
437.0188809932
 21
889.5035341293
  0
LINE
  5
8A9
100
AcDbEntity
  8
0
100
AcDbLine
 62
7
  6
BYLAYER
 10
438.088055414
 20
889.1413645211
 11
437.2133078014
 21
889.4765817743
  0
LINE
  5
8AA
100
AcDbEntity
  8
0
100
AcDbLine
 62
7
  6
BYLAYER
 10
442.9850506302
 20
889.4318010906
 11
443.7447044172
 21
889.1406896293
  0
LINE
  5
8AB
100
AcDbEntity
  8
0
100
AcDbLine
 62
7
  6
BYLAYER
 10
443.3830967945
 20
889.714262322
 11
444.257844407
 21
889.3790450688
  0
LINE
  5
8AC
100
AcDbEntity
  8
0
100
AcDbLine
 62
7
  6
BYLAYER
 10
443.4341020724
 20
889.8177696495
 11
444.308849685
 21
889.4825523963
  0
LINE
  5
8AD
100
AcDbEntity
  8
0
100
AcDbLine
 62
7
  6
BYLAYER
 10
443.8321482367
 20
890.1002308808
 11
444.7068958492
 21
889.7650136277
  0
LINE
  5
8AE
100
AcDbEntity
  8
5_ALL_CURVES
100
AcDbLine
 62
5
  6
BYLAYER
 10
939.7045393032
 20
685.5556185484
 11
980.0141277886
 21
645.246030063
  0
LINE
  5
8AF
100
AcDbEntity
  8
5_ALL_CURVES
100
AcDbLine
 62
5
  6
BYLAYER
 10
986.8651612679
 20
652.0970635423
 11
961.4127634761
 21
677.5494613341
  0
LINE
  5
8B0
100
AcDbEntity
  8
5_ALL_CURVES
100
AcDbLine
 62
5
  6
BYLAYER
 10
953.7650948124
 20
685.1971299978
 11
946.5555727825
 21
692.4066520277
  0
LINE
  5
8B1
100
AcDbEntity
  8
5_ALL_CURVES
100
AcDbLine
 62
5
  6
BYLAYER
 10
979.4564878933
 20
696.5491423621
 11
1005.3868639905
 21
670.6187662649
  0
LINE
  5
8B2
100
AcDbEntity
  8
0
100
AcDbLine
 62
4
  6
BYLAYER
 10
1510.9857199639
 20
31.2716146566
 11
1510.8577923095
 21
31.4140276713
  0
LINE
  5
8B3
100
AcDbEntity
  8
0
100
AcDbLine
 62
4
  6
BYLAYER
 10
1515.5934041409
 20
36.8432697647
 11
1515.8573352412
 21
36.5366147123
  0
LINE
  5
8B4
100
AcDbEntity
  8
0
100
AcDbLine
 62
3
  6
BYLAYER
 10
1523.5285968275
 20
31.5084080959
 11
1523.3756944229
 21
31.6904599433
  0
LINE
  5
8B5
100
AcDbEntity
  8
8_ALL_NOTES_BALLOONS_SYMBOLS_GT
100
AcDbLine
 62
7
420
65344
  6
BYLAYER
 10
868.6331122309
 20
790.5813497984
 11
894.8733075892
 21
750.1749923228
  0
LINE
  5
8B6
100
AcDbEntity
  8
8_ALL_NOTES_BALLOONS_SYMBOLS_GT
100
AcDbLine
 62
7
420
65344
  6
BYLAYER
 10
880.2334120488
 20
802.1816496163
 11
908.3312916047
 21
758.9147093311
  0
LINE
  5
8B7
100
AcDbEntity
  8
8_ALL_NOTES_BALLOONS_SYMBOLS_GT
100
AcDbLine
 62
7
420
65344
  6
BYLAYER
 10
894.5294141081
 20
816.4776516756
 11
922.5137847036
 21
773.3854998606
  0
LINE
  5
8B8
100
AcDbEntity
  8
5_ALL_CURVES
100
AcDbLine
 62
5
  6
BYLAYER
 10
1044.3938617255
 20
426.6943957726
 11
1043.9369891864
 21
428.0065524529
  0
LINE
  5
8B9
100
AcDbEntity
  8
5_ALL_CURVES
100
AcDbLine
 62
5
  6
BYLAYER
 10
1055.9225539569
 20
427.9419931955
 11
1056.3794265768
 21
426.6298364633
  0
LINE
  5
8BA
100
AcDbEntity
  8
5_ALL_CURVES
100
AcDbLine
 62
5
  6
BYLAYER
 10
1049.3066922004
 20
469.2237411423
 11
1050.1413171881
 21
466.4879388514
  0
LINE
  5
8BB
100
AcDbEntity
  8
5_ALL_CURVES
100
AcDbLine
 62
5
  6
BYLAYER
 10
1052.8149466392
 20
457.7240967833
 11
1053.6672534521
 21
454.9303355544
  0
LINE
  5
8BC
100
AcDbEntity
  8
5_ALL_CURVES
100
AcDbLine
 62
5
  6
BYLAYER
 10
1064.9015197599
 20
459.0038701131
 11
1064.0845790884
 21
461.6817053018
  0
LINE
  5
8BD
100
AcDbEntity
  8
5_ALL_CURVES
100
AcDbLine
 62
5
  6
BYLAYER
 10
1061.591314715
 20
469.8543319141
 11
1060.7283973125
 21
472.6828734044
  0
LINE
  5
8BE
100
AcDbEntity
  8
5_ALL_CURVES
100
AcDbLine
 62
5
  6
BYLAYER
 10
1024.1151490961
 20
457.3249903911
 11
1021.6540160386
 21
466.6790188334
  0
LINE
  5
8BF
100
AcDbEntity
  8
5_ALL_CURVES
100
AcDbLine
 62
5
  6
BYLAYER
 10
1020.7759889376
 20
465.3971129323
 11
1023.4433247437
 21
455.2040188334
  0
LINE
  5
8C0
100
AcDbEntity
  8
5_ALL_CURVES
100
AcDbLine
 62
5
  6
BYLAYER
 10
1023.2413839983
 20
438.3356910806
 11
1022.0302621001
 21
443.1339040087
  0
LINE
  5
8C1
100
AcDbEntity
  8
5_ALL_CURVES
100
AcDbLine
 62
5
  6
BYLAYER
 10
1021.2260763134
 20
443.1339040087
 11
1022.8102232649
 21
436.8440188334
  0
LINE
  5
8C2
100
AcDbEntity
  8
5_ALL_CURVES
100
AcDbLine
 62
5
  6
BYLAYER
 10
1010.5624391003
 20
412.0130382352
 11
1010.787298949
 21
410.8600710035
  0
LINE
  5
8C3
100
AcDbEntity
  8
0
100
AcDbLine
 62
7
420
26316
  6
BYLAYER
 10
954.9414349662
 20
772.5288575007
 11
951.6117254831
 21
794.2728274257
  0
LINE
  5
8C4
100
AcDbEntity
  8
0
100
AcDbLine
 62
7
420
26316
  6
BYLAYER
 10
947.8095958506
 20
819.1018381224
 11
941.0826314842
 21
863.0308690516
  0
LINE
  5
8C5
100
AcDbEntity
  8
5_ALL_CURVES
100
AcDbLine
 62
5
  6
BYLAYER
 10
1045.5488024446
 20
427.4798533036
 11
1045.4361772428
 21
428.3161205341
  0
LINE
  5
8C6
100
AcDbEntity
  8
5_ALL_CURVES
100
AcDbLine
 62
5
  6
BYLAYER
 10
1028.3747621335
 20
407.8128742236
 11
1027.5133980141
 21
415.3947011919
  0
LINE
  5
8C7
100
AcDbEntity
  8
5_ALL_CURVES
100
AcDbLine
 62
5
  6
BYLAYER
 10
1028.5689760367
 20
406.7153617963
 11
1028.9518075374
 21
403.3456622179
  0
LINE
  5
8C8
100
AcDbEntity
  8
5_ALL_CURVES
100
AcDbLine
 62
5
  6
BYLAYER
 10
1034.9359838452
 20
446.0240188334
 11
1034.9359838452
 21
441.6422314884
  0
LINE
  5
8C9
100
AcDbEntity
  8
5_ALL_CURVES
100
AcDbLine
 62
5
  6
BYLAYER
 10
1034.9359838452
 20
438.3108299722
 11
1034.9359838452
 21
436.8440188334
  0
LINE
  5
8CA
100
AcDbEntity
  8
5_ALL_CURVES
100
AcDbLine
 62
5
  6
BYLAYER
 10
1035.7692357656
 20
436.8440188334
 11
1035.7692357656
 21
446.0240188334
  0
LINE
  5
8CB
100
AcDbEntity
  8
0
100
AcDbLine
 62
2
  6
BYLAYER
 10
1045.4009675855
 20
294.1030683786
 11
1045.4009675855
 21
254.1030683786
  0
LINE
  5
8CC
100
AcDbEntity
  8
0
100
AcDbLine
 62
2
  6
BYLAYER
 10
1085.4009675855
 20
294.1030683786
 11
1085.4009675855
 21
254.1030683786
  0
LINE
  5
8CD
100
AcDbEntity
  8
5_ALL_CURVES
100
AcDbLine
 62
5
  6
BYLAYER
 10
1043.9369891864
 20
428.0065524529
 11
1043.940175053
 21
429.0230085739
  0
LINE
  5
8CE
100
AcDbEntity
  8
5_ALL_CURVES
100
AcDbLine
 62
5
  6
BYLAYER
 10
1056.3794265768
 20
426.6298364633
 11
1056.3762407703
 21
425.6133803033
  0
LINE
  5
8CF
100
AcDbEntity
  8
5_ALL_CURVES
100
AcDbLine
 62
5
  6
BYLAYER
 10
1020.132433396
 20
409.7079906077
 11
1020.2687573425
 21
410.5448038338
  0
LINE
  5
8D0
100
AcDbEntity
  8
5_ALL_CURVES
100
AcDbLine
 62
5
  6
BYLAYER
 10
1021.4376136816
 20
409.5562783732
 11
1021.5739376276
 21
410.3930915993
  0
LINE
  5
8D1
100
AcDbEntity
  8
5_ALL_CURVES
100
AcDbLine
 62
5
  6
BYLAYER
 10
1009.4880315372
 20
409.7075640539
 11
1008.7509162273
 21
405.6726389623
  0
LINE
  5
8D2
100
AcDbEntity
  8
5_ALL_CURVES
100
AcDbLine
 62
5
  6
BYLAYER
 10
1010.7523080989
 20
409.4766012512
 11
1010.0151927889
 21
405.4416761596
  0
LINE
  5
8D3
100
AcDbEntity
  8
5_ALL_CURVES
100
AcDbLine
 62
5
  6
BYLAYER
 10
1023.6919210169
 20
436.8440188334
 11
1025.2179357006
 21
443.1339040087
  0
LINE
  5
8D4
100
AcDbEntity
  8
5_ALL_CURVES
100
AcDbLine
 62
5
  6
BYLAYER
 10
1024.4185948383
 20
443.1339040087
 11
1023.2413839983
 21
438.3356910806
  0
LINE
  5
8D5
100
AcDbEntity
  8
5_ALL_CURVES
100
AcDbLine
 62
5
  6
BYLAYER
 10
1026.5496752716
 20
466.6790188334
 11
1024.1151490961
 21
457.3249903911
  0
LINE
  5
8D6
100
AcDbEntity
  8
5_ALL_CURVES
100
AcDbLine
 62
5
  6
BYLAYER
 10
1024.7603642243
 20
455.2040188334
 11
1027.4210477241
 21
465.4048820714
  0
LINE
  5
8D7
100
AcDbEntity
  8
5_ALL_CURVES
100
AcDbLine
 62
5
  6
BYLAYER
 10
1045.4361772428
 20
428.3161205341
 11
1045.6694002648
 21
429.1847387492
  0
LINE
  5
8D8
100
AcDbEntity
  8
5_ALL_CURVES
100
AcDbLine
 62
5
  6
BYLAYER
 10
1054.8802384396
 20
426.320268434
 11
1054.6470154176
 21
425.4516502189
  0
LINE
  5
8D9
100
AcDbEntity
  8
5_ALL_CURVES
100
AcDbLine
 62
5
  6
BYLAYER
 10
1047.8057151896
 20
435.9991139839
 11
1048.3584256491
 21
437.8459826821
  0
LINE
  5
8DA
100
AcDbEntity
  8
5_ALL_CURVES
100
AcDbLine
 62
5
  6
BYLAYER
 10
1049.8937343543
 20
442.9761797729
 11
1050.262207994
 21
444.2074255719
  0
LINE
  5
8DB
100
AcDbEntity
  8
5_ALL_CURVES
100
AcDbLine
 62
5
  6
BYLAYER
 10
1062.5746659815
 20
440.522689177
 11
1062.0219555225
 21
438.6758204788
  0
LINE
  5
8DC
100
AcDbEntity
  8
5_ALL_CURVES
100
AcDbLine
 62
5
  6
BYLAYER
 10
1060.4866468173
 20
433.545623388
 11
1060.1181731776
 21
432.3143775895
  0
LINE
  5
8DD
100
AcDbEntity
  8
5_ALL_CURVES
100
AcDbLine
 62
5
  6
BYLAYER
 10
1043.940175053
 20
429.0230085739
 11
1044.289209143
 21
430.0718156796
  0
LINE
  5
8DE
100
AcDbEntity
  8
5_ALL_CURVES
100
AcDbLine
 62
5
  6
BYLAYER
 10
1056.3762407703
 20
425.6133803033
 11
1056.0272067009
 21
424.5645731852
  0
LINE
  5
8DF
100
AcDbEntity
  8
5_ALL_CURVES
100
AcDbLine
 62
5
  6
BYLAYER
 10
1002.3237960818
 20
411.0163535653
 11
1002.7802132567
 21
412.3228355699
  0
LINE
  5
8E0
100
AcDbEntity
  8
5_ALL_CURVES
100
AcDbLine
 62
5
  6
BYLAYER
 10
1010.0151927889
 20
405.4416761596
 11
1009.5587733406
 21
404.1351953489
  0
LINE
  5
8E1
100
AcDbEntity
  8
5_ALL_CURVES
100
AcDbLine
 62
5
  6
BYLAYER
 10
1003.5880726435
 20
410.7853907621
 11
1003.9953510753
 21
411.8228765919
  0
LINE
  5
8E2
100
AcDbEntity
  8
5_ALL_CURVES
100
AcDbLine
 62
5
  6
BYLAYER
 10
1008.7509162273
 20
405.6726389623
 11
1008.3436377954
 21
404.635153133
  0
LINE
  5
8E3
100
AcDbEntity
  8
5_ALL_CURVES
100
AcDbLine
 62
5
  6
BYLAYER
 10
1029.1965459605
 20
499.807854693
 11
1024.4573679481
 21
488.8552044309
  0
LINE
  5
8E4
100
AcDbEntity
  8
5_ALL_CURVES
100
AcDbLine
 62
5
  6
BYLAYER
 10
1027.2801040633
 20
489.1832917791
 11
1031.4545594509
 21
498.8308192146
  0
LINE
  5
8E5
100
AcDbEntity
  8
5_ALL_CURVES
100
AcDbLine
 62
5
  6
BYLAYER
 10
1034.5683638662
 20
484.480207659
 11
1035.1330864906
 21
485.7853304856
  0
LINE
  5
8E6
100
AcDbEntity
  8
5_ALL_CURVES
100
AcDbLine
 62
5
  6
BYLAYER
 10
1020.9004239951
 20
408.4070472262
 11
1021.4376136816
 21
409.5562783732
  0
LINE
  5
8E7
100
AcDbEntity
  8
5_ALL_CURVES
100
AcDbLine
 62
5
  6
BYLAYER
 10
988.7061180198
 20
407.8142166862
 11
994.3238426064
 21
419.3734153809
  0
LINE
  5
8E8
100
AcDbEntity
  8
5_ALL_CURVES
100
AcDbLine
 62
5
  6
BYLAYER
 10
994.8821322719
 20
417.5819410798
 11
993.0892413256
 21
413.8928348645
  0
LINE
  5
8E9
100
AcDbEntity
  8
5_ALL_CURVES
100
AcDbLine
 62
5
  6
BYLAYER
 10
992.3720850808
 20
412.4171926538
 11
989.8620378892
 21
407.2524442274
  0
LINE
  5
8EA
100
AcDbEntity
  8
5_ALL_CURVES
100
AcDbLine
 62
5
  6
BYLAYER
 10
998.6227296245
 20
413.0277588542
 11
998.981308082
 21
413.7655806488
  0
LINE
  5
8EB
100
AcDbEntity
  8
5_ALL_CURVES
100
AcDbLine
 62
5
  6
BYLAYER
 10
1000.1372279514
 20
413.20380819
 11
999.6591234534
 21
412.2200460271
  0
LINE
  5
8EC
100
AcDbEntity
  8
5_ALL_CURVES
100
AcDbLine
 62
5
  6
BYLAYER
 10
990.7118274373
 20
418.2076527426
 11
991.0903685084
 21
418.9663003558
  0
LINE
  5
8ED
100
AcDbEntity
  8
5_ALL_CURVES
100
AcDbLine
 62
5
  6
BYLAYER
 10
1060.7283973125
 20
472.6828734044
 11
1056.8905435565
 21
465.3537927835
  0
LINE
  5
8EE
100
AcDbEntity
  8
5_ALL_CURVES
100
AcDbLine
 62
5
  6
BYLAYER
 10
1058.7227813354
 20
464.4428948809
 11
1061.591314715
 21
469.8543319141
  0
LINE
  5
8EF
100
AcDbEntity
  8
5_ALL_CURVES
100
AcDbLine
 62
5
  6
BYLAYER
 10
1055.9251532519
 20
463.5894083875
 11
1052.8149466392
 21
457.7240967833
  0
LINE
  5
8F0
100
AcDbEntity
  8
5_ALL_CURVES
100
AcDbLine
 62
5
  6
BYLAYER
 10
1053.6672534521
 20
454.9303355544
 11
1057.7680012803
 21
462.6437301202
  0
LINE
  5
8F1
100
AcDbEntity
  8
0
100
AcDbLine
 62
2
  6
BYLAYER
 10
1389.9673628906
 20
1068.2770193543
 11
1386.5032613994
 21
1062.2770193543
  0
LINE
  5
8F2
100
AcDbEntity
  8
0
100
AcDbLine
 62
1
  6
BYLAYER
 10
1390.008655024
 20
1058.0271518743
 11
1386.5721171573
 21
1052.0748934743
  0
LINE
  5
8F3
100
AcDbEntity
  8
5_ALL_CURVES
100
AcDbLine
 62
5
  6
BYLAYER
 10
1002.7802132567
 20
412.3228355699
 11
1003.3982036449
 21
413.3218277461
  0
LINE
  5
8F4
100
AcDbEntity
  8
5_ALL_CURVES
100
AcDbLine
 62
5
  6
BYLAYER
 10
1009.5587733406
 20
404.1351953489
 11
1008.9407853291
 21
403.1362025439
  0
LINE
  5
8F5
100
AcDbEntity
  8
5_ALL_CURVES
100
AcDbLine
 62
5
  6
BYLAYER
 10
1019.7572122017
 20
409.1233310727
 11
1020.132433396
 21
409.7079906077
  0
LINE
  5
8F6
100
AcDbEntity
  8
5_ALL_CURVES
100
AcDbLine
 62
5
  6
BYLAYER
 10
1044.289209143
 20
430.0718156796
 11
1045.2157082909
 21
431.5133433018
  0
LINE
  5
8F7
100
AcDbEntity
  8
5_ALL_CURVES
100
AcDbLine
 62
5
  6
BYLAYER
 10
1045.6694002648
 20
429.1847387492
 11
1046.5958994126
 21
430.6262663714
  0
LINE
  5
8F8
100
AcDbEntity
  8
5_ALL_CURVES
100
AcDbLine
 62
5
  6
BYLAYER
 10
1054.6470154176
 20
425.4516502189
 11
1053.7205162697
 21
424.0101225966
  0
LINE
  5
8F9
100
AcDbEntity
  8
5_ALL_CURVES
100
AcDbLine
 62
5
  6
BYLAYER
 10
1056.0272067009
 20
424.5645731852
 11
1055.1007075526
 21
423.123045563
  0
LINE
  5
8FA
100
AcDbEntity
  8
5_ALL_CURVES
100
AcDbLine
 62
5
  6
BYLAYER
 10
1003.9953510753
 20
411.8228765919
 11
1004.5641981741
 21
412.5528749812
  0
LINE
  5
8FB
100
AcDbEntity
  8
5_ALL_CURVES
100
AcDbLine
 62
5
  6
BYLAYER
 10
1008.3436377954
 20
404.635153133
 11
1007.7747908343
 21
403.905155497
  0
LINE
  5
8FC
100
AcDbEntity
  8
5_ALL_CURVES
100
AcDbLine
 62
5
  6
BYLAYER
 10
998.0714989256
 20
412.3835661348
 11
998.6227296245
 21
413.0277588542
  0
LINE
  5
8FD
100
AcDbEntity
  8
5_ALL_CURVES
100
AcDbLine
 62
5
  6
BYLAYER
 10
999.6591234534
 20
412.2200460271
 11
999.1078927544
 21
411.5758533076
  0
LINE
  5
8FE
100
AcDbEntity
  8
5_ALL_CURVES
100
AcDbLine
 62
5
  6
BYLAYER
 10
989.2042802711
 20
418.4356880309
 11
989.7441078321
 21
419.0533818991
  0
LINE
  5
8FF
100
AcDbEntity
  8
5_ALL_CURVES
100
AcDbLine
 62
5
  6
BYLAYER
 10
989.9920575239
 20
417.3840611111
 11
990.7118274373
 21
418.2076527426
  0
LINE
  5
900
100
AcDbEntity
  8
5_ALL_CURVES
100
AcDbLine
 62
5
  6
BYLAYER
 10
1040.2382241895
 20
425.0922384978
 11
1041.1164904038
 21
426.0305281637
  0
LINE
  5
901
100
AcDbEntity
  8
5_ALL_CURVES
100
AcDbLine
 62
5
  6
BYLAYER
 10
1050.4993870617
 20
417.247866021
 11
1049.6211208474
 21
416.3095763552
  0
LINE
  5
902
100
AcDbEntity
  8
5_ALL_CURVES
100
AcDbLine
 62
5
  6
BYLAYER
 10
1045.2157082909
 20
431.5133433018
 11
1046.0248060881
 21
432.2664580969
  0
LINE
  5
903
100
AcDbEntity
  8
5_ALL_CURVES
100
AcDbLine
 62
5
  6
BYLAYER
 10
1055.1007075526
 20
423.123045563
 11
1054.2916097356
 21
422.3699307803
  0
LINE
  5
904
100
AcDbEntity
  8
5_ALL_CURVES
100
AcDbLine
 62
5
  6
BYLAYER
 10
1003.3982036449
 20
413.3218277461
 11
1004.4376203578
 21
414.2438321746
  0
LINE
  5
905
100
AcDbEntity
  8
5_ALL_CURVES
100
AcDbLine
 62
5
  6
BYLAYER
 10
1008.9407853291
 20
403.1362025439
 11
1007.9013685992
 21
402.2141980213
  0
LINE
  5
906
100
AcDbEntity
  8
5_ALL_CURVES
100
AcDbLine
 62
5
  6
BYLAYER
 10
1046.5958994126
 20
430.6262663714
 11
1047.2891861419
 21
431.199192276
  0
LINE
  5
907
100
AcDbEntity
  8
5_ALL_CURVES
100
AcDbLine
 62
5
  6
BYLAYER
 10
1053.7205162697
 20
424.0101225966
 11
1053.027229541
 21
423.4371966921
  0
LINE
  5
908
100
AcDbEntity
  8
5_ALL_CURVES
100
AcDbLine
 62
5
  6
BYLAYER
 10
1020.0986876329
 20
407.7822109251
 11
1020.9004239951
 21
408.4070472262
  0
LINE
  5
909
100
AcDbEntity
  8
5_ALL_CURVES
100
AcDbLine
 62
5
  6
BYLAYER
 10
1032.6416538842
 20
418.8370862647
 11
1039.15507393
 21
423.7185226167
  0
LINE
  5
90A
100
AcDbEntity
  8
5_ALL_CURVES
100
AcDbLine
 62
5
  6
BYLAYER
 10
1039.9750241121
 20
422.6244430127
 11
1037.232529603
 21
420.5690999978
  0
LINE
  5
90B
100
AcDbEntity
  8
5_ALL_CURVES
100
AcDbLine
 62
5
  6
BYLAYER
 10
1036.2040946523
 20
419.7983467347
 11
1033.4616040663
 21
417.7430066602
  0
LINE
  5
90C
100
AcDbEntity
  8
5_ALL_CURVES
100
AcDbLine
 62
5
  6
BYLAYER
 10
1044.1201120508
 20
411.3788300964
 11
1043.0916771002
 21
410.6080768332
  0
LINE
  5
90D
100
AcDbEntity
  8
5_ALL_CURVES
100
AcDbLine
 62
5
  6
BYLAYER
 10
1007.7747908343
 20
403.905155497
 11
1007.0443704869
 21
403.4826467484
  0
LINE
  5
90E
100
AcDbEntity
  8
5_ALL_CURVES
100
AcDbLine
 62
5
  6
BYLAYER
 10
1019.1430888779
 20
408.7908247686
 11
1019.7572122017
 21
409.1233310727
  0
LINE
  5
90F
100
AcDbEntity
  8
0
100
AcDbLine
 62
7
  6
BYLAYER
 10
434.9445665941
 20
757.4339718736
 11
435.134806956
 21
757.4506328678
  0
LWPOLYLINE
  5
910
100
AcDbEntity
  8
0
100
AcDbPolyline
 62
7
  6
BYLAYER
 90
2
 70
0
 43
0.6
 10
28.0
 20
817.0
 10
20.0
 20
817.0
  0
LWPOLYLINE
  5
911
100
AcDbEntity
  8
0
100
AcDbPolyline
 62
7
  6
BYLAYER
 90
2
 70
0
 43
0.6
 10
1572.0
 20
817.0
 10
1580.0
 20
817.0
  0
LINE
  5
912
100
AcDbEntity
  8
0
100
AcDbLine
 62
7
  6
BYLAYER
 10
431.8176031543
 20
860.1385933588
 11
431.7191980064
 21
860.1534667583
  0
LINE
  5
913
100
AcDbEntity
  8
0
100
AcDbLine
 62
7
  6
BYLAYER
 10
431.5122468002
 20
863.6252462357
 11
431.6106519481
 21
863.6103728362
  0
LINE
  5
914
100
AcDbEntity
  8
0
100
AcDbLine
 62
7
  6
BYLAYER
 10
573.7809145755
 20
901.0691420195
 11
572.906166963
 21
901.4043592727
  0
LINE
  5
915
100
AcDbEntity
  8
0
100
AcDbLine
 62
7
  6
BYLAYER
 10
573.9753413838
 20
901.0421896645
 11
573.1005937713
 21
901.3774069177
  0
LINE
  5
916
100
AcDbEntity
  8
0
100
AcDbLine
 62
7
  6
BYLAYER
 10
578.8723366001
 20
901.332626234
 11
579.631990387
 21
901.0415147726
  0
LINE
  5
917
100
AcDbEntity
  8
0
100
AcDbLine
 62
7
  6
BYLAYER
 10
579.2703827644
 20
901.6150874654
 11
580.1451303769
 21
901.2798702122
  0
LINE
  5
918
100
AcDbEntity
  8
0
100
AcDbLine
 62
7
  6
BYLAYER
 10
579.3213880423
 20
901.7185947929
 11
580.1961356548
 21
901.3833775397
  0
LINE
  5
919
100
AcDbEntity
  8
0
100
AcDbLine
 62
7
  6
BYLAYER
 10
579.7194342066
 20
902.0010560242
 11
580.5941818191
 21
901.6658387711
  0
LINE
  5
91A
100
AcDbEntity
  8
0
100
AcDbLine
 62
7
420
26316
  6
BYLAYER
 10
899.6160627773
 20
821.5643003448
 11
931.5949036829
 21
804.779252801
  0
LINE
  5
91B
100
AcDbEntity
  8
0
100
AcDbLine
 62
7
420
26316
  6
BYLAYER
 10
951.6117254831
 20
794.2728274257
 11
968.0547785331
 21
785.6422010676
  0
LINE
  5
91C
100
AcDbEntity
  8
5_ALL_CURVES
100
AcDbLine
 62
5
  6
BYLAYER
 10
1012.2378974699
 20
677.4697997442
 11
984.2761096304
 21
705.4315875836
  0
LINE
  5
91D
100
AcDbEntity
  8
5_ALL_CURVES
100
AcDbLine
 62
5
  6
BYLAYER
 10
981.1293935521
 20
726.9804727972
 11
986.9049789129
 21
721.2048874364
  0
LINE
  5
91E
100
AcDbEntity
  8
5_ALL_CURVES
100
AcDbLine
 62
5
  6
BYLAYER
 10
977.8632070052
 20
744.7453737608
 11
988.3787507604
 21
734.2298300056
  0
LINE
  5
91F
100
AcDbEntity
  8
5_ALL_CURVES
100
AcDbLine
 62
5
  6
BYLAYER
 10
994.1543361213
 20
728.4542446447
 11
1022.5941031424
 21
700.0144776237
  0
LINE
  5
920
100
AcDbEntity
  8
5_ALL_CURVES
100
AcDbLine
 62
5
  6
BYLAYER
 10
1025.3823131373
 20
710.9283345874
 11
1001.0053696006
 21
735.305278124
  0
LINE
  5
921
100
AcDbEntity
  8
5_ALL_CURVES
100
AcDbLine
 62
5
  6
BYLAYER
 10
995.2297842397
 20
741.0808634849
 11
979.8149554043
 21
756.4956923203
  0
LINE
  5
922
100
AcDbEntity
  8
5_ALL_CURVES
100
AcDbLine
 62
5
  6
BYLAYER
 10
1043.9438373674
 20
708.5384339384
 11
1038.2479176235
 21
714.2343536823
  0
LINE
  5
923
100
AcDbEntity
  8
5_ALL_CURVES
100
AcDbLine
 62
5
  6
BYLAYER
 10
1009.5691754763
 20
743.8690839997
 11
1003.7935901154
 21
749.6446693606
  0
LINE
  5
924
100
AcDbEntity
  8
0
100
AcDbLine
 62
4
  6
BYLAYER
 10
1511.9860598709
 20
32.5715028371
 11
1512.1364024625
 21
32.3832403211
  0
LINE
  5
925
100
AcDbEntity
  8
0
100
AcDbLine
 62
4
  6
BYLAYER
 10
1514.6214678357
 20
35.5145355144
 11
1514.4710397003
 21
35.7029319162
  0
LINE
  5
926
100
AcDbEntity
  8
0
100
AcDbLine
 62
3
  6
BYLAYER
 10
1524.7995883254
 20
32.5072301632
 11
1524.8617073159
 21
32.4240427464
  0
LINE
  5
927
100
AcDbEntity
  8
0
100
AcDbLine
 62
4
  6
BYLAYER
 10
1510.8577923095
 20
31.4140276713
 11
1510.5766659657
 21
31.8063194165
  0
LINE
  5
928
100
AcDbEntity
  8
5_ALL_CURVES
100
AcDbLine
 62
5
  6
BYLAYER
 10
1054.7676130771
 20
427.1565357677
 11
1054.8802384396
 21
426.320268434
  0
LINE
  5
929
100
AcDbEntity
  8
0
100
AcDbLine
 62
3
  6
BYLAYER
 10
1100.4944291927
 20
935.837001156
 11
1112.799741511
 21
543.9452122422
  0
LINE
  5
92A
100
AcDbEntity
  8
0
100
AcDbLine
 62
7
  6
BYLAYER
 10
1100.6659370654
 20
935.8423864638
 11
1112.9735094118
 21
543.8786216079
  0
LINE
  5
92B
100
AcDbEntity
  8
0
100
AcDbLine
 62
7
  6
BYLAYER
 10
1109.7953029741
 20
946.6202396916
 11
1122.7277904844
 21
534.7545727018
  0
LINE
  5
92C
100
AcDbEntity
  8
0
100
AcDbLine
 62
7
  6
BYLAYER
 10
1110.121288769
 20
946.7025224774
 11
1123.0537762793
 21
534.8368554875
  0
LWPOLYLINE
  5
92D
100
AcDbEntity
  8
0
100
AcDbPolyline
 62
7
  6
BYLAYER
 90
2
 70
0
 43
0.6
 10
1089.5
 20
28.0
 10
1089.5
 20
20.0
  0
LWPOLYLINE
  5
92E
100
AcDbEntity
  8
0
100
AcDbPolyline
 62
7
  6
BYLAYER
 90
2
 70
0
 43
0.6
 10
1089.5
 20
1080.0
 10
1089.5
 20
1088.0
  0
LINE
  5
92F
100
AcDbEntity
  8
0
100
AcDbLine
 62
7
  6
BYLAYER
 10
431.7191980064
 20
860.1534667583
 11
431.9094383683
 21
860.1701277525
  0
LINE
  5
930
100
AcDbEntity
  8
0
100
AcDbLine
 62
7
  6
BYLAYER
 10
444.8308446696
 20
890.1637340677
 11
445.9961952249
 21
890.1173749129
  0
LINE
  5
931
100
AcDbEntity
  8
0
100
AcDbLine
 62
7
  6
BYLAYER
 10
580.7181306394
 20
902.0645592111
 11
581.8834811947
 21
902.0182000563
  0
LINE
  5
932
100
AcDbEntity
  8
0
100
AcDbLine
 62
7
  6
BYLAYER
 10
700.2966635819
 20
912.1492206013
 11
699.4219159694
 21
912.4844378544
  0
LINE
  5
933
100
AcDbEntity
  8
0
100
AcDbLine
 62
7
  6
BYLAYER
 10
700.4910903902
 20
912.1222682463
 11
699.6163427777
 21
912.4574854995
  0
LINE
  5
934
100
AcDbEntity
  8
0
100
AcDbLine
 62
7
  6
BYLAYER
 10
705.3880856065
 20
912.4127048158
 11
706.1477393934
 21
912.1215933544
  0
LINE
  5
935
100
AcDbEntity
  8
0
100
AcDbLine
 62
7
  6
BYLAYER
 10
705.7861317708
 20
912.6951660471
 11
706.6608793833
 21
912.359948794
  0
LINE
  5
936
100
AcDbEntity
  8
0
100
AcDbLine
 62
7
  6
BYLAYER
 10
705.8371370487
 20
912.7986733747
 11
706.7118846612
 21
912.4634561215
  0
LINE
  5
937
100
AcDbEntity
  8
0
100
AcDbLine
 62
7
  6
BYLAYER
 10
706.235183213
 20
913.081134606
 11
707.1099308255
 21
912.7459173528
  0
LINE
  5
938
100
AcDbEntity
  8
0
100
AcDbLine
 62
7
420
26316
  6
BYLAYER
 10
914.5899313405
 20
836.538168908
 11
927.7927740497
 21
829.6082634985
  0
LINE
  5
939
100
AcDbEntity
  8
0
100
AcDbLine
 62
7
420
26316
  6
BYLAYER
 10
947.8095958506
 20
819.1018381224
 11
983.0286470963
 21
800.6160696308
  0
LINE
  5
93A
100
AcDbEntity
  8
5_ALL_CURVES
100
AcDbLine
 62
5
  6
BYLAYER
 10
997.540024696
 20
776.4513352185
 11
1006.3428100811
 21
767.6485498335
  0
LINE
  5
93B
100
AcDbEntity
  8
5_ALL_CURVES
100
AcDbLine
 62
5
  6
BYLAYER
 10
1014.0701403347
 20
759.9212195799
 11
1054.3797288201
 21
719.6116310945
  0
LINE
  5
93C
100
AcDbEntity
  8
5_ALL_CURVES
100
AcDbLine
 62
5
  6
BYLAYER
 10
1061.2307622994
 20
726.4626645738
 11
1020.921173814
 21
766.7722530592
  0
LINE
  5
93D
100
AcDbEntity
  8
5_ALL_CURVES
100
AcDbLine
 62
5
  6
BYLAYER
 10
1013.1938435604
 20
774.4995833128
 11
1004.3910581753
 21
783.3023686979
  0
LINE
  5
93E
100
AcDbEntity
  8
0
100
AcDbLine
 62
3
  6
BYLAYER
 10
1523.3756944229
 20
31.6904599433
 11
1523.239087489
 21
31.8850378611
  0
LINE
  5
93F
100
AcDbEntity
  8
0
100
AcDbLine
 62
4
  6
BYLAYER
 10
1515.8573352412
 20
36.5366147123
 11
1516.1187886309
 21
36.1253484061
  0
LINE
  5
940
100
AcDbEntity
  8
0
100
AcDbLine
 62
4
  6
BYLAYER
 10
1511.9356939609
 20
32.651154746
 11
1511.9860598709
 21
32.5715028371
  0
LINE
  5
941
100
AcDbEntity
  8
0
100
AcDbLine
 62
4
  6
BYLAYER
 10
1514.6717482019
 20
35.4350174912
 11
1514.6214678357
 21
35.5145355144
  0
LINE
  5
942
100
AcDbEntity
  8
0
100
AcDbLine
 62
2
  6
BYLAYER
 10
1165.4009675855
 20
314.1030683786
 11
1165.4009675855
 21
234.1030683786
  0
LWPOLYLINE
  5
943
100
AcDbEntity
  8
0
100
AcDbPolyline
 62
7
  6
BYLAYER
 90
2
 70
0
 43
0.6
 10
1186.0
 20
28.0
 10
1186.0
 20
20.0
  0
LWPOLYLINE
  5
944
100
AcDbEntity
  8
0
100
AcDbPolyline
 62
7
  6
BYLAYER
 90
2
 70
0
 43
0.6
 10
1186.0
 20
1080.0
 10
1186.0
 20
1088.0
  0
LINE
  5
945
100
AcDbEntity
  8
0
100
AcDbLine
 62
7
  6
BYLAYER
 10
442.4091807535
 20
878.1931479761
 11
1100.6659370654
 21
935.8423864638
  0
LINE
  5
946
100
AcDbEntity
  8
0
100
AcDbLine
 62
7
  6
BYLAYER
 10
432.6548996809
 20
887.3171968822
 11
1109.7953029741
 21
946.6202396916
  0
LINE
  5
947
100
AcDbEntity
  8
0
100
AcDbLine
 62
7
  6
BYLAYER
 10
1110.0901119215
 20
946.727867654
 11
1109.7881927882
 21
946.7014259837
  0
LINE
  5
948
100
AcDbEntity
  8
0
100
AcDbLine
 62
7
  6
BYLAYER
 10
432.012554932
 20
887.3427501885
 11
432.4811317801
 21
887.3837875166
  0
LINE
  5
949
100
AcDbEntity
  8
0
100
AcDbLine
 62
7
  6
BYLAYER
 10
432.4656252004
 20
887.877631242
 11
1109.6060284936
 21
947.1806740514
  0
LINE
  5
94A
100
AcDbEntity
  8
0
100
AcDbLine
 62
7
  6
BYLAYER
 10
430.2916562303
 20
888.222829509
 11
429.8230793821
 21
888.181792181
  0
LINE
  5
94B
100
AcDbEntity
  8
0
100
AcDbLine
 62
7
  6
BYLAYER
 10
438.5105961295
 20
889.0399344031
 11
442.9850506302
 21
889.4318010906
  0
LINE
  5
94C
100
AcDbEntity
  8
0
100
AcDbLine
 62
7
  6
BYLAYER
 10
574.3978820994
 20
900.9407595465
 11
578.8723366001
 21
901.332626234
  0
LINE
  5
94D
100
AcDbEntity
  8
0
100
AcDbLine
 62
7
  6
BYLAYER
 10
700.9136311058
 20
912.0208381283
 11
705.3880856065
 21
912.4127048158
  0
LINE
  5
94E
100
AcDbEntity
  8
0
100
AcDbLine
 62
7
  6
BYLAYER
 10
832.1151485939
 20
923.5112899909
 11
836.5896030946
 21
923.9031566784
  0
LINE
  5
94F
100
AcDbEntity
  8
0
100
AcDbLine
 62
7
  6
BYLAYER
 10
958.6308976003
 20
934.5913685727
 11
963.105352101
 21
934.9832352602
  0
LINE
  5
950
100
AcDbEntity
  8
0
100
AcDbLine
 62
7
  6
BYLAYER
 10
1094.5181835701
 20
946.4921937161
 11
1098.9926380709
 21
946.8840604036
  0
LINE
  5
951
100
AcDbEntity
  8
0
100
AcDbLine
 62
7
  6
BYLAYER
 10
1107.4165529437
 20
948.0197160438
 11
1102.3860119721
 21
947.5791480536
  0
LINE
  5
952
100
AcDbEntity
  8
0
100
AcDbLine
 62
7
  6
BYLAYER
 10
430.2761496505
 20
888.7166732345
 11
435.3066906221
 21
889.1572412247
  0
LINE
  5
953
100
AcDbEntity
  8
0
100
AcDbLine
 62
7
  6
BYLAYER
 10
446.3784245315
 20
890.1268887406
 11
571.193976592
 21
901.0580663681
  0
LINE
  5
954
100
AcDbEntity
  8
0
100
AcDbLine
 62
7
  6
BYLAYER
 10
582.2657105013
 20
902.027713884
 11
697.7097255984
 21
912.1381449499
  0
LINE
  5
955
100
AcDbEntity
  8
0
100
AcDbLine
 62
7
  6
BYLAYER
 10
708.7814595077
 20
913.1077924658
 11
828.9112430865
 21
923.6285968125
  0
LINE
  5
956
100
AcDbEntity
  8
0
100
AcDbLine
 62
7
  6
BYLAYER
 10
839.9829769959
 20
924.5982443284
 11
955.4269920929
 21
934.7086753943
  0
LINE
  5
957
100
AcDbEntity
  8
0
100
AcDbLine
 62
7
  6
BYLAYER
 10
966.4987260023
 20
935.6783229102
 11
1091.3142780627
 21
946.6095005377
  0
LINE
  5
958
100
AcDbEntity
  8
0
100
AcDbLine
 62
7
  6
BYLAYER
 10
436.4024138669
 20
889.4495447702
 11
437.0188809932
 21
889.5035341293
  0
LINE
  5
959
100
AcDbEntity
  8
0
100
AcDbLine
 62
7
  6
BYLAYER
 10
443.8321482367
 20
890.1002308808
 11
444.448615363
 21
890.1542202399
  0
LINE
  5
95A
100
AcDbEntity
  8
0
100
AcDbLine
 62
7
  6
BYLAYER
 10
572.2896998368
 20
901.3503699136
 11
572.906166963
 21
901.4043592727
  0
LINE
  5
95B
100
AcDbEntity
  8
0
100
AcDbLine
 62
7
  6
BYLAYER
 10
579.7194342066
 20
902.0010560242
 11
580.3359013328
 21
902.0550453833
  0
LINE
  5
95C
100
AcDbEntity
  8
0
100
AcDbLine
 62
7
  6
BYLAYER
 10
698.8054488432
 20
912.4304484954
 11
699.4219159694
 21
912.4844378544
  0
LINE
  5
95D
100
AcDbEntity
  8
0
100
AcDbLine
 62
7
  6
BYLAYER
 10
706.235183213
 20
913.081134606
 11
706.8516503392
 21
913.1351239651
  0
LINE
  5
95E
100
AcDbEntity
  8
0
100
AcDbLine
 62
7
  6
BYLAYER
 10
830.0069663313
 20
923.9209003579
 11
830.6234334575
 21
923.974889717
  0
LINE
  5
95F
100
AcDbEntity
  8
0
100
AcDbLine
 62
7
  6
BYLAYER
 10
837.4367007011
 20
924.5715864686
 11
838.0531678273
 21
924.6255758277
  0
LINE
  5
960
100
AcDbEntity
  8
0
100
AcDbLine
 62
7
  6
BYLAYER
 10
956.5227153377
 20
935.0009789397
 11
957.1391824639
 21
935.0549682988
  0
LINE
  5
961
100
AcDbEntity
  8
0
100
AcDbLine
 62
7
  6
BYLAYER
 10
963.9524497075
 20
935.6516650504
 11
964.5689168337
 21
935.7056544095
  0
LINE
  5
962
100
AcDbEntity
  8
0
100
AcDbLine
 62
7
  6
BYLAYER
 10
1092.4100013075
 20
946.9018040831
 11
1093.0264684338
 21
946.9557934422
  0
LINE
  5
963
100
AcDbEntity
  8
0
100
AcDbLine
 62
7
  6
BYLAYER
 10
1099.8397356773
 20
947.5524901938
 11
1100.4562028036
 21
947.6064795529
  0
LWPOLYLINE
  5
964
100
AcDbEntity
  8
0
100
AcDbPolyline
 62
7
  6
BYLAYER
 90
2
 70
0
 43
0.6
 10
28.0
 20
948.5
 10
20.0
 20
948.5
  0
LWPOLYLINE
  5
965
100
AcDbEntity
  8
0
100
AcDbPolyline
 62
7
  6
BYLAYER
 90
2
 70
0
 43
0.6
 10
1572.0
 20
948.5
 10
1580.0
 20
948.5
  0
LINE
  5
966
100
AcDbEntity
  8
0
100
AcDbLine
 62
7
  6
BYLAYER
 10
707.2338796458
 20
913.1446377928
 11
708.3992302011
 21
913.0982786381
  0
LINE
  5
967
100
AcDbEntity
  8
0
100
AcDbLine
 62
7
  6
BYLAYER
 10
838.435397134
 20
924.6350896554
 11
839.6007476892
 21
924.5887305007
  0
LINE
  5
968
100
AcDbEntity
  8
0
100
AcDbLine
 62
7
  6
BYLAYER
 10
964.9511461404
 20
935.7151682372
 11
966.1164966956
 21
935.6688090825
  0
LINE
  5
969
100
AcDbEntity
  8
0
100
AcDbLine
 62
7
  6
BYLAYER
 10
831.4981810701
 20
923.6396724638
 11
830.6234334575
 21
923.974889717
  0
LINE
  5
96A
100
AcDbEntity
  8
0
100
AcDbLine
 62
7
  6
BYLAYER
 10
831.6926078784
 20
923.6127201089
 11
830.8178602658
 21
923.9479373621
  0
LINE
  5
96B
100
AcDbEntity
  8
0
100
AcDbLine
 62
7
  6
BYLAYER
 10
836.5896030946
 20
923.9031566784
 11
837.3492568815
 21
923.612045217
  0
LINE
  5
96C
100
AcDbEntity
  8
0
100
AcDbLine
 62
7
  6
BYLAYER
 10
836.9876492589
 20
924.1856179097
 11
837.8623968714
 21
923.8504006565
  0
LINE
  5
96D
100
AcDbEntity
  8
0
100
AcDbLine
 62
7
  6
BYLAYER
 10
837.0386545368
 20
924.2891252373
 11
837.9134021493
 21
923.9539079841
  0
LINE
  5
96E
100
AcDbEntity
  8
0
100
AcDbLine
 62
7
  6
BYLAYER
 10
837.4367007011
 20
924.5715864686
 11
838.3114483136
 21
924.2363692154
  0
LINE
  5
96F
100
AcDbEntity
  8
5_ALL_CURVES
100
AcDbLine
 62
5
  6
BYLAYER
 10
1074.2955400465
 20
788.1220044618
 11
1080.8279236604
 21
781.5896208479
  0
LINE
  5
970
100
AcDbEntity
  8
5_ALL_CURVES
100
AcDbLine
 62
5
  6
BYLAYER
 10
1108.8295356374
 20
773.4241322084
 11
1104.1692376002
 21
778.0844302456
  0
LINE
  5
971
100
AcDbEntity
  8
5_ALL_CURVES
100
AcDbLine
 62
5
  6
BYLAYER
 10
1060.9519441052
 20
843.8464147691
 11
1119.7832283
 21
785.0151305743
  0
LINE
  5
972
100
AcDbEntity
  8
5_ALL_CURVES
100
AcDbLine
 62
5
  6
BYLAYER
 10
1095.5656088194
 20
780.3946619348
 11
1075.9286350732
 21
800.1909763937
  0
LINE
  5
973
100
AcDbEntity
  8
0
100
AcDbLine
 62
3
  6
BYLAYER
 10
1523.239087489
 20
31.8850378611
 11
1523.119797024
 21
32.0906875765
  0
LINE
  5
974
100
AcDbEntity
  8
0
100
AcDbLine
 62
1
  6
BYLAYER
 10
1495.2695927231
 20
57.1687273614
 11
1490.5834047231
 21
65.2854433614
  0
LINE
  5
975
100
AcDbEntity
  8
0
100
AcDbLine
 62
3
  6
BYLAYER
 10
1524.7488589083
 20
32.5978140554
 11
1524.7995883254
 21
32.5072301632
  0
LINE
  5
976
100
AcDbEntity
  8
0
100
AcDbLine
 62
4
  6
BYLAYER
 10
1510.5766659657
 20
31.8063194165
 11
1510.3520482263
 21
32.2489757526
  0
LINE
  5
977
100
AcDbEntity
  8
0
100
AcDbLine
 62
7
  6
BYLAYER
 10
1100.8384321102
 20
947.6159933806
 11
1102.0037826655
 21
947.5696342259
  0
LINE
  5
978
100
AcDbEntity
  8
0
100
AcDbLine
 62
7
  6
BYLAYER
 10
958.0139300765
 20
934.7197510456
 11
957.1391824639
 21
935.0549682988
  0
LINE
  5
979
100
AcDbEntity
  8
0
100
AcDbLine
 62
7
  6
BYLAYER
 10
958.2083568848
 20
934.6927986907
 11
957.3336092722
 21
935.0280159439
  0
LINE
  5
97A
100
AcDbEntity
  8
0
100
AcDbLine
 62
7
  6
BYLAYER
 10
963.105352101
 20
934.9832352602
 11
963.8650058879
 21
934.6921237988
  0
LINE
  5
97B
100
AcDbEntity
  8
0
100
AcDbLine
 62
7
  6
BYLAYER
 10
963.5033982653
 20
935.2656964915
 11
964.3781458778
 21
934.9304792383
  0
LINE
  5
97C
100
AcDbEntity
  8
0
100
AcDbLine
 62
7
  6
BYLAYER
 10
963.5544035432
 20
935.3692038191
 11
964.4291511558
 21
935.0339865659
  0
LINE
  5
97D
100
AcDbEntity
  8
0
100
AcDbLine
 62
7
  6
BYLAYER
 10
963.9524497075
 20
935.6516650504
 11
964.82719732
 21
935.3164477972
  0
LINE
  5
97E
100
AcDbEntity
  8
5_ALL_CURVES
100
AcDbLine
 62
5
  6
BYLAYER
 10
1126.6342617796
 20
791.8661640539
 11
1067.8029775848
 21
850.6974482487
  0
LINE
  5
97F
100
AcDbEntity
  8
0
100
AcDbLine
 62
4
  6
BYLAYER
 10
1511.8201747302
 20
32.8857068996
 11
1511.9356939609
 21
32.651154746
  0
LINE
  5
980
100
AcDbEntity
  8
0
100
AcDbLine
 62
4
  6
BYLAYER
 10
1514.7872409775
 20
35.2005343853
 11
1514.6717482019
 21
35.4350174912
  0
LINE
  5
981
100
AcDbEntity
  8
0
100
AcDbLine
 62
3
  6
BYLAYER
 10
1523.119797024
 20
32.0906875765
 11
1523.0187146032
 21
32.3058720664
  0
LINE
  5
982
100
AcDbEntity
  8
0
100
AcDbLine
 62
4
  6
BYLAYER
 10
1516.1187886309
 20
36.1253484061
 11
1516.3216598938
 21
35.6659719195
  0
LWPOLYLINE
  5
983
100
AcDbEntity
  8
0
100
AcDbPolyline
 62
7
  6
BYLAYER
 90
2
 70
0
 43
0.6
 10
1282.5
 20
28.0
 10
1282.5
 20
20.0
  0
LWPOLYLINE
  5
984
100
AcDbEntity
  8
0
100
AcDbPolyline
 62
7
  6
BYLAYER
 90
2
 70
0
 43
0.6
 10
1282.5
 20
1080.0
 10
1282.5
 20
1088.0
  0
LINE
  5
985
100
AcDbEntity
  8
0
100
AcDbLine
 62
2
  6
BYLAYER
 10
1379.9925006873
 20
1050.0066899172
 11
1571.9925006873
 21
1050.0066899172
  0
LINE
  5
986
100
AcDbEntity
  8
0
100
AcDbLine
 62
1
  6
BYLAYER
 10
1386.5721171573
 20
1052.0748934743
 11
1393.4451928907
 21
1052.0748934743
  0
LINE
  5
987
100
AcDbEntity
  8
0
100
AcDbLine
 62
2
  6
BYLAYER
 10
1379.9925006873
 20
1060.0066899172
 11
1571.9925006873
 21
1060.0066899172
  0
LINE
  5
988
100
AcDbEntity
  8
0
100
AcDbLine
 62
2
  6
BYLAYER
 10
1386.5032613994
 20
1062.2770193543
 11
1393.4314643819
 21
1062.2770193543
  0
LINE
  5
989
100
AcDbEntity
  8
0
100
AcDbLine
 62
7
  6
BYLAYER
 10
1093.9012160463
 20
946.620576189
 11
1093.0264684338
 21
946.9557934422
  0
LINE
  5
98A
100
AcDbEntity
  8
0
100
AcDbLine
 62
7
  6
BYLAYER
 10
1094.0956428546
 20
946.5936238341
 11
1093.2208952421
 21
946.9288410873
  0
LINE
  5
98B
100
AcDbEntity
  8
0
100
AcDbLine
 62
7
  6
BYLAYER
 10
1098.9926380709
 20
946.8840604036
 11
1099.7522918578
 21
946.5929489422
  0
LINE
  5
98C
100
AcDbEntity
  8
0
100
AcDbLine
 62
7
  6
BYLAYER
 10
1099.3906842351
 20
947.1665216349
 11
1100.2654318477
 21
946.8313043817
  0
LINE
  5
98D
100
AcDbEntity
  8
0
100
AcDbLine
 62
7
  6
BYLAYER
 10
1099.4416895131
 20
947.2700289625
 11
1100.3164371256
 21
946.9348117093
  0
LINE
  5
98E
100
AcDbEntity
  8
0
100
AcDbLine
 62
7
  6
BYLAYER
 10
1099.8397356773
 20
947.5524901938
 11
1100.7144832899
 21
947.2172729406
  0
LINE
  5
98F
100
AcDbEntity
  8
0
100
AcDbLine
 62
7
  6
BYLAYER
 10
1110.0901119215
 20
946.727867654
 11
1109.7690891206
 21
946.8508887175
  0
LINE
  5
990
100
AcDbEntity
  8
0
100
AcDbLine
 62
7
  6
BYLAYER
 10
1109.6060284936
 20
947.1806740514
 11
1107.4165529437
 21
948.0197160438
  0
LINE
  5
991
100
AcDbEntity
  8
0
100
AcDbLine
 62
3
  6
BYLAYER
 10
1524.7103870589
 20
32.6942445075
 11
1524.7488589083
 21
32.5978140554
  0
LINE
  5
992
100
AcDbEntity
  8
0
100
AcDbLine
 62
4
  6
BYLAYER
 10
1511.7875579744
 20
32.972560313
 11
1511.8201747302
 21
32.8857068996
  0
LINE
  5
993
100
AcDbEntity
  8
0
100
AcDbLine
 62
4
  6
BYLAYER
 10
1514.8198841884
 20
35.1136119243
 11
1514.7872409775
 21
35.2005343853
  0
LINE
  5
994
100
AcDbEntity
  8
0
100
AcDbLine
 62
3
  6
BYLAYER
 10
1523.0187146032
 20
32.3058720664
 11
1522.9365957153
 21
32.528983045
  0
LINE
  5
995
100
AcDbEntity
  8
0
100
AcDbLine
 62
4
  6
BYLAYER
 10
1510.3520482263
 20
32.2489757526
 11
1510.1892141523
 21
32.736234282
  0
LINE
  5
996
100
AcDbEntity
  8
0
100
AcDbLine
 62
2
  6
BYLAYER
 10
1379.9925006873
 20
1070.0066899172
 11
1571.9925006873
 21
1070.0066899172
  0
LWPOLYLINE
  5
997
100
AcDbEntity
  8
0
100
AcDbPolyline
 62
7
  6
BYLAYER
 90
2
 70
0
 43
0.6
 10
28.0
 20
1080.0
 10
1572.0
 20
1080.0
  0
LINE
  5
998
100
AcDbEntity
  8
0
100
AcDbLine
 62
2
  6
BYLAYER
 10
1379.9925006873
 20
1080.0066899172
 11
1571.9925006873
 21
1080.0066899172
  0
LINE
  5
999
100
AcDbEntity
  8
0
100
AcDbLine
 62
7
  6
BYLAYER
 10
12.0
 20
1096.0
 11
1588.0
 21
1096.0
  0
LINE
  5
99A
100
AcDbEntity
  8
0
100
AcDbLine
 62
7
  6
BYLAYER
 10
0.0
 20
1108.0
 11
1600.0
 21
1108.0
  0
LINE
  5
99B
100
AcDbEntity
  8
0
100
AcDbLine
 62
7
  6
BYLAYER
 10
0.0
 20
1108.0
 11
50.0
 21
1108.0
  0
LINE
  5
99C
100
AcDbEntity
  8
0
100
AcDbLine
 62
4
  6
BYLAYER
 10
1516.3216598938
 20
35.6659719195
 11
1516.4055912455
 21
35.3978894794
  0
LINE
  5
99D
100
AcDbEntity
  8
0
100
AcDbLine
 62
4
  6
BYLAYER
 10
1532.288819265
 20
30.4664347428
 11
1531.7423429383
 21
32.2203292445
  0
LINE
  5
99E
100
AcDbEntity
  8
0
100
AcDbLine
 62
4
  6
BYLAYER
 10
1531.0770942635
 20
34.3554189744
 11
1530.0142940975
 21
37.7664347428
  0
LINE
  5
99F
100
AcDbEntity
  8
0
100
AcDbLine
 62
4
  6
BYLAYER
 10
1534.3836522821
 20
30.4664347428
 11
1533.2131654086
 21
34.2230668078
  0
LINE
  5
9A0
100
AcDbEntity
  8
0
100
AcDbLine
 62
4
  6
BYLAYER
 10
1532.5479167338
 20
36.3581565378
 11
1532.1091271146
 21
37.7664347428
  0
LINE
  5
9A1
100
AcDbEntity
  8
0
100
AcDbLine
 62
3
  6
BYLAYER
 10
1522.9365957153
 20
32.528983045
 11
1522.8740541157
 21
32.7583529837
  0
LINE
  5
9A2
100
AcDbEntity
  8
0
100
AcDbLine
 62
4
  6
BYLAYER
 10
1511.7132438003
 20
33.2474424901
 11
1511.7875579744
 21
32.972560313
  0
LINE
  5
9A3
100
AcDbEntity
  8
0
100
AcDbLine
 62
4
  6
BYLAYER
 10
1514.8942038582
 20
34.8387000069
 11
1514.8198841884
 21
35.1136119243
  0
LINE
  5
9A4
100
AcDbEntity
  8
0
100
AcDbLine
 62
4
  6
BYLAYER
 10
1510.1892141523
 20
32.736234282
 11
1510.1813663395
 21
32.76741442
  0
LINE
  5
9A5
100
AcDbEntity
  8
0
100
AcDbLine
 62
2
  6
BYLAYER
 10
1377.199370133
 20
83.0002529871
 11
1377.199370133
 21
28.0002529871
  0
LWPOLYLINE
  5
9A6
100
AcDbEntity
  8
0
100
AcDbPolyline
 62
7
  6
BYLAYER
 90
2
 70
0
 43
0.6
 10
1379.0
 20
28.0
 10
1379.0
 20
20.0
  0
LWPOLYLINE
  5
9A7
100
AcDbEntity
  8
0
100
AcDbPolyline
 62
7
  6
BYLAYER
 90
2
 70
0
 43
0.6
 10
1379.0
 20
1080.0
 10
1379.0
 20
1088.0
  0
LINE
  5
9A8
100
AcDbEntity
  8
0
100
AcDbLine
 62
2
  6
BYLAYER
 10
1379.9925006873
 20
1080.0066899172
 11
1379.9925006873
 21
1050.0066899172
  0
LINE
  5
9A9
100
AcDbEntity
  8
0
100
AcDbLine
 62
4
  6
BYLAYER
 10
1385.9184542151
 20
74.3777230306
 11
1385.9184542151
 21
78.4399950306
  0
LINE
  5
9AA
100
AcDbEntity
  8
0
100
AcDbLine
 62
4
  6
BYLAYER
 10
1396.0455302151
 20
78.4399950306
 11
1396.0455302151
 21
74.3777230306
  0
LINE
  5
9AB
100
AcDbEntity
  8
0
100
AcDbLine
 62
2
  6
BYLAYER
 10
1399.9925006873
 20
1080.0066899172
 11
1399.9925006873
 21
1050.0066899172
  0
LINE
  5
9AC
100
AcDbEntity
  8
0
100
AcDbLine
 62
3
  6
BYLAYER
 10
1524.6848310413
 20
32.7948715677
 11
1524.7103870589
 21
32.6942445075
  0
LINE
  5
9AD
100
AcDbEntity
  8
0
100
AcDbLine
 62
4
  6
BYLAYER
 10
1499.7484973006
 20
30.4664347428
 11
1498.9146225894
 21
34.7202722297
  0
LINE
  5
9AE
100
AcDbEntity
  8
0
100
AcDbLine
 62
4
  6
BYLAYER
 10
1500.4754070375
 20
33.5189470127
 11
1499.6427770616
 21
37.7664347428
  0
LINE
  5
9AF
100
AcDbEntity
  8
0
100
AcDbLine
 62
4
  6
BYLAYER
 10
1506.4881652944
 20
30.4664347428
 11
1505.6542905831
 21
34.7202722297
  0
LINE
  5
9B0
100
AcDbEntity
  8
0
100
AcDbLine
 62
4
  6
BYLAYER
 10
1507.2150750312
 20
33.5189470127
 11
1506.3824450553
 21
37.7664347428
  0
LINE
  5
9B1
100
AcDbEntity
  8
0
100
AcDbLine
 62
4
  6
BYLAYER
 10
1516.4055912455
 20
35.3978894794
 11
1516.5082144102
 21
34.8737199643
  0
LINE
  5
9B2
100
AcDbEntity
  8
0
100
AcDbLine
 62
3
  6
BYLAYER
 10
1522.8740541157
 20
32.7583529837
 11
1522.8315572394
 21
32.992267575
  0
LINE
  5
9B3
100
AcDbEntity
  8
0
100
AcDbLine
 62
4
  6
BYLAYER
 10
1511.6976872859
 20
33.3351055863
 11
1511.7132438003
 21
33.2474424901
  0
LINE
  5
9B4
100
AcDbEntity
  8
0
100
AcDbLine
 62
4
  6
BYLAYER
 10
1514.909754877
 20
34.751066651
 11
1514.8942038582
 21
34.8387000069
  0
LINE
  5
9B5
100
AcDbEntity
  8
0
100
AcDbLine
 62
4
  6
BYLAYER
 10
1510.1813663395
 20
32.76741442
 11
1510.0898838201
 21
33.2959932283
  0
LINE
  5
9B6
100
AcDbEntity
  8
0
100
AcDbLine
 62
3
  6
BYLAYER
 10
1522.8315572394
 20
32.992267575
 11
1522.8094227075
 21
33.2289785443
  0
LINE
  5
9B7
100
AcDbEntity
  8
0
100
AcDbLine
 62
4
  6
BYLAYER
 10
1511.6702450578
 20
33.6411156303
 11
1511.6976872859
 21
33.3351055863
  0
LINE
  5
9B8
100
AcDbEntity
  8
0
100
AcDbLine
 62
4
  6
BYLAYER
 10
1514.9371969322
 20
34.4450677772
 11
1514.909754877
 21
34.751066651
  0
LINE
  5
9B9
100
AcDbEntity
  8
0
100
AcDbLine
 62
2
  6
BYLAYER
 10
1428.199370133
 20
83.0002529871
 11
1428.199370133
 21
28.0002529871
  0
LINE
  5
9BA
100
AcDbEntity
  8
0
100
AcDbLine
 62
2
  6
BYLAYER
 10
1435.9925006873
 20
1080.0066899172
 11
1435.9925006873
 21
1050.0066899172
  0
LWPOLYLINE
  5
9BB
100
AcDbEntity
  8
0
100
AcDbPolyline
 62
7
  6
BYLAYER
 90
2
 70
0
 43
0.6
 10
1475.5
 20
28.0
 10
1475.5
 20
20.0
  0
LWPOLYLINE
  5
9BC
100
AcDbEntity
  8
0
100
AcDbPolyline
 62
7
  6
BYLAYER
 90
2
 70
0
 43
0.6
 10
1475.5
 20
1080.0
 10
1475.5
 20
1088.0
  0
LINE
  5
9BD
100
AcDbEntity
  8
0
100
AcDbLine
 62
2
  6
BYLAYER
 10
1476.199370133
 20
83.0002529871
 11
1476.199370133
 21
28.0002529871
  0
LINE
  5
9BE
100
AcDbEntity
  8
0
100
AcDbLine
 62
3
  6
BYLAYER
 10
1524.6726281259
 20
32.8979734792
 11
1524.6848310413
 21
32.7948715677
  0
LINE
  5
9BF
100
AcDbEntity
  8
0
100
AcDbLine
 62
4
  6
BYLAYER
 10
1516.5082144102
 20
34.8737199643
 11
1516.5378234853
 21
34.3259056813
  0
LINE
  5
9C0
100
AcDbEntity
  8
0
100
AcDbLine
 62
4
  6
BYLAYER
 10
1510.0898838201
 20
33.2959932283
 11
1510.0718317531
 21
33.8471883814
  0
LINE
  5
9C1
100
AcDbEntity
  8
0
100
AcDbLine
 62
4
  6
BYLAYER
 10
1511.6695355754
 20
33.7248581544
 11
1511.6702450578
 21
33.6411156303
  0
LINE
  5
9C2
100
AcDbEntity
  8
0
100
AcDbLine
 62
4
  6
BYLAYER
 10
1514.9379065875
 20
34.3613140828
 11
1514.9371969322
 21
34.4450677772
  0
LINE
  5
9C3
100
AcDbEntity
  8
0
100
AcDbLine
 62
3
  6
BYLAYER
 10
1522.8094227075
 20
33.2289785443
 11
1522.8078159532
 21
33.4667167171
  0
LINE
  5
9C4
100
AcDbEntity
  8
0
100
AcDbLine
 62
2
  6
BYLAYER
 10
1498.199370133
 20
83.0002529871
 11
1498.199370133
 21
70.0002529871
  0
LINE
  5
9C5
100
AcDbEntity
  8
0
100
AcDbLine
 62
2
  6
BYLAYER
 10
1518.199370133
 20
83.0002529871
 11
1518.199370133
 21
70.0002529871
  0
LINE
  5
9C6
100
AcDbEntity
  8
0
100
AcDbLine
 62
2
  6
BYLAYER
 10
1528.999370133
 20
83.0002529871
 11
1528.999370133
 21
70.0002529871
  0
LINE
  5
9C7
100
AcDbEntity
  8
0
100
AcDbLine
 62
3
  6
BYLAYER
 10
1524.6739871081
 20
33.0017861396
 11
1524.6726281259
 21
32.8979734792
  0
LINE
  5
9C8
100
AcDbEntity
  8
0
100
AcDbLine
 62
4
  6
BYLAYER
 10
1512.3208156774
 20
37.4195951486
 11
1512.7761451289
 21
37.5861770662
  0
LINE
  5
9C9
100
AcDbEntity
  8
0
100
AcDbLine
 62
4
  6
BYLAYER
 10
1511.7132438003
 20
33.2474424901
 11
1510.1813663395
 21
32.76741442
  0
LINE
  5
9CA
100
AcDbEntity
  8
0
100
AcDbLine
 62
7
  6
BYLAYER
 10
1547.6638027375
 20
73.5135852722
 11
1547.6623627375
 21
79.6545352722
  0
LINE
  5
9CB
100
AcDbEntity
  8
0
100
AcDbLine
 62
7
  6
BYLAYER
 10
1560.7433307375
 20
82.3750012722
 11
1560.7460427375
 21
70.7992492722
  0
LINE
  5
9CC
100
AcDbEntity
  8
0
100
AcDbLine
 62
2
  6
BYLAYER
 10
1539.9925006873
 20
1080.0066899172
 11
1539.9925006873
 21
1050.0066899172
  0
LINE
  5
9CD
100
AcDbEntity
  8
DEFAULT_1
100
AcDbLine
 62
1
  6
BYLAYER
 10
1540.5856727375
 20
70.0181932722
 11
1540.5856727375
 21
83.0960872722
  0
LINE
  5
9CE
100
AcDbEntity
  8
0
100
AcDbLine
 62
2
  6
BYLAYER
 10
1549.999370133
 20
70.0002529871
 11
1549.999370133
 21
28.0002529871
  0
LINE
  5
9CF
100
AcDbEntity
  8
0
100
AcDbLine
 62
2
  6
BYLAYER
 10
1571.9925006873
 20
1080.0066899172
 11
1571.9925006873
 21
1050.0066899172
  0
LINE
  5
9D0
100
AcDbEntity
  8
0
100
AcDbLine
 62
2
  6
BYLAYER
 10
1571.999370133
 20
83.0002529871
 11
1571.999370133
 21
28.0002529871
  0
LWPOLYLINE
  5
9D1
100
AcDbEntity
  8
0
100
AcDbPolyline
 62
7
  6
BYLAYER
 90
2
 70
0
 43
0.6
 10
1572.0
 20
28.0
 10
1572.0
 20
1080.0
  0
LINE
  5
9D2
100
AcDbEntity
  8
0
100
AcDbLine
 62
7
  6
BYLAYER
 10
1588.0
 20
12.0
 11
1588.0
 21
1096.0
  0
LINE
  5
9D3
100
AcDbEntity
  8
0
100
AcDbLine
 62
7
  6
BYLAYER
 10
1600.0
 20
0.0
 11
1600.0
 21
50.0
  0
LINE
  5
9D4
100
AcDbEntity
  8
0
100
AcDbLine
 62
7
  6
BYLAYER
 10
1600.0
 20
0.0
 11
1600.0
 21
1108.0
  0
LINE
  5
9D5
100
AcDbEntity
  8
0
100
AcDbLine
 62
4
  6
BYLAYER
 10
1511.6927377066
 20
34.0498061631
 11
1511.6695355754
 21
33.7248581544
  0
LINE
  5
9D6
100
AcDbEntity
  8
0
100
AcDbLine
 62
4
  6
BYLAYER
 10
1514.9147039301
 20
34.0363623658
 11
1514.9379065875
 21
34.3613140828
  0
LINE
  5
9D7
100
AcDbEntity
  8
0
100
AcDbLine
 62
3
  6
BYLAYER
 10
1522.8078159532
 20
33.4667167171
 11
1522.8267489854
 21
33.7037052417
  0
LINE
  5
9D8
100
AcDbEntity
  8
0
100
AcDbLine
 62
4
  6
BYLAYER
 10
1510.0718317531
 20
33.8471883814
 11
1510.1027761118
 21
34.2305018528
  0
LINE
  5
9D9
100
AcDbEntity
  8
0
100
AcDbLine
 62
4
  6
BYLAYER
 10
1516.5378234853
 20
34.3259056813
 11
1516.4918192246
 21
33.7622259555
  0
LINE
  5
9DA
100
AcDbEntity
  8
0
100
AcDbLine
 62
3
  6
BYLAYER
 10
1524.6888847352
 20
33.1045332855
 11
1524.6739871081
 21
33.0017861396
  0
LINE
  5
9DB
100
AcDbEntity
  8
0
100
AcDbLine
 62
4
  6
BYLAYER
 10
1511.7041846974
 20
34.1268400448
 11
1511.6927377066
 21
34.0498061631
  0
LINE
  5
9DC
100
AcDbEntity
  8
0
100
AcDbLine
 62
4
  6
BYLAYER
 10
1514.9032574655
 20
33.9593321925
 11
1514.9147039301
 21
34.0363623658
  0
LINE
  5
9DD
100
AcDbEntity
  8
0
100
AcDbLine
 62
4
  6
BYLAYER
 10
1516.4918192246
 20
33.7622259555
 11
1516.490495403
 21
33.753386375
  0
LINE
  5
9DE
100
AcDbEntity
  8
0
100
AcDbLine
 62
3
  6
BYLAYER
 10
1522.8267489854
 20
33.7037052417
 11
1522.8660802988
 21
33.9381728691
  0
LINE
  5
9DF
100
AcDbEntity
  8
0
100
AcDbLine
 62
4
  6
BYLAYER
 10
1510.1027761118
 20
34.2305018528
 11
1510.2136233592
 21
34.7990910648
  0
LINE
  5
9E0
100
AcDbEntity
  8
0
100
AcDbLine
 62
4
  6
BYLAYER
 10
1495.0449891585
 20
39.9664347428
 11
1493.0695455842
 21
30.4507356882
  0
LINE
  5
9E1
100
AcDbEntity
  8
0
100
AcDbLine
 62
1
  6
BYLAYER
 10
1518.7501329662
 20
39.9664347428
 11
1516.7779484901
 21
30.4664347428
  0
LINE
  5
9E2
100
AcDbEntity
  8
0
100
AcDbLine
 62
1
  6
BYLAYER
 10
1521.0991718252
 20
39.9664347428
 11
1519.4817525189
 21
32.1753362955
  0
LINE
  5
9E3
100
AcDbEntity
  8
0
100
AcDbLine
 62
1
  6
BYLAYER
 10
1522.0350556266
 20
32.1753362955
 11
1521.6802904567
 21
30.4664347428
  0
LINE
  5
9E4
100
AcDbEntity
  8
0
100
AcDbLine
 62
4
  6
BYLAYER
 10
1516.490495403
 20
33.753386375
 11
1516.3864819257
 21
33.2590870824
  0
LINE
  5
9E5
100
AcDbEntity
  8
0
100
AcDbLine
 62
7
  6
BYLAYER
 10
1523.6798024798
 20
37.7664347428
 11
1522.8660802988
 21
33.9381728691
  0
LINE
  5
9E6
100
AcDbEntity
  8
0
100
AcDbLine
 62
3
  6
BYLAYER
 10
1525.6798024798
 20
37.7664347428
 11
1524.6888847352
 21
33.1045332855
  0
LINE
  5
9E7
100
AcDbEntity
  8
0
100
AcDbLine
 62
3
  6
BYLAYER
 10
1527.3026757516
 20
37.7664347428
 11
1526.241605624
 21
32.7744922721
  0
LINE
  5
9E8
100
AcDbEntity
  8
0
100
AcDbLine
 62
3
  6
BYLAYER
 10
1529.3026757516
 20
37.7664347428
 11
1528.2458921028
 21
32.7946585696
  0
LINE
  5
9E9
100
AcDbEntity
  8
0
100
AcDbLine
 62
4
  6
BYLAYER
 10
1503.3897652321
 20
37.7664347428
 11
1501.761446966
 21
30.4664347428
  0
LINE
  5
9EA
100
AcDbEntity
  8
0
100
AcDbLine
 62
4
  6
BYLAYER
 10
1510.1294332258
 20
37.7664347428
 11
1508.5011149597
 21
30.4664347428
  0
LINE
  5
9EB
100
AcDbEntity
  8
0
100
AcDbLine
 62
4
  6
BYLAYER
 10
1511.7790686884
 20
34.4563642111
 11
1511.7041846974
 21
34.1268400448
  0
LINE
  5
9EC
100
AcDbEntity
  8
0
100
AcDbLine
 62
4
  6
BYLAYER
 10
1514.8283737874
 20
33.6298090555
 11
1514.9032574655
 21
33.9593321925
  0
LINE
  5
9ED
100
AcDbEntity
  8
0
100
AcDbLine
 62
4
  6
BYLAYER
 10
1501.488513395
 20
37.7664347428
 11
1500.4754070375
 21
33.5189470127
  0
LINE
  5
9EE
100
AcDbEntity
  8
0
100
AcDbLine
 62
4
  6
BYLAYER
 10
1508.2281813887
 20
37.7664347428
 11
1507.2150750312
 21
33.5189470127
  0
LINE
  5
9EF
100
AcDbEntity
  8
0
100
AcDbLine
 62
4
  6
BYLAYER
 10
1497.3449891585
 20
39.9664347428
 11
1495.0703571281
 21
30.4507356882
  0
LINE
  5
9F0
100
AcDbEntity
  8
0
100
AcDbLine
 62
4
  6
BYLAYER
 10
1497.5864307018
 20
37.7664347428
 11
1495.841439217
 21
30.4664347428
  0
LINE
  5
9F1
100
AcDbEntity
  8
0
100
AcDbLine
 62
4
  6
BYLAYER
 10
1498.9146225894
 20
34.7202722297
 11
1497.8977855768
 21
30.4664347428
  0
LINE
  5
9F2
100
AcDbEntity
  8
0
100
AcDbLine
 62
4
  6
BYLAYER
 10
1504.3260986955
 20
37.7664347428
 11
1502.5811072108
 21
30.4664347428
  0
LINE
  5
9F3
100
AcDbEntity
  8
0
100
AcDbLine
 62
4
  6
BYLAYER
 10
1505.6542905831
 20
34.7202722297
 11
1504.6374535705
 21
30.4664347428
  0
LINE
  5
9F4
100
AcDbEntity
  8
0
100
AcDbLine
 62
3
  6
BYLAYER
 10
1528.2458921028
 20
32.7946585696
 11
1528.1592840261
 21
32.4802213654
  0
LINE
  5
9F5
100
AcDbEntity
  8
0
100
AcDbLine
 62
3
  6
BYLAYER
 10
1526.2134242544
 20
32.6745686728
 11
1526.241605624
 21
32.7744922721
  0
LINE
  5
9F6
100
AcDbEntity
  8
0
100
AcDbLine
 62
4
  6
BYLAYER
 10
1510.2136233592
 20
34.7990910648
 11
1510.3094656895
 21
35.1125544567
  0
LINE
  5
9F7
100
AcDbEntity
  8
0
100
AcDbLine
 62
4
  6
BYLAYER
 10
1511.8003031056
 20
34.5256033187
 11
1511.7790686884
 21
34.4563642111
  0
LINE
  5
9F8
100
AcDbEntity
  8
0
100
AcDbLine
 62
4
  6
BYLAYER
 10
1514.8071390572
 20
33.5605689186
 11
1514.8283737874
 21
33.6298090555
  0
LINE
  5
9F9
100
AcDbEntity
  8
0
100
AcDbLine
 62
4
  6
BYLAYER
 10
1511.8233287049
 20
34.5942686801
 11
1511.8003031056
 21
34.5256033187
  0
LINE
  5
9FA
100
AcDbEntity
  8
0
100
AcDbLine
 62
4
  6
BYLAYER
 10
1514.7841138016
 20
33.4919045736
 11
1514.8071390572
 21
33.5605689186
  0
LINE
  5
9FB
100
AcDbEntity
  8
0
100
AcDbLine
 62
4
  6
BYLAYER
 10
1516.3864819257
 20
33.2590870824
 11
1516.1974441357
 21
32.7101764717
  0
LINE
  5
9FC
100
AcDbEntity
  8
0
100
AcDbLine
 62
3
  6
BYLAYER
 10
1528.1592840261
 20
32.4802213654
 11
1528.036058792
 21
32.1782490885
  0
LINE
  5
9FD
100
AcDbEntity
  8
0
100
AcDbLine
 62
4
  6
BYLAYER
 10
1511.9541970236
 20
34.9058237272
 11
1511.8233287049
 21
34.5942686801
  0
LINE
  5
9FE
100
AcDbEntity
  8
0
100
AcDbLine
 62
4
  6
BYLAYER
 10
1514.6532451393
 20
33.18034851
 11
1514.7841138016
 21
33.4919045736
  0
LINE
  5
9FF
100
AcDbEntity
  8
0
100
AcDbLine
 62
4
  6
BYLAYER
 10
1510.3094656895
 20
35.1125544567
 11
1510.5363124701
 21
35.6477423642
  0
LINE
  5
A00
100
AcDbEntity
  8
0
100
AcDbLine
 62
3
  6
BYLAYER
 10
1526.1724413334
 20
32.5791783406
 11
1526.2134242544
 21
32.6745686728
  0
LINE
  5
A01
100
AcDbEntity
  8
0
100
AcDbLine
 62
4
  6
BYLAYER
 10
1516.1974441357
 20
32.7101764717
 11
1515.9401696722
 21
32.1977636905
  0
LINE
  5
A02
100
AcDbEntity
  8
0
100
AcDbLine
 62
4
  6
BYLAYER
 10
1511.9897160929
 20
34.9751278761
 11
1511.9541970236
 21
34.9058237272
  0
LINE
  5
A03
100
AcDbEntity
  8
0
100
AcDbLine
 62
4
  6
BYLAYER
 10
1514.617724341
 20
33.1110410408
 11
1514.6532451393
 21
33.18034851
  0
LINE
  5
A04
100
AcDbEntity
  8
0
100
AcDbLine
 62
3
  6
BYLAYER
 10
1528.036058792
 20
32.1782490885
 11
1527.8779496474
 21
31.8929891848
  0
LINE
  5
A05
100
AcDbEntity
  8
0
100
AcDbLine
 62
4
  6
BYLAYER
 10
1510.5363124701
 20
35.6477423642
 11
1510.7346197067
 21
35.9984666762
  0
LINE
  5
A06
100
AcDbEntity
  8
0
100
AcDbLine
 62
1
  6
BYLAYER
 10
1490.5834047231
 20
65.2854433614
 11
1485.8972167231
 21
57.1687273614
  0
LINE
  5
A07
100
AcDbEntity
  8
0
100
AcDbLine
 62
3
  6
BYLAYER
 10
1526.1193580901
 20
32.4899534306
 11
1526.1724413334
 21
32.5791783406
  0
LINE
  5
A08
100
AcDbEntity
  8
0
100
AcDbLine
 62
4
  6
BYLAYER
 10
1512.1599523942
 20
35.2528896133
 11
1511.9897160929
 21
34.9751278761
  0
LINE
  5
A09
100
AcDbEntity
  8
0
100
AcDbLine
 62
4
  6
BYLAYER
 10
1514.4474897686
 20
32.833282624
 11
1514.617724341
 21
33.1110410408
  0
LINE
  5
A0A
100
AcDbEntity
  8
0
100
AcDbLine
 62
4
  6
BYLAYER
 10
1515.9401696722
 20
32.1977636905
 11
1515.6214058454
 21
31.7319456807
  0
LINE
  5
A0B
100
AcDbEntity
  8
0
100
AcDbLine
 62
3
  6
BYLAYER
 10
1527.8779496474
 20
31.8929891848
 11
1527.6871805051
 21
31.6284540289
  0
LINE
  5
A0C
100
AcDbEntity
  8
0
100
AcDbLine
 62
4
  6
BYLAYER
 10
1510.7346197067
 20
35.9984666762
 11
1511.0611724878
 21
36.4468151947
  0
LINE
  5
A0D
100
AcDbEntity
  8
0
100
AcDbLine
 62
4
  6
BYLAYER
 10
1512.2092698732
 20
35.3205872581
 11
1512.1599523942
 21
35.2528896133
  0
LINE
  5
A0E
100
AcDbEntity
  8
0
100
AcDbLine
 62
4
  6
BYLAYER
 10
1514.3981789301
 20
32.7655939615
 11
1514.4474897686
 21
32.833282624
  0
LINE
  5
A0F
100
AcDbEntity
  8
0
100
AcDbLine
 62
4
  6
BYLAYER
 10
1533.5821646884
 20
37.7664347428
 11
1532.5479167338
 21
36.3581565378
  0
LINE
  5
A10
100
AcDbEntity
  8
0
100
AcDbLine
 62
7
  6
BYLAYER
 10
1531.0770942635
 20
34.3554189744
 11
1528.2210009344
 21
30.4664347428
  0
LINE
  5
A11
100
AcDbEntity
  8
0
100
AcDbLine
 62
4
  6
BYLAYER
 10
1535.815436058
 20
37.7664347428
 11
1533.2131654086
 21
34.2230668078
  0
LINE
  5
A12
100
AcDbEntity
  8
0
100
AcDbLine
 62
4
  6
BYLAYER
 10
1531.7423429383
 20
32.2203292445
 11
1530.4542723039
 21
30.4664347428
  0
LINE
  5
A13
100
AcDbEntity
  8
0
100
AcDbLine
 62
3
  6
BYLAYER
 10
1526.0550827936
 20
32.4084206056
 11
1526.1193580901
 21
32.4899534306
  0
LINE
  5
A14
100
AcDbEntity
  8
0
100
AcDbLine
 62
4
  6
BYLAYER
 10
1512.4096621541
 20
35.5534634295
 11
1512.2092698732
 21
35.3205872581
  0
LINE
  5
A15
100
AcDbEntity
  8
0
100
AcDbLine
 62
4
  6
BYLAYER
 10
1514.1977800088
 20
32.5327088078
 11
1514.3981789301
 21
32.7655939615
  0
LINE
  5
A16
100
AcDbEntity
  8
0
100
AcDbLine
 62
4
  6
BYLAYER
 10
1515.6214058454
 20
31.7319456807
 11
1515.277046709
 21
31.3495864084
  0
LINE
  5
A17
100
AcDbEntity
  8
0
100
AcDbLine
 62
3
  6
BYLAYER
 10
1527.6871805051
 20
31.6284540289
 11
1527.4664346631
 21
31.3883644882
  0
LINE
  5
A18
100
AcDbEntity
  8
0
100
AcDbLine
 62
4
  6
BYLAYER
 10
1511.0611724878
 20
36.4468151947
 11
1511.4360840672
 21
36.835394344
  0
LINE
  5
A19
100
AcDbEntity
  8
0
100
AcDbLine
 62
4
  6
BYLAYER
 10
1512.4733067715
 20
35.6156791989
 11
1512.4096621541
 21
35.5534634295
  0
LINE
  5
A1A
100
AcDbEntity
  8
0
100
AcDbLine
 62
4
  6
BYLAYER
 10
1514.1341136153
 20
32.4704720511
 11
1514.1977800088
 21
32.5327088078
  0
LINE
  5
A1B
100
AcDbEntity
  8
0
100
AcDbLine
 62
3
  6
BYLAYER
 10
1525.980715212
 20
32.335974915
 11
1526.0550827936
 21
32.4084206056
  0
LINE
  5
A1C
100
AcDbEntity
  8
0
100
AcDbLine
 62
4
  6
BYLAYER
 10
1511.4360840672
 20
36.835394344
 11
1511.4723265016
 21
36.8675905729
  0
LINE
  5
A1D
100
AcDbEntity
  8
0
100
AcDbLine
 62
3
  6
BYLAYER
 10
1527.4664346631
 20
31.3883644882
 11
1527.218817062
 21
31.1760975856
  0
LINE
  5
A1E
100
AcDbEntity
  8
0
100
AcDbLine
 62
4
  6
BYLAYER
 10
1515.277046709
 20
31.3495864084
 11
1514.8761740627
 21
31.0115196365
  0
LINE
  5
A1F
100
AcDbEntity
  8
0
100
AcDbLine
 62
4
  6
BYLAYER
 10
1512.6937300971
 20
35.7959942927
 11
1512.4733067715
 21
35.6156791989
  0
LINE
  5
A20
100
AcDbEntity
  8
0
100
AcDbLine
 62
4
  6
BYLAYER
 10
1513.9137120657
 20
32.2901779446
 11
1514.1341136153
 21
32.4704720511
  0
LINE
  5
A21
100
AcDbEntity
  8
0
100
AcDbLine
 62
4
  6
BYLAYER
 10
1511.4723265016
 20
36.8675905729
 11
1511.8837998992
 21
37.1795375633
  0
LINE
  5
A22
100
AcDbEntity
  8
0
100
AcDbLine
 62
3
  6
BYLAYER
 10
1525.8975277952
 20
32.2738559246
 11
1525.980715212
 21
32.335974915
  0
LINE
  5
A23
100
AcDbEntity
  8
0
100
AcDbLine
 62
4
  6
BYLAYER
 10
1514.8761740627
 20
31.0115196365
 11
1514.809897328
 21
30.9644979807
  0
LINE
  5
A24
100
AcDbEntity
  8
0
100
AcDbLine
 62
4
  6
BYLAYER
 10
1512.7708608143
 20
35.8476851622
 11
1512.6937300971
 21
35.7959942927
  0
LINE
  5
A25
100
AcDbEntity
  8
0
100
AcDbLine
 62
4
  6
BYLAYER
 10
1513.8366430455
 20
32.2385278313
 11
1513.9137120657
 21
32.2901779446
  0
LINE
  5
A26
100
AcDbEntity
  8
0
100
AcDbLine
 62
3
  6
BYLAYER
 10
1527.218817062
 20
31.1760975856
 11
1526.9478106121
 21
30.9946389997
  0
LINE
  5
A27
100
AcDbEntity
  8
0
100
AcDbLine
 62
4
  6
BYLAYER
 10
1514.809897328
 20
30.9644979807
 11
1514.3773010321
 21
30.7095974513
  0
LINE
  5
A28
100
AcDbEntity
  8
0
100
AcDbLine
 62
3
  6
BYLAYER
 10
1525.806943903
 20
32.2231265075
 11
1525.8975277952
 21
32.2738559246
  0
LINE
  5
A29
100
AcDbEntity
  8
0
100
AcDbLine
 62
4
  6
BYLAYER
 10
1511.8837998992
 20
37.1795375633
 11
1512.3208156774
 21
37.4195951486
  0
LINE
  5
A2A
100
AcDbEntity
  8
0
100
AcDbLine
 62
4
  6
BYLAYER
 10
1513.0012396516
 20
35.9711618778
 11
1512.7708608143
 21
35.8476851622
  0
LINE
  5
A2B
100
AcDbEntity
  8
0
100
AcDbLine
 62
4
  6
BYLAYER
 10
1513.6062025112
 20
32.1150103595
 11
1513.8366430455
 21
32.2385278313
  0
LINE
  5
A2C
100
AcDbEntity
  8
0
100
AcDbLine
 62
3
  6
BYLAYER
 10
1526.9478106121
 20
30.9946389997
 11
1526.6572272037
 21
30.846541069
  0
LINE
  5
A2D
100
AcDbEntity
  8
0
100
AcDbLine
 62
4
  6
BYLAYER
 10
1513.0884043455
 20
36.0065673473
 11
1513.0012396516
 21
35.9711618778
  0
LINE
  5
A2E
100
AcDbEntity
  8
0
100
AcDbLine
 62
4
  6
BYLAYER
 10
1513.5188903352
 20
32.0795457924
 11
1513.6062025112
 21
32.1150103595
  0
LINE
  5
A2F
100
AcDbEntity
  8
0
100
AcDbLine
 62
4
  6
BYLAYER
 10
1514.3773010321
 20
30.7095974513
 11
1513.9255401421
 21
30.5280326427
  0
LINE
  5
A30
100
AcDbEntity
  8
0
100
AcDbLine
 62
3
  6
BYLAYER
 10
1525.7105134509
 20
32.1846546581
 11
1525.806943903
 21
32.2231265075
  0
LINE
  5
A31
100
AcDbEntity
  8
0
100
AcDbLine
 62
3
  6
BYLAYER
 10
1526.6572272037
 20
30.846541069
 11
1526.3511540903
 21
30.7338868919
  0
LINE
  5
A32
100
AcDbEntity
  8
0
100
AcDbLine
 62
1
  6
BYLAYER
 10
1393.4451928907
 20
1052.0748934743
 11
1390.008655024
 21
1058.0271518743
  0
LINE
  5
A33
100
AcDbEntity
  8
0
100
AcDbLine
 62
2
  6
BYLAYER
 10
1393.4314643819
 20
1062.2770193543
 11
1389.9673628906
 21
1068.2770193543
  0
CIRCLE
  5
A34
100
AcDbEntity
  8
5_ALL_CURVES
100
AcDbCircle
 62
5
  6
BYLAYER
 10
968.0125465685
 20
450.6140188334
 40
3.4425
  0
ARC
  5
A35
100
AcDbEntity
  8
0
100
AcDbCircle
 62
7
  6
BYLAYER
 10
445.3200819155
 20
478.535016544
 40
3.0950512179
100
AcDbArc
 50
270.866193279
 51
274.9545441658
  0
ARC
  5
A36
100
AcDbEntity
  8
0
100
AcDbCircle
 62
7
  6
BYLAYER
 10
445.3163223188
 20
478.4752846981
 40
3.0353866133
100
AcDbArc
 50
268.8862738852
 51
270.954195863
  0
ARC
  5
A37
100
AcDbEntity
  8
8_ALL_NOTES_BALLOONS_SYMBOLS_GT
100
AcDbCircle
 62
7
420
65344
  6
BYLAYER
 10
899.1994138509
 20
758.2449703989
 40
27.7992
100
AcDbArc
 50
213.0
 51
33.0
  0
ARC
  5
A38
100
AcDbEntity
  8
8_ALL_NOTES_BALLOONS_SYMBOLS_GT
100
AcDbCircle
 62
7
420
65344
  6
BYLAYER
 10
901.6022995969
 20
754.5448508269
 40
8.0234030671
100
AcDbArc
 50
213.0
 51
33.0
  0
ARC
  5
A39
100
AcDbEntity
  8
0
100
AcDbCircle
 62
7
  6
BYLAYER
 10
424.6735176354
 20
861.623289929
 40
7.632430032
100
AcDbArc
 50
15.2763680358
 51
15.6373361818
  0
ARC
  5
A3A
100
AcDbEntity
  8
0
100
AcDbCircle
 62
7
  6
BYLAYER
 10
427.8988862231
 20
758.9037950442
 40
7.632430032
100
AcDbArc
 50
15.2763680358
 51
15.6373361818
  0
ARC
  5
A3B
100
AcDbEntity
  8
0
100
AcDbCircle
 62
7
  6
BYLAYER
 10
432.7369391071
 20
604.8245527177
 40
7.6324300295
100
AcDbArc
 50
15.2763680358
 51
15.6373361819
  0
ARC
  5
A3C
100
AcDbEntity
  8
0
100
AcDbCircle
 62
7
  6
BYLAYER
 10
435.9623076948
 20
502.105057833
 40
7.6324300295
100
AcDbArc
 50
15.2763680358
 51
15.6373361819
  0
CIRCLE
  5
A3D
100
AcDbEntity
  8
0
100
AcDbCircle
 62
2
  6
BYLAYER
 10
754.0392363373
 20
950.6030312202
 40
6.8418745425
  0
ARC
  5
A3E
100
AcDbEntity
  8
0
100
AcDbCircle
 62
7
  6
BYLAYER
 10
432.3867573307
 20
890.3892482056
 40
3.0837314496
100
AcDbArc
 50
268.8494253927
 51
274.9883888427
  0
ARC
  5
A3F
100
AcDbEntity
  8
0
100
AcDbCircle
 62
7
  6
BYLAYER
 10
441.6060464432
 20
500.0232633631
 40
1.8515204227
100
AcDbArc
 50
332.1878963641
 51
332.8245874103
  0
ARC
  5
A40
100
AcDbEntity
  8
0
100
AcDbCircle
 62
7
  6
BYLAYER
 10
430.3172563886
 20
859.5414954586
 40
1.8515204201
100
AcDbArc
 50
332.1878963635
 51
332.8245874105
  0
ARC
  5
A41
100
AcDbEntity
  8
0
100
AcDbCircle
 62
7
  6
BYLAYER
 10
438.3806778591
 20
602.7427582461
 40
1.8515204187
100
AcDbArc
 50
332.1878963631
 51
332.8245874106
  0
ARC
  5
A42
100
AcDbEntity
  8
0
100
AcDbCircle
 62
7
  6
BYLAYER
 10
433.542624981
 20
756.8220005714
 40
1.8515204147
100
AcDbArc
 50
332.1878963625
 51
332.8245874114
  0
ARC
  5
A43
100
AcDbEntity
  8
0
100
AcDbCircle
 62
3
  6
BYLAYER
 10
432.3764598226
 20
863.1009502065
 40
0.7368066986
100
AcDbArc
 50
147.0315201062
 51
150.9877977094
  0
ARC
  5
A44
100
AcDbEntity
  8
0
100
AcDbCircle
 62
3
  6
BYLAYER
 10
435.6018284103
 20
760.3814553217
 40
0.7368066987
100
AcDbArc
 50
147.0315201063
 51
150.9877977091
  0
ARC
  5
A45
100
AcDbEntity
  8
0
100
AcDbCircle
 62
3
  6
BYLAYER
 10
440.4398812918
 20
606.3022129946
 40
0.7368066986
100
AcDbArc
 50
147.0315201062
 51
150.9877977094
  0
ARC
  5
A46
100
AcDbEntity
  8
0
100
AcDbCircle
 62
3
  6
BYLAYER
 10
443.6652498795
 20
503.5827181099
 40
0.7368066986
100
AcDbArc
 50
147.0315201062
 51
150.9877977094
  0
ARC
  5
A47
100
AcDbEntity
  8
0
100
AcDbCircle
 62
3
  6
BYLAYER
 10
432.5573814232
 20
860.7870231295
 40
0.7097277451
100
AcDbArc
 50
220.4268436091
 51
223.0544885428
  0
ARC
  5
A48
100
AcDbEntity
  8
0
100
AcDbCircle
 62
3
  6
BYLAYER
 10
435.7827500112
 20
758.0675282451
 40
0.7097277456
100
AcDbArc
 50
220.4268436098
 51
223.0544885417
  0
ARC
  5
A49
100
AcDbEntity
  8
0
100
AcDbCircle
 62
3
  6
BYLAYER
 10
440.6208028923
 20
603.9882859175
 40
0.7097277448
100
AcDbArc
 50
220.4268436087
 51
223.0544885432
  0
ARC
  5
A4A
100
AcDbEntity
  8
0
100
AcDbCircle
 62
3
  6
BYLAYER
 10
443.8461714799
 20
501.2687910326
 40
0.7097277447
100
AcDbArc
 50
220.4268436083
 51
223.0544885434
  0
ARC
  5
A4B
100
AcDbEntity
  8
0
100
AcDbCircle
 62
7
  6
BYLAYER
 10
442.5051935689
 20
499.6682043223
 40
0.5321969586
100
AcDbArc
 50
326.0147278745
 51
328.1841155819
  0
ARC
  5
A4C
100
AcDbEntity
  8
0
100
AcDbCircle
 62
7
  6
BYLAYER
 10
439.2798249812
 20
602.387699207
 40
0.5321969586
100
AcDbArc
 50
326.0147278745
 51
328.1841155819
  0
ARC
  5
A4D
100
AcDbEntity
  8
0
100
AcDbCircle
 62
7
  6
BYLAYER
 10
434.4417720997
 20
756.4669415341
 40
0.5321969585
100
AcDbArc
 50
326.0147278743
 51
328.1841155823
  0
ARC
  5
A4E
100
AcDbEntity
  8
0
100
AcDbCircle
 62
7
  6
BYLAYER
 10
431.2164035121
 20
859.1864364189
 40
0.5321969584
100
AcDbArc
 50
326.0147278743
 51
328.1841155825
  0
CIRCLE
  5
A4F
100
AcDbEntity
  8
5_ALL_CURVES
100
AcDbCircle
 62
5
  6
BYLAYER
 10
1013.9125465685
 20
450.6140188334
 40
55.08
  0
CIRCLE
  5
A50
100
AcDbEntity
  8
5_ALL_CURVES
100
AcDbCircle
 62
5
  6
BYLAYER
 10
1013.9125465685
 20
450.6140188334
 40
27.54
  0
CIRCLE
  5
A51
100
AcDbEntity
  8
0
100
AcDbCircle
 62
7
  6
BYLAYER
 10
1540.5258507375
 20
76.5808532722
 40
5.84171
  0
CIRCLE
  5
A52
100
AcDbEntity
  8
5_ALL_CURVES
100
AcDbCircle
 62
5
  6
BYLAYER
 10
1059.8125465685
 20
450.6140188334
 40
3.4425
  0
CIRCLE
  5
A53
100
AcDbEntity
  8
0
100
AcDbCircle
 62
7
  6
BYLAYER
 10
1540.5258507375
 20
76.5808532722
 40
3.271356
  0
CIRCLE
  5
A54
100
AcDbEntity
  8
0
100
AcDbCircle
 62
4
  6
BYLAYER
 10
1381.7242962151
 20
76.4370370306
 40
2.995078
  0
CIRCLE
  5
A55
100
AcDbEntity
  8
0
100
AcDbCircle
 62
4
  6
BYLAYER
 10
1433.3409833022
 20
76.8020910306
 40
2.995078
  0
ARC
  5
A56
100
AcDbEntity
  8
0
100
AcDbCircle
 62
3
  6
BYLAYER
 10
1525.5559862008
 20
33.3664157194
 40
2.75
100
AcDbArc
 50
168.0000000005
 51
347.9999999988
  0
ARC
  5
A57
100
AcDbEntity
  8
0
100
AcDbCircle
 62
3
  6
BYLAYER
 10
1525.4652451796
 20
32.9395127788
 40
0.7937047986
100
AcDbArc
 50
167.9999999985
 51
347.9999999985
  0
ARC
  5
A58
100
AcDbEntity
  8
0
100
AcDbCircle
 62
7
  6
BYLAYER
 10
1108.3337067434
 20
946.5740067121
 40
1.462327265
100
AcDbArc
 50
1.8117668798
 51
6.1945892026
  0
SPLINE
  5
A59
100
AcDbEntity
  8
0
100
AcDbSpline
 62
4
  6
BYLAYER
 70
0
 71
3
 72
39
 73
35
 74
0
 42
0.0000001
 43
0.0000001
 44
0.0000000001
 40
0.0
 40
0.0
 40
0.0
 40
0.0
 40
0.0268126977
 40
0.0543735335
 40
0.0832658247
 40
0.113810416
 40
0.1460481448
 40
0.1797746735
 40
0.2145977054
 40
0.25
 40
0.2854022946
 40
0.3202253265
 40
0.3539518552
 40
0.386189584
 40
0.4167341753
 40
0.4456264665
 40
0.4731873022
 40
0.5
 40
0.5268126978
 40
0.5543735335
 40
0.5832658247
 40
0.613810416
 40
0.6460481449
 40
0.6797746735
 40
0.7145977054
 40
0.75
 40
0.7854022946
 40
0.8202253265
 40
0.8539518552
 40
0.8861895841
 40
0.9167341753
 40
0.9456264665
 40
0.9731873022
 40
1.0
 40
1.0
 40
1.0
 40
1.0
 10
1513.9444815343
 20
36.0395554319
 30
0.0
 10
1513.8458814162
 20
36.071200825
 30
0.0
 10
1513.6364666725
 20
36.1090466529
 30
0.0
 10
1513.3127476736
 20
36.0838892896
 30
0.0
 10
1512.9903563218
 20
35.9796484221
 30
0.0
 10
1512.6817062202
 20
35.8014855979
 30
0.0
 10
1512.3978467313
 20
35.5568957317
 30
0.0
 10
1512.1489751129
 20
35.2553682285
 30
0.0
 10
1511.9440957822
 20
34.9082950716
 30
0.0
 10
1511.7907193119
 20
34.5286792067
 30
0.0
 10
1511.6945319784
 20
34.1307086708
 30
0.0
 10
1511.6591659012
 20
33.7292307764
 30
0.0
 10
1511.6860821246
 20
33.3391900458
 30
0.0
 10
1511.7745811884
 20
32.9750928907
 30
0.0
 10
1511.9219149642
 20
32.6505834966
 30
0.0
 10
1512.1233829621
 20
32.3782116431
 30
0.0
 10
1512.3721597629
 20
32.1693135804
 30
0.0
 10
1512.6587471551
 20
32.0334885445
 30
0.0
 10
1512.9708505197
 20
31.9771656933
 30
0.0
 10
1513.2947301194
 20
32.0022715121
 30
0.0
 10
1513.6170755028
 20
32.1065271332
 30
0.0
 10
1513.925738948
 20
32.2846856748
 30
0.0
 10
1514.209594567
 20
32.529276783
 30
0.0
 10
1514.4584672932
 20
32.8308039307
 30
0.0
 10
1514.663346318
 20
33.1778771857
 30
0.0
 10
1514.8167228509
 20
33.5574930306
 30
0.0
 10
1514.9129102475
 20
33.9554635462
 30
0.0
 10
1514.9482760184
 20
34.3569415389
 30
0.0
 10
1514.9213609031
 20
34.7469819139
 30
0.0
 10
1514.8328579691
 20
35.1110803111
 30
0.0
 10
1514.6855375368
 20
35.4355854225
 30
0.0
 10
1514.4840235707
 20
35.7079720295
 30
0.0
 10
1514.2354073706
 20
35.9168185478
 30
0.0
 10
1514.0430816525
 20
36.0079100387
 30
0.0
 10
1513.9444815343
 20
36.0395554319
 30
0.0
  0
SPLINE
  5
A5A
100
AcDbEntity
  8
0
100
AcDbSpline
 62
4
  6
BYLAYER
 70
0
 71
3
 72
39
 73
35
 74
0
 42
0.0000001
 43
0.0000001
 44
0.0000000001
 40
0.0
 40
0.0
 40
0.0
 40
0.0
 40
0.0268126977
 40
0.0543735335
 40
0.0832658247
 40
0.113810416
 40
0.1460481448
 40
0.1797746735
 40
0.2145977054
 40
0.25
 40
0.2854022946
 40
0.3202253265
 40
0.3539518551
 40
0.386189584
 40
0.4167341753
 40
0.4456264665
 40
0.4731873023
 40
0.5
 40
0.5268126978
 40
0.5543735335
 40
0.5832658247
 40
0.6138104159
 40
0.6460481449
 40
0.6797746735
 40
0.7145977054
 40
0.75
 40
0.7854022946
 40
0.8202253265
 40
0.8539518552
 40
0.886189584
 40
0.9167341753
 40
0.9456264665
 40
0.9731873022
 40
1.0
 40
1.0
 40
1.0
 40
1.0
 10
1513.9444815343
 20
36.0395554319
 30
0.0
 10
1513.8458814162
 20
36.071200825
 30
0.0
 10
1513.6364666725
 20
36.1090466529
 30
0.0
 10
1513.3127476736
 20
36.0838892896
 30
0.0
 10
1512.9903563218
 20
35.9796484221
 30
0.0
 10
1512.6817062202
 20
35.8014855979
 30
0.0
 10
1512.3978467313
 20
35.5568957317
 30
0.0
 10
1512.1489751129
 20
35.2553682285
 30
0.0
 10
1511.9440957822
 20
34.9082950716
 30
0.0
 10
1511.7907193119
 20
34.5286792067
 30
0.0
 10
1511.6945319784
 20
34.1307086708
 30
0.0
 10
1511.6591659012
 20
33.7292307764
 30
0.0
 10
1511.6860821246
 20
33.3391900458
 30
0.0
 10
1511.7745811884
 20
32.9750928907
 30
0.0
 10
1511.9219149642
 20
32.6505834966
 30
0.0
 10
1512.1233829621
 20
32.3782116431
 30
0.0
 10
1512.3721597629
 20
32.1693135804
 30
0.0
 10
1512.6587471551
 20
32.0334885445
 30
0.0
 10
1512.9708505197
 20
31.9771656933
 30
0.0
 10
1513.2947301194
 20
32.0022715121
 30
0.0
 10
1513.6170755028
 20
32.1065271332
 30
0.0
 10
1513.925738948
 20
32.2846856748
 30
0.0
 10
1514.209594567
 20
32.529276783
 30
0.0
 10
1514.4584672932
 20
32.8308039307
 30
0.0
 10
1514.663346318
 20
33.1778771857
 30
0.0
 10
1514.8167228509
 20
33.5574930306
 30
0.0
 10
1514.9129102475
 20
33.9554635462
 30
0.0
 10
1514.9482760184
 20
34.3569415389
 30
0.0
 10
1514.9213609031
 20
34.7469819139
 30
0.0
 10
1514.8328579691
 20
35.1110803111
 30
0.0
 10
1514.6855375368
 20
35.4355854225
 30
0.0
 10
1514.4840235707
 20
35.7079720295
 30
0.0
 10
1514.2354073706
 20
35.9168185478
 30
0.0
 10
1514.0430816525
 20
36.0079100387
 30
0.0
 10
1513.9444815343
 20
36.0395554319
 30
0.0
  0
SPLINE
  5
A5B
100
AcDbEntity
  8
0
100
AcDbSpline
 62
7
  6
BYLAYER
 70
0
 71
3
 72
8
 73
4
 74
0
 42
0.0000001
 43
0.0000001
 44
0.0000000001
 40
0.0
 40
0.0
 40
0.0
 40
0.0
 40
1.0
 40
1.0
 40
1.0
 40
1.0
 10
1093.0264684338
 20
946.9557934422
 30
0.0
 10
1093.0916476166
 20
946.9615017471
 30
0.0
 10
1093.1598010486
 20
946.9522592518
 30
0.0
 10
1093.2208951721
 20
946.9288409112
 30
0.0
  0
SPLINE
  5
A5C
100
AcDbEntity
  8
0
100
AcDbSpline
 62
7
  6
BYLAYER
 70
0
 71
3
 72
9
 73
5
 74
0
 42
0.0000001
 43
0.0000001
 44
0.0000000001
 40
0.0
 40
0.0
 40
0.0
 40
0.0
 40
0.4913632781
 40
1.0
 40
1.0
 40
1.0
 40
1.0
 10
1099.8397356773
 20
947.5524901938
 30
0.0
 10
1099.7574303278
 20
947.5452820023
 30
0.0
 10
1099.5917832526
 20
947.4821786539
 30
0.0
 10
1099.479492995
 20
947.3467452857
 30
0.0
 10
1099.4416895131
 20
947.2700289625
 30
0.0
  0
SPLINE
  5
A5D
100
AcDbEntity
  8
0
100
AcDbSpline
 62
7
  6
BYLAYER
 70
0
 71
3
 72
9
 73
5
 74
0
 42
0.0000001
 43
0.0000001
 44
0.0000000001
 40
0.0
 40
0.0
 40
0.0
 40
0.0
 40
0.167937183
 40
1.0
 40
1.0
 40
1.0
 40
1.0
 10
1110.1212886931
 20
946.7025224739
 30
0.0
 10
1110.1212157731
 20
946.704845892
 30
0.0
 10
1110.115928041
 20
946.7183919876
 30
0.0
 10
1110.1008665705
 20
946.7237463008
 30
0.0
 10
1110.0901119215
 20
946.727867654
 30
0.0
  0
SPLINE
  5
A5E
100
AcDbEntity
  8
0
100
AcDbSpline
 62
7
  6
BYLAYER
 70
0
 71
3
 72
9
 73
5
 74
0
 42
0.0000001
 43
0.0000001
 44
0.0000000001
 40
0.0
 40
0.0
 40
0.0
 40
0.0
 40
0.4913632781
 40
1.0
 40
1.0
 40
1.0
 40
1.0
 10
1098.9926380709
 20
946.8840604036
 30
0.0
 10
1099.0749434204
 20
946.891268595
 30
0.0
 10
1099.2405904956
 20
946.9543719435
 30
0.0
 10
1099.3528807532
 20
947.0898053117
 30
0.0
 10
1099.3906842351
 20
947.1665216349
 30
0.0
  0
SPLINE
  5
A5F
100
AcDbEntity
  8
0
100
AcDbSpline
 62
7
  6
BYLAYER
 70
0
 71
3
 72
9
 73
5
 74
0
 42
0.0000001
 43
0.0000001
 44
0.0000000001
 40
0.0
 40
0.0
 40
0.0
 40
0.0
 40
0.1415448638
 40
1.0
 40
1.0
 40
1.0
 40
1.0
 10
443.1241036376
 20
499.2346698035
 30
0.0
 10
443.1302366164
 20
499.2393101091
 30
0.0
 10
443.1711009524
 20
499.2752994242
 30
0.0
 10
443.2028459242
 20
499.3205355596
 30
0.0
 10
443.2276953889
 20
499.360007899
 30
0.0
  0
SPLINE
  5
A60
100
AcDbEntity
  8
0
100
AcDbSpline
 62
7
  6
BYLAYER
 70
0
 71
3
 72
14
 73
10
 74
0
 42
0.0000001
 43
0.0000001
 44
0.0000000001
 40
0.0
 40
0.0
 40
0.0
 40
0.0
 40
0.0741087999
 40
0.1804234865
 40
0.3095766413
 40
0.4530940667
 40
0.7488934927
 40
0.8842971094
 40
1.0
 40
1.0
 40
1.0
 40
1.0
 10
443.2276953889
 20
499.360007899
 30
0.0
 10
443.3015883536
 20
499.477383795
 30
0.0
 10
443.4276118169
 20
499.795056738
 30
0.0
 10
443.5543702982
 20
500.3610109018
 30
0.0
 10
443.6270837482
 20
501.0683411642
 30
0.0
 10
443.6370383258
 20
502.1329122799
 30
0.0
 10
443.5177090487
 20
503.2082198375
 30
0.0
 10
443.273219413
 20
504.2031105028
 30
0.0
 10
443.1129269094
 20
504.6466355047
 30
0.0
 10
443.0227775646
 20
504.8435222772
 30
0.0
  0
SPLINE
  5
A61
100
AcDbEntity
  8
0
100
AcDbSpline
 62
7
  6
BYLAYER
 70
0
 71
3
 72
9
 73
5
 74
0
 42
0.0000001
 43
0.0000001
 44
0.0000000001
 40
0.0
 40
0.0
 40
0.0
 40
0.0
 40
0.2640635737
 40
1.0
 40
1.0
 40
1.0
 40
1.0
 10
443.0227775646
 20
504.8435222772
 30
0.0
 10
443.0133819486
 20
504.8640423654
 30
0.0
 10
442.9770857929
 20
504.9414186855
 30
0.0
 10
442.9379115545
 20
505.0174682602
 30
0.0
 10
442.9070853419
 20
505.0722950099
 30
0.0
  0
SPLINE
  5
A62
100
AcDbEntity
  8
0
100
AcDbSpline
 62
7
  6
BYLAYER
 70
0
 71
3
 72
9
 73
5
 74
0
 42
0.0000001
 43
0.0000001
 44
0.0000000001
 40
0.0
 40
0.0
 40
0.0
 40
0.0
 40
0.2932776735
 40
1.0
 40
1.0
 40
1.0
 40
1.0
 10
442.9070853419
 20
505.0722950099
 30
0.0
 10
442.8897694498
 20
505.1030926334
 30
0.0
 10
442.8285047482
 20
505.2067416496
 30
0.0
 10
442.7587287022
 20
505.3060315384
 30
0.0
 10
442.7015499169
 20
505.3691144739
 30
0.0
  0
SPLINE
  5
A63
100
AcDbEntity
  8
0
100
AcDbSpline
 62
7
  6
BYLAYER
 70
0
 71
3
 72
9
 73
5
 74
0
 42
0.0000001
 43
0.0000001
 44
0.0000000001
 40
0.0
 40
0.0
 40
0.0
 40
0.0
 40
0.2908135342
 40
1.0
 40
1.0
 40
1.0
 40
1.0
 10
442.7015499169
 20
505.3691144739
 30
0.0
 10
442.694690807
 20
505.3766818398
 30
0.0
 10
442.6706606589
 20
505.4022869119
 30
0.0
 10
442.6450369876
 20
505.4264670541
 30
0.0
 10
442.6256797529
 20
505.4421397825
 30
0.0
  0
SPLINE
  5
A64
100
AcDbEntity
  8
0
100
AcDbSpline
 62
7
  6
BYLAYER
 70
0
 71
3
 72
9
 73
5
 74
0
 42
0.0000001
 43
0.0000001
 44
0.0000000001
 40
0.0
 40
0.0
 40
0.0
 40
0.0
 40
0.3267800427
 40
1.0
 40
1.0
 40
1.0
 40
1.0
 10
442.6256797529
 20
505.4421397825
 30
0.0
 10
442.6207605308
 20
505.4461226671
 30
0.0
 10
442.6054463485
 20
505.457966312
 30
0.0
 10
442.5892191241
 20
505.4687488522
 30
0.0
 10
442.5776111475
 20
505.4746893307
 30
0.0
  0
SPLINE
  5
A65
100
AcDbEntity
  8
0
100
AcDbSpline
 62
7
  6
BYLAYER
 70
0
 71
3
 72
8
 73
4
 74
0
 42
0.0000001
 43
0.0000001
 44
0.0000000001
 40
0.0
 40
0.0
 40
0.0
 40
0.0
 40
1.0
 40
1.0
 40
1.0
 40
1.0
 10
957.1391824639
 20
935.0549682988
 30
0.0
 10
957.2043616467
 20
935.0606766037
 30
0.0
 10
957.2725150787
 20
935.0514341084
 30
0.0
 10
957.3336092023
 20
935.0280157678
 30
0.0
  0
SPLINE
  5
A66
100
AcDbEntity
  8
0
100
AcDbSpline
 62
7
  6
BYLAYER
 70
0
 71
3
 72
9
 73
5
 74
0
 42
0.0000001
 43
0.0000001
 44
0.0000000001
 40
0.0
 40
0.0
 40
0.0
 40
0.0
 40
0.4913632781
 40
1.0
 40
1.0
 40
1.0
 40
1.0
 10
963.9524497075
 20
935.6516650504
 30
0.0
 10
963.870144358
 20
935.6444568589
 30
0.0
 10
963.7044972828
 20
935.5813535105
 30
0.0
 10
963.5922070251
 20
935.4459201423
 30
0.0
 10
963.5544035432
 20
935.3692038191
 30
0.0
  0
SPLINE
  5
A67
100
AcDbEntity
  8
0
100
AcDbSpline
 62
7
  6
BYLAYER
 70
0
 71
3
 72
9
 73
5
 74
0
 42
0.0000001
 43
0.0000001
 44
0.0000000001
 40
0.0
 40
0.0
 40
0.0
 40
0.0
 40
0.1415448638
 40
1.0
 40
1.0
 40
1.0
 40
1.0
 10
439.8987350499
 20
601.9541646883
 30
0.0
 10
439.9048680287
 20
601.9588049939
 30
0.0
 10
439.9457323647
 20
601.9947943089
 30
0.0
 10
439.9774773365
 20
602.0400304444
 30
0.0
 10
440.0023268012
 20
602.0795027837
 30
0.0
  0
SPLINE
  5
A68
100
AcDbEntity
  8
0
100
AcDbSpline
 62
7
  6
BYLAYER
 70
0
 71
3
 72
14
 73
10
 74
0
 42
0.0000001
 43
0.0000001
 44
0.0000000001
 40
0.0
 40
0.0
 40
0.0
 40
0.0
 40
0.0741087999
 40
0.1804234865
 40
0.3095766413
 40
0.4530940667
 40
0.7488934927
 40
0.8842971094
 40
1.0
 40
1.0
 40
1.0
 40
1.0
 10
440.0023268012
 20
602.0795027837
 30
0.0
 10
440.0762197659
 20
602.1968786797
 30
0.0
 10
440.2022432291
 20
602.5145516227
 30
0.0
 10
440.3290017105
 20
603.0805057866
 30
0.0
 10
440.4017151605
 20
603.787836049
 30
0.0
 10
440.4116697381
 20
604.8524071647
 30
0.0
 10
440.292340461
 20
605.9277147223
 30
0.0
 10
440.0478508253
 20
606.9226053875
 30
0.0
 10
439.8875583217
 20
607.3661303895
 30
0.0
 10
439.7974089769
 20
607.5630171619
 30
0.0
  0
SPLINE
  5
A69
100
AcDbEntity
  8
0
100
AcDbSpline
 62
7
  6
BYLAYER
 70
0
 71
3
 72
9
 73
5
 74
0
 42
0.0000001
 43
0.0000001
 44
0.0000000001
 40
0.0
 40
0.0
 40
0.0
 40
0.0
 40
0.2640635737
 40
1.0
 40
1.0
 40
1.0
 40
1.0
 10
439.7974089769
 20
607.5630171619
 30
0.0
 10
439.7880133609
 20
607.5835372501
 30
0.0
 10
439.7517172052
 20
607.6609135703
 30
0.0
 10
439.7125429668
 20
607.7369631449
 30
0.0
 10
439.6817167542
 20
607.7917898947
 30
0.0
  0
SPLINE
  5
A6A
100
AcDbEntity
  8
0
100
AcDbSpline
 62
7
  6
BYLAYER
 70
0
 71
3
 72
9
 73
5
 74
0
 42
0.0000001
 43
0.0000001
 44
0.0000000001
 40
0.0
 40
0.0
 40
0.0
 40
0.0
 40
0.2932776735
 40
1.0
 40
1.0
 40
1.0
 40
1.0
 10
439.6817167542
 20
607.7917898947
 30
0.0
 10
439.664400862
 20
607.8225875182
 30
0.0
 10
439.6031361605
 20
607.9262365343
 30
0.0
 10
439.5333601145
 20
608.0255264232
 30
0.0
 10
439.4761813292
 20
608.0886093586
 30
0.0
  0
SPLINE
  5
A6B
100
AcDbEntity
  8
0
100
AcDbSpline
 62
7
  6
BYLAYER
 70
0
 71
3
 72
9
 73
5
 74
0
 42
0.0000001
 43
0.0000001
 44
0.0000000001
 40
0.0
 40
0.0
 40
0.0
 40
0.0
 40
0.2908135342
 40
1.0
 40
1.0
 40
1.0
 40
1.0
 10
439.4761813292
 20
608.0886093586
 30
0.0
 10
439.4693222193
 20
608.0961767245
 30
0.0
 10
439.4452920712
 20
608.1217817966
 30
0.0
 10
439.4196683999
 20
608.1459619389
 30
0.0
 10
439.4003111652
 20
608.1616346672
 30
0.0
  0
SPLINE
  5
A6C
100
AcDbEntity
  8
0
100
AcDbSpline
 62
7
  6
BYLAYER
 70
0
 71
3
 72
9
 73
5
 74
0
 42
0.0000001
 43
0.0000001
 44
0.0000000001
 40
0.0
 40
0.0
 40
0.0
 40
0.0
 40
0.3267800427
 40
1.0
 40
1.0
 40
1.0
 40
1.0
 10
439.4003111652
 20
608.1616346672
 30
0.0
 10
439.395391943
 20
608.1656175519
 30
0.0
 10
439.3800777608
 20
608.1774611967
 30
0.0
 10
439.3638505364
 20
608.188243737
 30
0.0
 10
439.3522425598
 20
608.1941842154
 30
0.0
  0
SPLINE
  5
A6D
100
AcDbEntity
  8
0
100
AcDbSpline
 62
7
  6
BYLAYER
 70
0
 71
3
 72
9
 73
5
 74
0
 42
0.0000001
 43
0.0000001
 44
0.0000000001
 40
0.0
 40
0.0
 40
0.0
 40
0.0
 40
0.4913632781
 40
1.0
 40
1.0
 40
1.0
 40
1.0
 10
963.105352101
 20
934.9832352602
 30
0.0
 10
963.1876574505
 20
934.9904434516
 30
0.0
 10
963.3533045258
 20
935.0535468001
 30
0.0
 10
963.4655947834
 20
935.1889801683
 30
0.0
 10
963.5033982653
 20
935.2656964915
 30
0.0
  0
SPLINE
  5
A6E
100
AcDbEntity
  8
0
100
AcDbSpline
 62
7
  6
BYLAYER
 70
0
 71
3
 72
9
 73
5
 74
0
 42
0.0000001
 43
0.0000001
 44
0.0000000001
 40
0.0
 40
0.0
 40
0.0
 40
0.0
 40
0.1415448638
 40
1.0
 40
1.0
 40
1.0
 40
1.0
 10
435.0606821684
 20
756.0334070155
 30
0.0
 10
435.0668151471
 20
756.038047321
 30
0.0
 10
435.1076794831
 20
756.0740366361
 30
0.0
 10
435.1394244549
 20
756.1192727715
 30
0.0
 10
435.1642739196
 20
756.1587451109
 30
0.0
  0
SPLINE
  5
A6F
100
AcDbEntity
  8
0
100
AcDbSpline
 62
7
  6
BYLAYER
 70
0
 71
3
 72
14
 73
10
 74
0
 42
0.0000001
 43
0.0000001
 44
0.0000000001
 40
0.0
 40
0.0
 40
0.0
 40
0.0
 40
0.0741087999
 40
0.1804234865
 40
0.3095766413
 40
0.4530940667
 40
0.7488934927
 40
0.8842971094
 40
1.0
 40
1.0
 40
1.0
 40
1.0
 10
435.1642739196
 20
756.1587451109
 30
0.0
 10
435.2381668844
 20
756.2761210069
 30
0.0
 10
435.3641903476
 20
756.5937939499
 30
0.0
 10
435.4909488289
 20
757.1597481137
 30
0.0
 10
435.563662279
 20
757.8670783761
 30
0.0
 10
435.5736168565
 20
758.9316494918
 30
0.0
 10
435.4542875795
 20
760.0069570494
 30
0.0
 10
435.2097979437
 20
761.0018477147
 30
0.0
 10
435.0495054402
 20
761.4453727167
 30
0.0
 10
434.9593560953
 20
761.6422594891
 30
0.0
  0
SPLINE
  5
A70
100
AcDbEntity
  8
0
100
AcDbSpline
 62
7
  6
BYLAYER
 70
0
 71
3
 72
9
 73
5
 74
0
 42
0.0000001
 43
0.0000001
 44
0.0000000001
 40
0.0
 40
0.0
 40
0.0
 40
0.0
 40
0.2640635737
 40
1.0
 40
1.0
 40
1.0
 40
1.0
 10
434.9593560953
 20
761.6422594891
 30
0.0
 10
434.9499604793
 20
761.6627795773
 30
0.0
 10
434.9136643237
 20
761.7401558974
 30
0.0
 10
434.8744900852
 20
761.8162054721
 30
0.0
 10
434.8436638727
 20
761.8710322219
 30
0.0
  0
SPLINE
  5
A71
100
AcDbEntity
  8
0
100
AcDbSpline
 62
7
  6
BYLAYER
 70
0
 71
3
 72
9
 73
5
 74
0
 42
0.0000001
 43
0.0000001
 44
0.0000000001
 40
0.0
 40
0.0
 40
0.0
 40
0.0
 40
0.2932776735
 40
1.0
 40
1.0
 40
1.0
 40
1.0
 10
434.8436638727
 20
761.8710322219
 30
0.0
 10
434.8263479805
 20
761.9018298454
 30
0.0
 10
434.765083279
 20
762.0054788615
 30
0.0
 10
434.6953072329
 20
762.1047687503
 30
0.0
 10
434.6381284477
 20
762.1678516858
 30
0.0
  0
SPLINE
  5
A72
100
AcDbEntity
  8
0
100
AcDbSpline
 62
7
  6
BYLAYER
 70
0
 71
3
 72
9
 73
5
 74
0
 42
0.0000001
 43
0.0000001
 44
0.0000000001
 40
0.0
 40
0.0
 40
0.0
 40
0.0
 40
0.2908135342
 40
1.0
 40
1.0
 40
1.0
 40
1.0
 10
434.6381284477
 20
762.1678516858
 30
0.0
 10
434.6312693377
 20
762.1754190517
 30
0.0
 10
434.6072391897
 20
762.2010241238
 30
0.0
 10
434.5816155183
 20
762.225204266
 30
0.0
 10
434.5622582836
 20
762.2408769944
 30
0.0
  0
SPLINE
  5
A73
100
AcDbEntity
  8
0
100
AcDbSpline
 62
7
  6
BYLAYER
 70
0
 71
3
 72
9
 73
5
 74
0
 42
0.0000001
 43
0.0000001
 44
0.0000000001
 40
0.0
 40
0.0
 40
0.0
 40
0.0
 40
0.3267800427
 40
1.0
 40
1.0
 40
1.0
 40
1.0
 10
434.5622582836
 20
762.2408769944
 30
0.0
 10
434.5573390615
 20
762.244859879
 30
0.0
 10
434.5420248793
 20
762.2567035239
 30
0.0
 10
434.5257976548
 20
762.2674860641
 30
0.0
 10
434.5141896783
 20
762.2734265426
 30
0.0
  0
SPLINE
  5
A74
100
AcDbEntity
  8
0
100
AcDbSpline
 62
7
  6
BYLAYER
 70
0
 71
3
 72
9
 73
5
 74
0
 42
0.0000001
 43
0.0000001
 44
0.0000000001
 40
0.0
 40
0.0
 40
0.0
 40
0.0
 40
0.1415448638
 40
1.0
 40
1.0
 40
1.0
 40
1.0
 10
431.8353135807
 20
858.7529019002
 30
0.0
 10
431.8414465594
 20
858.7575422058
 30
0.0
 10
431.8823108954
 20
858.7935315209
 30
0.0
 10
431.9140558672
 20
858.8387676563
 30
0.0
 10
431.9389053319
 20
858.8782399956
 30
0.0
  0
SPLINE
  5
A75
100
AcDbEntity
  8
0
100
AcDbSpline
 62
7
  6
BYLAYER
 70
0
 71
3
 72
14
 73
10
 74
0
 42
0.0000001
 43
0.0000001
 44
0.0000000001
 40
0.0
 40
0.0
 40
0.0
 40
0.0
 40
0.0741087999
 40
0.1804234865
 40
0.3095766413
 40
0.4530940667
 40
0.7488934927
 40
0.8842971094
 40
1.0
 40
1.0
 40
1.0
 40
1.0
 10
431.9389053319
 20
858.8782399956
 30
0.0
 10
432.0127982966
 20
858.9956158916
 30
0.0
 10
432.1388217599
 20
859.3132888347
 30
0.0
 10
432.2655802412
 20
859.8792429985
 30
0.0
 10
432.3382936913
 20
860.5865732609
 30
0.0
 10
432.3482482688
 20
861.6511443766
 30
0.0
 10
432.2289189918
 20
862.7264519342
 30
0.0
 10
431.984429356
 20
863.7213425995
 30
0.0
 10
431.8241368525
 20
864.1648676014
 30
0.0
 10
431.7339875076
 20
864.3617543738
 30
0.0
  0
SPLINE
  5
A76
100
AcDbEntity
  8
0
100
AcDbSpline
 62
7
  6
BYLAYER
 70
0
 71
3
 72
9
 73
5
 74
0
 42
0.0000001
 43
0.0000001
 44
0.0000000001
 40
0.0
 40
0.0
 40
0.0
 40
0.0
 40
0.2640635737
 40
1.0
 40
1.0
 40
1.0
 40
1.0
 10
431.7339875076
 20
864.3617543738
 30
0.0
 10
431.7245918916
 20
864.3822744621
 30
0.0
 10
431.6882957359
 20
864.4596507822
 30
0.0
 10
431.6491214975
 20
864.5357003568
 30
0.0
 10
431.618295285
 20
864.5905271066
 30
0.0
  0
SPLINE
  5
A77
100
AcDbEntity
  8
0
100
AcDbSpline
 62
7
  6
BYLAYER
 70
0
 71
3
 72
9
 73
5
 74
0
 42
0.0000001
 43
0.0000001
 44
0.0000000001
 40
0.0
 40
0.0
 40
0.0
 40
0.0
 40
0.2932776735
 40
1.0
 40
1.0
 40
1.0
 40
1.0
 10
431.618295285
 20
864.5905271066
 30
0.0
 10
431.6009793928
 20
864.6213247301
 30
0.0
 10
431.5397146912
 20
864.7249737463
 30
0.0
 10
431.4699386452
 20
864.8242636351
 30
0.0
 10
431.41275986
 20
864.8873465706
 30
0.0
  0
SPLINE
  5
A78
100
AcDbEntity
  8
0
100
AcDbSpline
 62
7
  6
BYLAYER
 70
0
 71
3
 72
9
 73
5
 74
0
 42
0.0000001
 43
0.0000001
 44
0.0000000001
 40
0.0
 40
0.0
 40
0.0
 40
0.0
 40
0.2908135342
 40
1.0
 40
1.0
 40
1.0
 40
1.0
 10
431.41275986
 20
864.8873465706
 30
0.0
 10
431.40590075
 20
864.8949139364
 30
0.0
 10
431.381870602
 20
864.9205190085
 30
0.0
 10
431.3562469306
 20
864.9446991508
 30
0.0
 10
431.3368896959
 20
864.9603718792
 30
0.0
  0
SPLINE
  5
A79
100
AcDbEntity
  8
0
100
AcDbSpline
 62
7
  6
BYLAYER
 70
0
 71
3
 72
9
 73
5
 74
0
 42
0.0000001
 43
0.0000001
 44
0.0000000001
 40
0.0
 40
0.0
 40
0.0
 40
0.0
 40
0.3267800427
 40
1.0
 40
1.0
 40
1.0
 40
1.0
 10
431.3368896959
 20
864.9603718792
 30
0.0
 10
431.3319704738
 20
864.9643547638
 30
0.0
 10
431.3166562916
 20
864.9761984087
 30
0.0
 10
431.3004290671
 20
864.9869809489
 30
0.0
 10
431.2888210906
 20
864.9929214274
 30
0.0
  0
SPLINE
  5
A7A
100
AcDbEntity
  8
0
100
AcDbSpline
 62
7
  6
BYLAYER
 70
0
 71
3
 72
8
 73
4
 74
0
 42
0.0000001
 43
0.0000001
 44
0.0000000001
 40
0.0
 40
0.0
 40
0.0
 40
0.0
 40
1.0
 40
1.0
 40
1.0
 40
1.0
 10
830.6234334575
 20
923.974889717
 30
0.0
 10
830.6886126403
 20
923.9805980219
 30
0.0
 10
830.7567660723
 20
923.9713555267
 30
0.0
 10
830.8178601959
 20
923.947937186
 30
0.0
  0
SPLINE
  5
A7B
100
AcDbEntity
  8
0
100
AcDbSpline
 62
7
  6
BYLAYER
 70
0
 71
3
 72
9
 73
5
 74
0
 42
0.0000001
 43
0.0000001
 44
0.0000000001
 40
0.0
 40
0.0
 40
0.0
 40
0.0
 40
0.4913632781
 40
1.0
 40
1.0
 40
1.0
 40
1.0
 10
837.4367007011
 20
924.5715864686
 30
0.0
 10
837.3543953516
 20
924.5643782772
 30
0.0
 10
837.1887482764
 20
924.5012749287
 30
0.0
 10
837.0764580187
 20
924.3658415605
 30
0.0
 10
837.0386545368
 20
924.2891252373
 30
0.0
  0
SPLINE
  5
A7C
100
AcDbEntity
  8
0
100
AcDbSpline
 62
7
  6
BYLAYER
 70
0
 71
3
 72
9
 73
5
 74
0
 42
0.0000001
 43
0.0000001
 44
0.0000000001
 40
0.0
 40
0.0
 40
0.0
 40
0.0
 40
0.4913632781
 40
1.0
 40
1.0
 40
1.0
 40
1.0
 10
836.5896030946
 20
923.9031566784
 30
0.0
 10
836.6719084441
 20
923.9103648699
 30
0.0
 10
836.8375555193
 20
923.9734682183
 30
0.0
 10
836.949845777
 20
924.1089015865
 30
0.0
 10
836.9876492589
 20
924.1856179097
 30
0.0
  0
SPLINE
  5
A7D
100
AcDbEntity
  8
0
100
AcDbSpline
 62
7
  6
BYLAYER
 70
0
 71
3
 72
8
 73
4
 74
0
 42
0.0000001
 43
0.0000001
 44
0.0000000001
 40
0.0
 40
0.0
 40
0.0
 40
0.0
 40
1.0
 40
1.0
 40
1.0
 40
1.0
 10
699.4219159694
 20
912.4844378544
 30
0.0
 10
699.4870951522
 20
912.4901461593
 30
0.0
 10
699.5552485842
 20
912.4809036641
 30
0.0
 10
699.6163427078
 20
912.4574853234
 30
0.0
  0
SPLINE
  5
A7E
100
AcDbEntity
  8
0
100
AcDbSpline
 62
7
  6
BYLAYER
 70
0
 71
3
 72
9
 73
5
 74
0
 42
0.0000001
 43
0.0000001
 44
0.0000000001
 40
0.0
 40
0.0
 40
0.0
 40
0.0
 40
0.4913632781
 40
1.0
 40
1.0
 40
1.0
 40
1.0
 10
706.235183213
 20
913.081134606
 30
0.0
 10
706.1528778634
 20
913.0739264146
 30
0.0
 10
705.9872307882
 20
913.0108230661
 30
0.0
 10
705.8749405306
 20
912.8753896979
 30
0.0
 10
705.8371370487
 20
912.7986733747
 30
0.0
  0
SPLINE
  5
A7F
100
AcDbEntity
  8
0
100
AcDbSpline
 62
7
  6
BYLAYER
 70
0
 71
3
 72
9
 73
5
 74
0
 42
0.0000001
 43
0.0000001
 44
0.0000000001
 40
0.0
 40
0.0
 40
0.0
 40
0.0
 40
0.4913632781
 40
1.0
 40
1.0
 40
1.0
 40
1.0
 10
705.3880856065
 20
912.4127048158
 30
0.0
 10
705.470390956
 20
912.4199130073
 30
0.0
 10
705.6360380312
 20
912.4830163558
 30
0.0
 10
705.7483282888
 20
912.618449724
 30
0.0
 10
705.7861317708
 20
912.6951660471
 30
0.0
  0
SPLINE
  5
A80
100
AcDbEntity
  8
0
100
AcDbSpline
 62
7
  6
BYLAYER
 70
0
 71
3
 72
8
 73
4
 74
0
 42
0.0000001
 43
0.0000001
 44
0.0000000001
 40
0.0
 40
0.0
 40
0.0
 40
0.0
 40
1.0
 40
1.0
 40
1.0
 40
1.0
 10
572.906166963
 20
901.4043592727
 30
0.0
 10
572.9713461458
 20
901.4100675775
 30
0.0
 10
573.0394995778
 20
901.4008250823
 30
0.0
 10
573.1005937013
 20
901.3774067416
 30
0.0
  0
SPLINE
  5
A81
100
AcDbEntity
  8
0
100
AcDbSpline
 62
7
  6
BYLAYER
 70
0
 71
3
 72
9
 73
5
 74
0
 42
0.0000001
 43
0.0000001
 44
0.0000000001
 40
0.0
 40
0.0
 40
0.0
 40
0.0
 40
0.4913632781
 40
1.0
 40
1.0
 40
1.0
 40
1.0
 10
579.7194342066
 20
902.0010560242
 30
0.0
 10
579.637128857
 20
901.9938478328
 30
0.0
 10
579.4714817818
 20
901.9307444843
 30
0.0
 10
579.3591915242
 20
901.7953111161
 30
0.0
 10
579.3213880423
 20
901.7185947929
 30
0.0
  0
SPLINE
  5
A82
100
AcDbEntity
  8
0
100
AcDbSpline
 62
7
  6
BYLAYER
 70
0
 71
3
 72
9
 73
5
 74
0
 42
0.0000001
 43
0.0000001
 44
0.0000000001
 40
0.0
 40
0.0
 40
0.0
 40
0.0
 40
0.4913632781
 40
1.0
 40
1.0
 40
1.0
 40
1.0
 10
578.8723366001
 20
901.332626234
 30
0.0
 10
578.9546419496
 20
901.3398344255
 30
0.0
 10
579.1202890248
 20
901.402937774
 30
0.0
 10
579.2325792824
 20
901.5383711422
 30
0.0
 10
579.2703827644
 20
901.6150874654
 30
0.0
  0
SPLINE
  5
A83
100
AcDbEntity
  8
0
100
AcDbSpline
 62
7
  6
BYLAYER
 70
0
 71
3
 72
13
 73
9
 74
0
 42
0.0000001
 43
0.0000001
 44
0.0000000001
 40
0.0
 40
0.0
 40
0.0
 40
0.0
 40
0.057932602
 40
0.150493101
 40
0.2685299579
 40
0.405164256
 40
0.7069493619
 40
1.0
 40
1.0
 40
1.0
 40
1.0
 10
438.088055414
 20
889.1413645211
 30
0.0
 10
438.1768929473
 20
889.1073205598
 30
0.0
 10
438.4188350967
 20
889.0506534353
 30
0.0
 10
438.8546516618
 20
888.9848064747
 30
0.0
 10
439.4232220533
 20
888.9352575102
 30
0.0
 10
440.3362770735
 20
888.8953955709
 30
0.0
 10
441.5383473524
 20
888.9088514663
 30
0.0
 10
442.5136278666
 20
888.9780897593
 30
0.0
 10
442.9917841442
 20
889.0325658893
 30
0.0
  0
SPLINE
  5
A84
100
AcDbEntity
  8
0
100
AcDbSpline
 62
7
  6
BYLAYER
 70
0
 71
3
 72
9
 73
5
 74
0
 42
0.0000001
 43
0.0000001
 44
0.0000000001
 40
0.0
 40
0.0
 40
0.0
 40
0.0
 40
0.2671555341
 40
1.0
 40
1.0
 40
1.0
 40
1.0
 10
442.9917841442
 20
889.0325658893
 30
0.0
 10
443.0552843051
 20
889.0398004342
 30
0.0
 10
443.2928006866
 20
889.068331501
 30
0.0
 10
443.5296630214
 20
889.1026750663
 30
0.0
 10
443.702409284
 20
889.1325852211
 30
0.0
  0
SPLINE
  5
A85
100
AcDbEntity
  8
0
100
AcDbSpline
 62
7
  6
BYLAYER
 70
0
 71
3
 72
9
 73
5
 74
0
 42
0.0000001
 43
0.0000001
 44
0.0000000001
 40
0.0
 40
0.0
 40
0.0
 40
0.0
 40
0.2630902921
 40
1.0
 40
1.0
 40
1.0
 40
1.0
 10
443.702409284
 20
889.1325852211
 30
0.0
 10
443.7277198497
 20
889.1369676195
 30
0.0
 10
443.8238535147
 20
889.154029486
 30
0.0
 10
443.9197018019
 20
889.1727304754
 30
0.0
 10
443.9900750665
 20
889.187706478
 30
0.0
  0
SPLINE
  5
A86
100
AcDbEntity
  8
0
100
AcDbSpline
 62
7
  6
BYLAYER
 70
0
 71
3
 72
9
 73
5
 74
0
 42
0.0000001
 43
0.0000001
 44
0.0000000001
 40
0.0
 40
0.0
 40
0.0
 40
0.0
 40
0.63840046
 40
1.0
 40
1.0
 40
1.0
 40
1.0
 10
443.9900750665
 20
889.187706478
 30
0.0
 10
444.1129590213
 20
889.2138571821
 30
0.0
 10
444.3036268161
 20
889.2611805049
 30
0.0
 10
444.4917651293
 20
889.3238425999
 30
0.0
 10
444.5545958304
 20
889.3572540162
 30
0.0
  0
SPLINE
  5
A87
100
AcDbEntity
  8
0
100
AcDbSpline
 62
7
  6
BYLAYER
 70
0
 71
3
 72
13
 73
9
 74
0
 42
0.0000001
 43
0.0000001
 44
0.0000000001
 40
0.0
 40
0.0
 40
0.0
 40
0.0
 40
0.057932602
 40
0.150493101
 40
0.2685299579
 40
0.405164256
 40
0.7069493619
 40
1.0
 40
1.0
 40
1.0
 40
1.0
 10
573.9753413838
 20
901.0421896645
 30
0.0
 10
574.0641789172
 20
901.0081457032
 30
0.0
 10
574.3061210665
 20
900.9514785787
 30
0.0
 10
574.7419376316
 20
900.8856316181
 30
0.0
 10
575.3105080231
 20
900.8360826536
 30
0.0
 10
576.2235630433
 20
900.7962207143
 30
0.0
 10
577.4256333223
 20
900.8096766097
 30
0.0
 10
578.4009138365
 20
900.8789149027
 30
0.0
 10
578.8790701141
 20
900.9333910327
 30
0.0
  0
SPLINE
  5
A88
100
AcDbEntity
  8
0
100
AcDbSpline
 62
7
  6
BYLAYER
 70
0
 71
3
 72
9
 73
5
 74
0
 42
0.0000001
 43
0.0000001
 44
0.0000000001
 40
0.0
 40
0.0
 40
0.0
 40
0.0
 40
0.2671555341
 40
1.0
 40
1.0
 40
1.0
 40
1.0
 10
578.8790701141
 20
900.9333910327
 30
0.0
 10
578.942570275
 20
900.9406255776
 30
0.0
 10
579.1800866565
 20
900.9691566444
 30
0.0
 10
579.4169489913
 20
901.0035002097
 30
0.0
 10
579.5896952538
 20
901.0334103645
 30
0.0
  0
SPLINE
  5
A89
100
AcDbEntity
  8
0
100
AcDbSpline
 62
7
  6
BYLAYER
 70
0
 71
3
 72
9
 73
5
 74
0
 42
0.0000001
 43
0.0000001
 44
0.0000000001
 40
0.0
 40
0.0
 40
0.0
 40
0.0
 40
0.2630902921
 40
1.0
 40
1.0
 40
1.0
 40
1.0
 10
579.5896952538
 20
901.0334103645
 30
0.0
 10
579.6150058196
 20
901.0377927629
 30
0.0
 10
579.7111394845
 20
901.0548546294
 30
0.0
 10
579.8069877718
 20
901.0735556188
 30
0.0
 10
579.8773610363
 20
901.0885316213
 30
0.0
  0
SPLINE
  5
A8A
100
AcDbEntity
  8
0
100
AcDbSpline
 62
7
  6
BYLAYER
 70
0
 71
3
 72
9
 73
5
 74
0
 42
0.0000001
 43
0.0000001
 44
0.0000000001
 40
0.0
 40
0.0
 40
0.0
 40
0.0
 40
0.63840046
 40
1.0
 40
1.0
 40
1.0
 40
1.0
 10
579.8773610363
 20
901.0885316213
 30
0.0
 10
580.0002449912
 20
901.1146823255
 30
0.0
 10
580.1909127859
 20
901.1620056483
 30
0.0
 10
580.3790510992
 20
901.2246677433
 30
0.0
 10
580.4418818002
 20
901.2580791596
 30
0.0
  0
SPLINE
  5
A8B
100
AcDbEntity
  8
0
100
AcDbSpline
 62
7
  6
BYLAYER
 70
0
 71
3
 72
13
 73
9
 74
0
 42
0.0000001
 43
0.0000001
 44
0.0000000001
 40
0.0
 40
0.0
 40
0.0
 40
0.0
 40
0.057932602
 40
0.150493101
 40
0.2685299579
 40
0.405164256
 40
0.7069493619
 40
1.0
 40
1.0
 40
1.0
 40
1.0
 10
700.4910903902
 20
912.1222682463
 30
0.0
 10
700.5799279236
 20
912.088224285
 30
0.0
 10
700.8218700729
 20
912.0315571605
 30
0.0
 10
701.257686638
 20
911.9657101999
 30
0.0
 10
701.8262570295
 20
911.9161612354
 30
0.0
 10
702.7393120497
 20
911.8762992961
 30
0.0
 10
703.9413823287
 20
911.8897551915
 30
0.0
 10
704.9166628429
 20
911.9589934845
 30
0.0
 10
705.3948191205
 20
912.0134696145
 30
0.0
  0
SPLINE
  5
A8C
100
AcDbEntity
  8
0
100
AcDbSpline
 62
7
  6
BYLAYER
 70
0
 71
3
 72
9
 73
5
 74
0
 42
0.0000001
 43
0.0000001
 44
0.0000000001
 40
0.0
 40
0.0
 40
0.0
 40
0.0
 40
0.2671555341
 40
1.0
 40
1.0
 40
1.0
 40
1.0
 10
705.3948191205
 20
912.0134696145
 30
0.0
 10
705.4583192814
 20
912.0207041593
 30
0.0
 10
705.6958356629
 20
912.0492352262
 30
0.0
 10
705.9326979977
 20
912.0835787915
 30
0.0
 10
706.1054442602
 20
912.1134889463
 30
0.0
  0
SPLINE
  5
A8D
100
AcDbEntity
  8
0
100
AcDbSpline
 62
7
  6
BYLAYER
 70
0
 71
3
 72
9
 73
5
 74
0
 42
0.0000001
 43
0.0000001
 44
0.0000000001
 40
0.0
 40
0.0
 40
0.0
 40
0.0
 40
0.2630902921
 40
1.0
 40
1.0
 40
1.0
 40
1.0
 10
706.1054442602
 20
912.1134889463
 30
0.0
 10
706.130754826
 20
912.1178713447
 30
0.0
 10
706.2268884909
 20
912.1349332112
 30
0.0
 10
706.3227367782
 20
912.1536342006
 30
0.0
 10
706.3931100427
 20
912.1686102031
 30
0.0
  0
SPLINE
  5
A8E
100
AcDbEntity
  8
0
100
AcDbSpline
 62
7
  6
BYLAYER
 70
0
 71
3
 72
9
 73
5
 74
0
 42
0.0000001
 43
0.0000001
 44
0.0000000001
 40
0.0
 40
0.0
 40
0.0
 40
0.0
 40
0.6384004601
 40
1.0
 40
1.0
 40
1.0
 40
1.0
 10
706.3931100427
 20
912.1686102031
 30
0.0
 10
706.5159939976
 20
912.1947609073
 30
0.0
 10
706.7066617923
 20
912.2420842301
 30
0.0
 10
706.8948001056
 20
912.3047463251
 30
0.0
 10
706.9576308066
 20
912.3381577413
 30
0.0
  0
SPLINE
  5
A8F
100
AcDbEntity
  8
0
100
AcDbSpline
 62
7
  6
BYLAYER
 70
0
 71
3
 72
8
 73
4
 74
0
 42
0.0000001
 43
0.0000001
 44
0.0000000001
 40
0.0
 40
0.0
 40
0.0
 40
0.0
 40
1.0
 40
1.0
 40
1.0
 40
1.0
 10
437.0188809932
 20
889.5035341293
 30
0.0
 10
437.0840601759
 20
889.5092424341
 30
0.0
 10
437.1522136079
 20
889.4999999389
 30
0.0
 10
437.2133077315
 20
889.4765815982
 30
0.0
  0
SPLINE
  5
A90
100
AcDbEntity
  8
0
100
AcDbSpline
 62
7
  6
BYLAYER
 70
0
 71
3
 72
9
 73
5
 74
0
 42
0.0000001
 43
0.0000001
 44
0.0000000001
 40
0.0
 40
0.0
 40
0.0
 40
0.0
 40
0.4913632781
 40
1.0
 40
1.0
 40
1.0
 40
1.0
 10
443.8321482367
 20
890.1002308808
 30
0.0
 10
443.7498428872
 20
890.0930226894
 30
0.0
 10
443.584195812
 20
890.0299193409
 30
0.0
 10
443.4719055544
 20
889.8944859727
 30
0.0
 10
443.4341020724
 20
889.8177696495
 30
0.0
  0
SPLINE
  5
A91
100
AcDbEntity
  8
0
100
AcDbSpline
 62
7
  6
BYLAYER
 70
0
 71
3
 72
9
 73
5
 74
0
 42
0.0000001
 43
0.0000001
 44
0.0000000001
 40
0.0
 40
0.0
 40
0.0
 40
0.0
 40
0.4913632781
 40
1.0
 40
1.0
 40
1.0
 40
1.0
 10
442.9850506302
 20
889.4318010906
 30
0.0
 10
443.0673559798
 20
889.4390092821
 30
0.0
 10
443.233003055
 20
889.5021126306
 30
0.0
 10
443.3452933126
 20
889.6375459988
 30
0.0
 10
443.3830967945
 20
889.714262322
 30
0.0
  0
SPLINE
  5
A92
100
AcDbEntity
  8
0
100
AcDbSpline
 62
7
  6
BYLAYER
 70
0
 71
3
 72
13
 73
9
 74
0
 42
0.0000001
 43
0.0000001
 44
0.0000000001
 40
0.0
 40
0.0
 40
0.0
 40
0.0
 40
0.057932602
 40
0.150493101
 40
0.2685299579
 40
0.405164256
 40
0.7069493619
 40
1.0
 40
1.0
 40
1.0
 40
1.0
 10
831.6926078784
 20
923.6127201089
 30
0.0
 10
831.7814454117
 20
923.5786761476
 30
0.0
 10
832.023387561
 20
923.522009023
 30
0.0
 10
832.4592041261
 20
923.4561620625
 30
0.0
 10
833.0277745177
 20
923.406613098
 30
0.0
 10
833.9408295378
 20
923.3667511587
 30
0.0
 10
835.1428998168
 20
923.3802070541
 30
0.0
 10
836.118180331
 20
923.4494453471
 30
0.0
 10
836.5963366086
 20
923.5039214771
 30
0.0
  0
SPLINE
  5
A93
100
AcDbEntity
  8
0
100
AcDbSpline
 62
7
  6
BYLAYER
 70
0
 71
3
 72
9
 73
5
 74
0
 42
0.0000001
 43
0.0000001
 44
0.0000000001
 40
0.0
 40
0.0
 40
0.0
 40
0.0
 40
0.2671555341
 40
1.0
 40
1.0
 40
1.0
 40
1.0
 10
836.5963366086
 20
923.5039214771
 30
0.0
 10
836.6598367695
 20
923.5111560219
 30
0.0
 10
836.897353151
 20
923.5396870888
 30
0.0
 10
837.1342154858
 20
923.5740306541
 30
0.0
 10
837.3069617483
 20
923.6039408089
 30
0.0
  0
SPLINE
  5
A94
100
AcDbEntity
  8
0
100
AcDbSpline
 62
7
  6
BYLAYER
 70
0
 71
3
 72
9
 73
5
 74
0
 42
0.0000001
 43
0.0000001
 44
0.0000000001
 40
0.0
 40
0.0
 40
0.0
 40
0.0
 40
0.2630902921
 40
1.0
 40
1.0
 40
1.0
 40
1.0
 10
837.3069617483
 20
923.6039408089
 30
0.0
 10
837.3322723141
 20
923.6083232073
 30
0.0
 10
837.428405979
 20
923.6253850738
 30
0.0
 10
837.5242542663
 20
923.6440860632
 30
0.0
 10
837.5946275309
 20
923.6590620657
 30
0.0
  0
SPLINE
  5
A95
100
AcDbEntity
  8
0
100
AcDbSpline
 62
7
  6
BYLAYER
 70
0
 71
3
 72
9
 73
5
 74
0
 42
0.0000001
 43
0.0000001
 44
0.0000000001
 40
0.0
 40
0.0
 40
0.0
 40
0.0
 40
0.6384004601
 40
1.0
 40
1.0
 40
1.0
 40
1.0
 10
837.5946275309
 20
923.6590620657
 30
0.0
 10
837.7175114857
 20
923.6852127699
 30
0.0
 10
837.9081792804
 20
923.7325360927
 30
0.0
 10
838.0963175937
 20
923.7951981877
 30
0.0
 10
838.1591482948
 20
923.8286096039
 30
0.0
  0
SPLINE
  5
A96
100
AcDbEntity
  8
0
100
AcDbSpline
 62
7
  6
BYLAYER
 70
0
 71
3
 72
13
 73
9
 74
0
 42
0.0000001
 43
0.0000001
 44
0.0000000001
 40
0.0
 40
0.0
 40
0.0
 40
0.0
 40
0.057932602
 40
0.150493101
 40
0.2685299579
 40
0.405164256
 40
0.7069493619
 40
1.0
 40
1.0
 40
1.0
 40
1.0
 10
958.2083568848
 20
934.6927986907
 30
0.0
 10
958.2971944181
 20
934.6587547293
 30
0.0
 10
958.5391365675
 20
934.6020876048
 30
0.0
 10
958.9749531326
 20
934.5362406443
 30
0.0
 10
959.5435235241
 20
934.4866916798
 30
0.0
 10
960.4565785443
 20
934.4468297405
 30
0.0
 10
961.6586488232
 20
934.4602856358
 30
0.0
 10
962.6339293374
 20
934.5295239289
 30
0.0
 10
963.112085615
 20
934.5840000589
 30
0.0
  0
SPLINE
  5
A97
100
AcDbEntity
  8
0
100
AcDbSpline
 62
7
  6
BYLAYER
 70
0
 71
3
 72
9
 73
5
 74
0
 42
0.0000001
 43
0.0000001
 44
0.0000000001
 40
0.0
 40
0.0
 40
0.0
 40
0.0
 40
0.2671555341
 40
1.0
 40
1.0
 40
1.0
 40
1.0
 10
963.112085615
 20
934.5840000589
 30
0.0
 10
963.1755857759
 20
934.5912346037
 30
0.0
 10
963.4131021574
 20
934.6197656706
 30
0.0
 10
963.6499644922
 20
934.6541092359
 30
0.0
 10
963.8227107547
 20
934.6840193907
 30
0.0
  0
SPLINE
  5
A98
100
AcDbEntity
  8
0
100
AcDbSpline
 62
7
  6
BYLAYER
 70
0
 71
3
 72
9
 73
5
 74
0
 42
0.0000001
 43
0.0000001
 44
0.0000000001
 40
0.0
 40
0.0
 40
0.0
 40
0.0
 40
0.2630902921
 40
1.0
 40
1.0
 40
1.0
 40
1.0
 10
963.8227107547
 20
934.6840193907
 30
0.0
 10
963.8480213205
 20
934.6884017891
 30
0.0
 10
963.9441549854
 20
934.7054636555
 30
0.0
 10
964.0400032727
 20
934.724164645
 30
0.0
 10
964.1103765373
 20
934.7391406475
 30
0.0
  0
SPLINE
  5
A99
100
AcDbEntity
  8
0
100
AcDbSpline
 62
7
  6
BYLAYER
 70
0
 71
3
 72
9
 73
5
 74
0
 42
0.0000001
 43
0.0000001
 44
0.0000000001
 40
0.0
 40
0.0
 40
0.0
 40
0.0
 40
0.63840046
 40
1.0
 40
1.0
 40
1.0
 40
1.0
 10
964.1103765373
 20
934.7391406475
 30
0.0
 10
964.2332604921
 20
934.7652913517
 30
0.0
 10
964.4239282868
 20
934.8126146745
 30
0.0
 10
964.6120666001
 20
934.8752767695
 30
0.0
 10
964.6748973012
 20
934.9086881857
 30
0.0
  0
SPLINE
  5
A9A
100
AcDbEntity
  8
0
100
AcDbSpline
 62
7
  6
BYLAYER
 70
0
 71
3
 72
13
 73
9
 74
0
 42
0.0000001
 43
0.0000001
 44
0.0000000001
 40
0.0
 40
0.0
 40
0.0
 40
0.0
 40
0.057932602
 40
0.150493101
 40
0.2685299579
 40
0.405164256
 40
0.7069493619
 40
1.0
 40
1.0
 40
1.0
 40
1.0
 10
1094.0956428546
 20
946.5936238341
 30
0.0
 10
1094.184480388
 20
946.5595798727
 30
0.0
 10
1094.4264225373
 20
946.5029127482
 30
0.0
 10
1094.8622391024
 20
946.4370657877
 30
0.0
 10
1095.4308094939
 20
946.3875168232
 30
0.0
 10
1096.3438645141
 20
946.3476548839
 30
0.0
 10
1097.545934793
 20
946.3611107792
 30
0.0
 10
1098.5212153072
 20
946.4303490723
 30
0.0
 10
1098.9993715848
 20
946.4848252023
 30
0.0
  0
SPLINE
  5
A9B
100
AcDbEntity
  8
0
100
AcDbSpline
 62
7
  6
BYLAYER
 70
0
 71
3
 72
9
 73
5
 74
0
 42
0.0000001
 43
0.0000001
 44
0.0000000001
 40
0.0
 40
0.0
 40
0.0
 40
0.0
 40
0.2671555341
 40
1.0
 40
1.0
 40
1.0
 40
1.0
 10
1098.9993715848
 20
946.4848252023
 30
0.0
 10
1099.0628717458
 20
946.4920597471
 30
0.0
 10
1099.3003881272
 20
946.520590814
 30
0.0
 10
1099.537250462
 20
946.5549343793
 30
0.0
 10
1099.7099967246
 20
946.5848445341
 30
0.0
  0
SPLINE
  5
A9C
100
AcDbEntity
  8
0
100
AcDbSpline
 62
7
  6
BYLAYER
 70
0
 71
3
 72
9
 73
5
 74
0
 42
0.0000001
 43
0.0000001
 44
0.0000000001
 40
0.0
 40
0.0
 40
0.0
 40
0.0
 40
0.2630902921
 40
1.0
 40
1.0
 40
1.0
 40
1.0
 10
1099.7099967246
 20
946.5848445341
 30
0.0
 10
1099.7353072903
 20
946.5892269325
 30
0.0
 10
1099.8314409553
 20
946.6062887989
 30
0.0
 10
1099.9272892426
 20
946.6249897884
 30
0.0
 10
1099.9976625071
 20
946.6399657909
 30
0.0
  0
SPLINE
  5
A9D
100
AcDbEntity
  8
0
100
AcDbSpline
 62
7
  6
BYLAYER
 70
0
 71
3
 72
9
 73
5
 74
0
 42
0.0000001
 43
0.0000001
 44
0.0000000001
 40
0.0
 40
0.0
 40
0.0
 40
0.0
 40
0.63840046
 40
1.0
 40
1.0
 40
1.0
 40
1.0
 10
1099.9976625071
 20
946.6399657909
 30
0.0
 10
1100.120546462
 20
946.6661164951
 30
0.0
 10
1100.3112142567
 20
946.7134398179
 30
0.0
 10
1100.4993525699
 20
946.7761019129
 30
0.0
 10
1100.562183271
 20
946.8095133291
 30
0.0
  0
SPLINE
  5
A9E
100
AcDbEntity
  8
0
100
AcDbSpline
 62
7
  6
BYLAYER
 70
0
 71
3
 72
9
 73
5
 74
0
 42
0.0000001
 43
0.0000001
 44
0.0000000001
 40
0.0
 40
0.0
 40
0.0
 40
0.0
 40
0.5017202106
 40
1.0
 40
1.0
 40
1.0
 40
1.0
 10
430.340620627
 20
858.5775641271
 30
0.0
 10
430.3379179527
 20
858.6636371866
 30
0.0
 10
430.3759421524
 20
858.8389355601
 30
0.0
 10
430.4917318249
 20
858.9762693823
 30
0.0
 10
430.5614799591
 20
859.0257640029
 30
0.0
  0
SPLINE
  5
A9F
100
AcDbEntity
  8
0
100
AcDbSpline
 62
7
  6
BYLAYER
 70
0
 71
3
 72
9
 73
5
 74
0
 42
0.0000001
 43
0.0000001
 44
0.0000000001
 40
0.0
 40
0.0
 40
0.0
 40
0.0
 40
0.5090006157
 40
1.0
 40
1.0
 40
1.0
 40
1.0
 10
430.1151496668
 20
865.7582203864
 30
0.0
 10
430.1177808658
 20
865.674423629
 30
0.0
 10
430.1639206722
 20
865.5076040593
 30
0.0
 10
430.2908557936
 20
865.3878655913
 30
0.0
 10
430.3628671829
 20
865.3510578387
 30
0.0
  0
SPLINE
  5
AA0
100
AcDbEntity
  8
0
100
AcDbSpline
 62
7
  6
BYLAYER
 70
0
 71
3
 72
9
 73
5
 74
0
 42
0.0000001
 43
0.0000001
 44
0.0000000001
 40
0.0
 40
0.0
 40
0.0
 40
0.0
 40
0.5017202106
 40
1.0
 40
1.0
 40
1.0
 40
1.0
 10
433.5659892147
 20
755.8580692424
 30
0.0
 10
433.5632865404
 20
755.9441423018
 30
0.0
 10
433.6013107401
 20
756.1194406753
 30
0.0
 10
433.7171004126
 20
756.2567744976
 30
0.0
 10
433.7868485468
 20
756.3062691181
 30
0.0
  0
SPLINE
  5
AA1
100
AcDbEntity
  8
0
100
AcDbSpline
 62
7
  6
BYLAYER
 70
0
 71
3
 72
9
 73
5
 74
0
 42
0.0000001
 43
0.0000001
 44
0.0000000001
 40
0.0
 40
0.0
 40
0.0
 40
0.0
 40
0.5090006157
 40
1.0
 40
1.0
 40
1.0
 40
1.0
 10
433.3405182545
 20
763.0387255016
 30
0.0
 10
433.3431494535
 20
762.9549287443
 30
0.0
 10
433.3892892599
 20
762.7881091745
 30
0.0
 10
433.5162243813
 20
762.6683707065
 30
0.0
 10
433.5882357706
 20
762.6315629539
 30
0.0
  0
SPLINE
  5
AA2
100
AcDbEntity
  8
0
100
AcDbSpline
 62
7
  6
BYLAYER
 70
0
 71
3
 72
9
 73
5
 74
0
 42
0.0000001
 43
0.0000001
 44
0.0000000001
 40
0.0
 40
0.0
 40
0.0
 40
0.0
 40
0.5017202106
 40
1.0
 40
1.0
 40
1.0
 40
1.0
 10
438.4040420963
 20
601.7788269152
 30
0.0
 10
438.4013394219
 20
601.8648999747
 30
0.0
 10
438.4393636217
 20
602.0401983482
 30
0.0
 10
438.5551532942
 20
602.1775321704
 30
0.0
 10
438.6249014284
 20
602.227026791
 30
0.0
  0
SPLINE
  5
AA3
100
AcDbEntity
  8
0
100
AcDbSpline
 62
7
  6
BYLAYER
 70
0
 71
3
 72
9
 73
5
 74
0
 42
0.0000001
 43
0.0000001
 44
0.0000000001
 40
0.0
 40
0.0
 40
0.0
 40
0.0
 40
0.5090006157
 40
1.0
 40
1.0
 40
1.0
 40
1.0
 10
438.1785711361
 20
608.9594831744
 30
0.0
 10
438.1812023351
 20
608.8756864171
 30
0.0
 10
438.2273421414
 20
608.7088668473
 30
0.0
 10
438.3542772629
 20
608.5891283793
 30
0.0
 10
438.4262886522
 20
608.5523206268
 30
0.0
  0
SPLINE
  5
AA4
100
AcDbEntity
  8
0
100
AcDbSpline
 62
7
  6
BYLAYER
 70
0
 71
3
 72
9
 73
5
 74
0
 42
0.0000001
 43
0.0000001
 44
0.0000000001
 40
0.0
 40
0.0
 40
0.0
 40
0.0
 40
0.5017202106
 40
1.0
 40
1.0
 40
1.0
 40
1.0
 10
441.629410684
 20
499.0593320304
 30
0.0
 10
441.6267080096
 20
499.1454050899
 30
0.0
 10
441.6647322094
 20
499.3207034634
 30
0.0
 10
441.7805218819
 20
499.4580372856
 30
0.0
 10
441.8502700161
 20
499.5075319062
 30
0.0
  0
SPLINE
  5
AA5
100
AcDbEntity
  8
0
100
AcDbSpline
 62
7
  6
BYLAYER
 70
0
 71
3
 72
9
 73
5
 74
0
 42
0.0000001
 43
0.0000001
 44
0.0000000001
 40
0.0
 40
0.0
 40
0.0
 40
0.0
 40
0.5090006157
 40
1.0
 40
1.0
 40
1.0
 40
1.0
 10
441.4039397238
 20
506.2399882897
 30
0.0
 10
441.4065709228
 20
506.1561915324
 30
0.0
 10
441.4527107291
 20
505.9893719626
 30
0.0
 10
441.5796458506
 20
505.8696334946
 30
0.0
 10
441.6516572399
 20
505.832825742
 30
0.0
  0
SPLINE
  5
AA6
100
AcDbEntity
  8
0
100
AcDbSpline
 62
7
  6
BYLAYER
 70
0
 71
3
 72
9
 73
5
 74
0
 42
0.0000001
 43
0.0000001
 44
0.0000000001
 40
0.0
 40
0.0
 40
0.0
 40
0.0
 40
0.2185241308
 40
1.0
 40
1.0
 40
1.0
 40
1.0
 10
431.6106519481
 20
863.6103728362
 30
0.0
 10
431.6254296959
 20
863.6047097673
 30
0.0
 10
431.6907418751
 20
863.5726569464
 30
0.0
 10
431.7445920811
 20
863.5211589958
 30
0.0
 10
431.781314677
 20
863.4780956407
 30
0.0
  0
SPLINE
  5
AA7
100
AcDbEntity
  8
0
100
AcDbSpline
 62
7
  6
BYLAYER
 70
0
 71
3
 72
13
 73
9
 74
0
 42
0.0000001
 43
0.0000001
 44
0.0000000001
 40
0.0
 40
0.0
 40
0.0
 40
0.0
 40
0.0928914182
 40
0.2114816749
 40
0.4974668649
 40
0.7848984337
 40
0.9051352637
 40
1.0
 40
1.0
 40
1.0
 40
1.0
 10
431.781314677
 20
863.4780956407
 30
0.0
 10
431.8465632734
 20
863.4015808026
 30
0.0
 10
431.9632074171
 20
863.2011968219
 30
0.0
 10
432.1508565572
 20
862.6954495334
 30
0.0
 10
432.2801151221
 20
861.9518872125
 30
0.0
 10
432.2867635796
 20
861.1956555156
 30
0.0
 10
432.1941834879
 20
860.658640335
 30
0.0
 10
432.1162273856
 20
860.4363281078
 30
0.0
 10
432.0663165492
 20
860.346578505
 30
0.0
  0
SPLINE
  5
AA8
100
AcDbEntity
  8
0
100
AcDbSpline
 62
7
  6
BYLAYER
 70
0
 71
3
 72
9
 73
5
 74
0
 42
0.0000001
 43
0.0000001
 44
0.0000000001
 40
0.0
 40
0.0
 40
0.0
 40
0.0
 40
0.2692168811
 40
1.0
 40
1.0
 40
1.0
 40
1.0
 10
432.0663165492
 20
860.346578505
 30
0.0
 10
432.0604368183
 20
860.3360055804
 30
0.0
 10
432.0377307938
 20
860.2972405937
 30
0.0
 10
432.0113141867
 20
860.2604991759
 30
0.0
 10
431.9893940385
 20
860.2360465834
 30
0.0
  0
SPLINE
  5
AA9
100
AcDbEntity
  8
0
100
AcDbSpline
 62
7
  6
BYLAYER
 70
0
 71
3
 72
9
 73
5
 74
0
 42
0.0000001
 43
0.0000001
 44
0.0000000001
 40
0.0
 40
0.0
 40
0.0
 40
0.0
 40
0.2833245088
 40
1.0
 40
1.0
 40
1.0
 40
1.0
 10
431.9893940385
 20
860.2360465834
 30
0.0
 10
431.9767839325
 20
860.2219796264
 30
0.0
 10
431.9297008711
 20
860.1751260081
 30
0.0
 10
431.8652081885
 20
860.1427575122
 30
0.0
 10
431.8176032475
 20
860.1385922953
 30
0.0
  0
SPLINE
  5
AAA
100
AcDbEntity
  8
0
100
AcDbSpline
 62
7
  6
BYLAYER
 70
0
 71
3
 72
9
 73
5
 74
0
 42
0.0000001
 43
0.0000001
 44
0.0000000001
 40
0.0
 40
0.0
 40
0.0
 40
0.0
 40
0.2185241308
 40
1.0
 40
1.0
 40
1.0
 40
1.0
 10
434.8360205358
 20
760.8908779514
 30
0.0
 10
434.8507982836
 20
760.8852148825
 30
0.0
 10
434.9161104628
 20
760.8531620616
 30
0.0
 10
434.9699606688
 20
760.8016641111
 30
0.0
 10
435.0066832647
 20
760.7586007559
 30
0.0
  0
SPLINE
  5
AAB
100
AcDbEntity
  8
0
100
AcDbSpline
 62
7
  6
BYLAYER
 70
0
 71
3
 72
13
 73
9
 74
0
 42
0.0000001
 43
0.0000001
 44
0.0000000001
 40
0.0
 40
0.0
 40
0.0
 40
0.0
 40
0.0928914182
 40
0.2114816749
 40
0.4974668649
 40
0.7848984337
 40
0.9051352637
 40
1.0
 40
1.0
 40
1.0
 40
1.0
 10
435.0066832647
 20
760.7586007559
 30
0.0
 10
435.0719318612
 20
760.6820859179
 30
0.0
 10
435.1885760048
 20
760.4817019371
 30
0.0
 10
435.3762251449
 20
759.9759546486
 30
0.0
 10
435.5054837098
 20
759.2323923277
 30
0.0
 10
435.5121321673
 20
758.4761606309
 30
0.0
 10
435.4195520756
 20
757.9391454503
 30
0.0
 10
435.3415959734
 20
757.716833223
 30
0.0
 10
435.2916851369
 20
757.6270836202
 30
0.0
  0
SPLINE
  5
AAC
100
AcDbEntity
  8
0
100
AcDbSpline
 62
7
  6
BYLAYER
 70
0
 71
3
 72
9
 73
5
 74
0
 42
0.0000001
 43
0.0000001
 44
0.0000000001
 40
0.0
 40
0.0
 40
0.0
 40
0.0
 40
0.2692168811
 40
1.0
 40
1.0
 40
1.0
 40
1.0
 10
435.2916851369
 20
757.6270836202
 30
0.0
 10
435.285805406
 20
757.6165106956
 30
0.0
 10
435.2630993815
 20
757.5777457089
 30
0.0
 10
435.2366827744
 20
757.5410042911
 30
0.0
 10
435.2147626262
 20
757.5165516986
 30
0.0
  0
SPLINE
  5
AAD
100
AcDbEntity
  8
0
100
AcDbSpline
 62
7
  6
BYLAYER
 70
0
 71
3
 72
9
 73
5
 74
0
 42
0.0000001
 43
0.0000001
 44
0.0000000001
 40
0.0
 40
0.0
 40
0.0
 40
0.0
 40
0.2833245088
 40
1.0
 40
1.0
 40
1.0
 40
1.0
 10
435.2147626262
 20
757.5165516986
 30
0.0
 10
435.2021525202
 20
757.5024847417
 30
0.0
 10
435.1550694588
 20
757.4556311233
 30
0.0
 10
435.0905767762
 20
757.4232626274
 30
0.0
 10
435.0429718352
 20
757.4190974105
 30
0.0
  0
SPLINE
  5
AAE
100
AcDbEntity
  8
0
100
AcDbSpline
 62
7
  6
BYLAYER
 70
0
 71
3
 72
9
 73
5
 74
0
 42
0.0000001
 43
0.0000001
 44
0.0000000001
 40
0.0
 40
0.0
 40
0.0
 40
0.0
 40
0.2185241308
 40
1.0
 40
1.0
 40
1.0
 40
1.0
 10
439.6740734174
 20
606.8116356243
 30
0.0
 10
439.6888511652
 20
606.8059725553
 30
0.0
 10
439.7541633444
 20
606.7739197345
 30
0.0
 10
439.8080135503
 20
606.7224217839
 30
0.0
 10
439.8447361463
 20
606.6793584288
 30
0.0
  0
SPLINE
  5
AAF
100
AcDbEntity
  8
0
100
AcDbSpline
 62
7
  6
BYLAYER
 70
0
 71
3
 72
13
 73
9
 74
0
 42
0.0000001
 43
0.0000001
 44
0.0000000001
 40
0.0
 40
0.0
 40
0.0
 40
0.0
 40
0.0928914182
 40
0.2114816749
 40
0.4974668649
 40
0.7848984337
 40
0.9051352637
 40
1.0
 40
1.0
 40
1.0
 40
1.0
 10
439.8447361463
 20
606.6793584288
 30
0.0
 10
439.9099847427
 20
606.6028435907
 30
0.0
 10
440.0266288863
 20
606.40245961
 30
0.0
 10
440.2142780265
 20
605.8967123215
 30
0.0
 10
440.3435365913
 20
605.1531500006
 30
0.0
 10
440.3501850489
 20
604.3969183037
 30
0.0
 10
440.2576049572
 20
603.8599031231
 30
0.0
 10
440.1796488549
 20
603.6375908959
 30
0.0
 10
440.1297380185
 20
603.5478412931
 30
0.0
  0
SPLINE
  5
AB0
100
AcDbEntity
  8
0
100
AcDbSpline
 62
7
  6
BYLAYER
 70
0
 71
3
 72
9
 73
5
 74
0
 42
0.0000001
 43
0.0000001
 44
0.0000000001
 40
0.0
 40
0.0
 40
0.0
 40
0.0
 40
0.2692168811
 40
1.0
 40
1.0
 40
1.0
 40
1.0
 10
440.1297380185
 20
603.5478412931
 30
0.0
 10
440.1238582876
 20
603.5372683685
 30
0.0
 10
440.101152263
 20
603.4985033817
 30
0.0
 10
440.074735656
 20
603.4617619639
 30
0.0
 10
440.0528155077
 20
603.4373093715
 30
0.0
  0
SPLINE
  5
AB1
100
AcDbEntity
  8
0
100
AcDbSpline
 62
7
  6
BYLAYER
 70
0
 71
3
 72
9
 73
5
 74
0
 42
0.0000001
 43
0.0000001
 44
0.0000000001
 40
0.0
 40
0.0
 40
0.0
 40
0.0
 40
0.2833245088
 40
1.0
 40
1.0
 40
1.0
 40
1.0
 10
440.0528155077
 20
603.4373093715
 30
0.0
 10
440.0402054018
 20
603.4232424145
 30
0.0
 10
439.9931223404
 20
603.3763887962
 30
0.0
 10
439.9286296577
 20
603.3440203003
 30
0.0
 10
439.8810247167
 20
603.3398550833
 30
0.0
  0
SPLINE
  5
AB2
100
AcDbEntity
  8
0
100
AcDbSpline
 62
7
  6
BYLAYER
 70
0
 71
3
 72
9
 73
5
 74
0
 42
0.0000001
 43
0.0000001
 44
0.0000000001
 40
0.0
 40
0.0
 40
0.0
 40
0.0
 40
0.2185241308
 40
1.0
 40
1.0
 40
1.0
 40
1.0
 10
442.8994420051
 20
504.0921407395
 30
0.0
 10
442.9142197529
 20
504.0864776706
 30
0.0
 10
442.9795319321
 20
504.0544248497
 30
0.0
 10
443.033382138
 20
504.0029268992
 30
0.0
 10
443.070104734
 20
503.959863544
 30
0.0
  0
SPLINE
  5
AB3
100
AcDbEntity
  8
0
100
AcDbSpline
 62
7
  6
BYLAYER
 70
0
 71
3
 72
13
 73
9
 74
0
 42
0.0000001
 43
0.0000001
 44
0.0000000001
 40
0.0
 40
0.0
 40
0.0
 40
0.0
 40
0.0928914182
 40
0.2114816749
 40
0.4974668649
 40
0.7848984337
 40
0.9051352637
 40
1.0
 40
1.0
 40
1.0
 40
1.0
 10
443.070104734
 20
503.959863544
 30
0.0
 10
443.1353533304
 20
503.8833487059
 30
0.0
 10
443.251997474
 20
503.6829647252
 30
0.0
 10
443.4396466142
 20
503.1772174367
 30
0.0
 10
443.5689051791
 20
502.4336551158
 30
0.0
 10
443.5755536366
 20
501.6774234189
 30
0.0
 10
443.4829735449
 20
501.1404082384
 30
0.0
 10
443.4050174426
 20
500.9180960111
 30
0.0
 10
443.3551066062
 20
500.8283464083
 30
0.0
  0
SPLINE
  5
AB4
100
AcDbEntity
  8
0
100
AcDbSpline
 62
7
  6
BYLAYER
 70
0
 71
3
 72
9
 73
5
 74
0
 42
0.0000001
 43
0.0000001
 44
0.0000000001
 40
0.0
 40
0.0
 40
0.0
 40
0.0
 40
0.2692168811
 40
1.0
 40
1.0
 40
1.0
 40
1.0
 10
443.3551066062
 20
500.8283464083
 30
0.0
 10
443.3492268753
 20
500.8177734837
 30
0.0
 10
443.3265208507
 20
500.779008497
 30
0.0
 10
443.3001042437
 20
500.7422670792
 30
0.0
 10
443.2781840955
 20
500.7178144867
 30
0.0
  0
SPLINE
  5
AB5
100
AcDbEntity
  8
0
100
AcDbSpline
 62
7
  6
BYLAYER
 70
0
 71
3
 72
9
 73
5
 74
0
 42
0.0000001
 43
0.0000001
 44
0.0000000001
 40
0.0
 40
0.0
 40
0.0
 40
0.0
 40
0.2833245088
 40
1.0
 40
1.0
 40
1.0
 40
1.0
 10
443.2781840955
 20
500.7178144867
 30
0.0
 10
443.2655739895
 20
500.7037475297
 30
0.0
 10
443.2184909281
 20
500.6568939114
 30
0.0
 10
443.1539982454
 20
500.6245254155
 30
0.0
 10
443.1063933044
 20
500.6203601986
 30
0.0
  0
SPLINE
  5
AB6
100
AcDbEntity
  8
0
100
AcDbSpline
 62
7
  6
BYLAYER
 70
0
 71
3
 72
9
 73
5
 74
0
 42
0.0000001
 43
0.0000001
 44
0.0000000001
 40
0.0
 40
0.0
 40
0.0
 40
0.0
 40
0.7577941516
 40
1.0
 40
1.0
 40
1.0
 40
1.0
 10
1102.3860119721
 20
947.5791480536
 30
0.0
 10
1102.2897657719
 20
947.5707189413
 30
0.0
 10
1102.1621144704
 20
947.5657618195
 30
0.0
 10
1102.0346381779
 20
947.5684067536
 30
0.0
 10
1102.0037826655
 20
947.5696342259
 30
0.0
  0
SPLINE
  5
AB7
100
AcDbEntity
  8
0
100
AcDbSpline
 62
7
  6
BYLAYER
 70
0
 71
3
 72
9
 73
5
 74
0
 42
0.0000001
 43
0.0000001
 44
0.0000000001
 40
0.0
 40
0.0
 40
0.0
 40
0.0
 40
0.4127953167
 40
1.0
 40
1.0
 40
1.0
 40
1.0
 10
1091.5947164898
 20
946.6580222558
 30
0.0
 10
1091.5578724379
 20
946.6445713404
 30
0.0
 10
1091.4640840908
 20
946.6256951713
 30
0.0
 10
1091.3698597607
 20
946.6143683078
 30
0.0
 10
1091.3142780627
 20
946.6095005377
 30
0.0
  0
SPLINE
  5
AB8
100
AcDbEntity
  8
0
100
AcDbSpline
 62
7
  6
BYLAYER
 70
0
 71
3
 72
9
 73
5
 74
0
 42
0.0000001
 43
0.0000001
 44
0.0000000001
 40
0.0
 40
0.0
 40
0.0
 40
0.0
 40
0.7577941516
 40
1.0
 40
1.0
 40
1.0
 40
1.0
 10
966.4987260023
 20
935.6783229102
 30
0.0
 10
966.402479802
 20
935.6698937979
 30
0.0
 10
966.2748285006
 20
935.6649366761
 30
0.0
 10
966.147352208
 20
935.6675816102
 30
0.0
 10
966.1164966956
 20
935.6688090825
 30
0.0
  0
SPLINE
  5
AB9
100
AcDbEntity
  8
0
100
AcDbSpline
 62
7
  6
BYLAYER
 70
0
 71
3
 72
9
 73
5
 74
0
 42
0.0000001
 43
0.0000001
 44
0.0000000001
 40
0.0
 40
0.0
 40
0.0
 40
0.0
 40
0.4127953167
 40
1.0
 40
1.0
 40
1.0
 40
1.0
 10
955.70743052
 20
934.7571971125
 30
0.0
 10
955.670586468
 20
934.743746197
 30
0.0
 10
955.5767981209
 20
934.7248700279
 30
0.0
 10
955.4825737908
 20
934.7135431644
 30
0.0
 10
955.4269920929
 20
934.7086753943
 30
0.0
  0
SPLINE
  5
ABA
100
AcDbEntity
  8
0
100
AcDbSpline
 62
7
  6
BYLAYER
 70
0
 71
3
 72
9
 73
5
 74
0
 42
0.0000001
 43
0.0000001
 44
0.0000000001
 40
0.0
 40
0.0
 40
0.0
 40
0.0
 40
0.7577941516
 40
1.0
 40
1.0
 40
1.0
 40
1.0
 10
839.9829769959
 20
924.5982443284
 30
0.0
 10
839.8867307956
 20
924.5898152161
 30
0.0
 10
839.7590794942
 20
924.5848580943
 30
0.0
 10
839.6316032016
 20
924.5875030284
 30
0.0
 10
839.6007476892
 20
924.5887305007
 30
0.0
  0
SPLINE
  5
ABB
100
AcDbEntity
  8
0
100
AcDbSpline
 62
7
  6
BYLAYER
 70
0
 71
3
 72
9
 73
5
 74
0
 42
0.0000001
 43
0.0000001
 44
0.0000000001
 40
0.0
 40
0.0
 40
0.0
 40
0.0
 40
0.4127953167
 40
1.0
 40
1.0
 40
1.0
 40
1.0
 10
829.1916815136
 20
923.6771185307
 30
0.0
 10
829.1548374616
 20
923.6636676152
 30
0.0
 10
829.0610491145
 20
923.6447914461
 30
0.0
 10
828.9668247844
 20
923.6334645826
 30
0.0
 10
828.9112430865
 20
923.6285968125
 30
0.0
  0
SPLINE
  5
ABC
100
AcDbEntity
  8
0
100
AcDbSpline
 62
7
  6
BYLAYER
 70
0
 71
3
 72
9
 73
5
 74
0
 42
0.0000001
 43
0.0000001
 44
0.0000000001
 40
0.0
 40
0.0
 40
0.0
 40
0.0
 40
0.2309211089
 40
1.0
 40
1.0
 40
1.0
 40
1.0
 10
430.7662659061
 20
856.5424036883
 30
0.0
 10
430.7754919302
 20
856.5150857905
 30
0.0
 10
430.8095243282
 20
856.3948332858
 30
0.0
 10
430.8251123054
 20
856.2696826235
 30
0.0
 10
430.8281261536
 20
856.173699496
 30
0.0
  0
SPLINE
  5
ABD
100
AcDbEntity
  8
0
100
AcDbSpline
 62
7
  6
BYLAYER
 70
0
 71
3
 72
9
 73
5
 74
0
 42
0.0000001
 43
0.0000001
 44
0.0000000001
 40
0.0
 40
0.0
 40
0.0
 40
0.0
 40
0.2854655062
 40
1.0
 40
1.0
 40
1.0
 40
1.0
 10
433.6870986517
 20
765.122955088
 30
0.0
 10
433.6880931693
 20
765.0912823217
 30
0.0
 10
433.6875578635
 20
764.9805654982
 30
0.0
 10
433.6747191349
 20
764.8676376621
 30
0.0
 10
433.6471680196
 20
764.7932587861
 30
0.0
  0
SPLINE
  5
ABE
100
AcDbEntity
  8
0
100
AcDbSpline
 62
7
  6
BYLAYER
 70
0
 71
3
 72
9
 73
5
 74
0
 42
0.0000001
 43
0.0000001
 44
0.0000000001
 40
0.0
 40
0.0
 40
0.0
 40
0.0
 40
0.2309211089
 40
1.0
 40
1.0
 40
1.0
 40
1.0
 10
433.9916344938
 20
753.8229088035
 30
0.0
 10
434.0008605179
 20
753.7955909058
 30
0.0
 10
434.0348929159
 20
753.6753384011
 30
0.0
 10
434.0504808931
 20
753.5501877387
 30
0.0
 10
434.0534947413
 20
753.4542046112
 30
0.0
  0
SPLINE
  5
ABF
100
AcDbEntity
  8
0
100
AcDbSpline
 62
7
  6
BYLAYER
 70
0
 71
3
 72
9
 73
5
 74
0
 42
0.0000001
 43
0.0000001
 44
0.0000000001
 40
0.0
 40
0.0
 40
0.0
 40
0.0
 40
0.2854655062
 40
1.0
 40
1.0
 40
1.0
 40
1.0
 10
438.5251515333
 20
611.0437127609
 30
0.0
 10
438.5261460509
 20
611.0120399946
 30
0.0
 10
438.5256107451
 20
610.901323171
 30
0.0
 10
438.5127720165
 20
610.7883953349
 30
0.0
 10
438.4852209012
 20
610.714016459
 30
0.0
  0
SPLINE
  5
AC0
100
AcDbEntity
  8
0
100
AcDbSpline
 62
7
  6
BYLAYER
 70
0
 71
3
 72
9
 73
5
 74
0
 42
0.0000001
 43
0.0000001
 44
0.0000000001
 40
0.0
 40
0.0
 40
0.0
 40
0.0
 40
0.2309211089
 40
1.0
 40
1.0
 40
1.0
 40
1.0
 10
438.8296873754
 20
599.7436664764
 30
0.0
 10
438.8389133994
 20
599.7163485786
 30
0.0
 10
438.8729457975
 20
599.5960960739
 30
0.0
 10
438.8885337746
 20
599.4709454116
 30
0.0
 10
438.8915476228
 20
599.374962284
 30
0.0
  0
SPLINE
  5
AC1
100
AcDbEntity
  8
0
100
AcDbSpline
 62
7
  6
BYLAYER
 70
0
 71
3
 72
9
 73
5
 74
0
 42
0.0000001
 43
0.0000001
 44
0.0000000001
 40
0.0
 40
0.0
 40
0.0
 40
0.0
 40
0.2854655062
 40
1.0
 40
1.0
 40
1.0
 40
1.0
 10
441.750520121
 20
508.3242178761
 30
0.0
 10
441.7515146386
 20
508.2925451098
 30
0.0
 10
441.7509793328
 20
508.1818282863
 30
0.0
 10
441.7381406042
 20
508.0689004502
 30
0.0
 10
441.7105894889
 20
507.9945215742
 30
0.0
  0
SPLINE
  5
AC2
100
AcDbEntity
  8
0
100
AcDbSpline
 62
7
  6
BYLAYER
 70
0
 71
3
 72
9
 73
5
 74
0
 42
0.0000001
 43
0.0000001
 44
0.0000000001
 40
0.0
 40
0.0
 40
0.0
 40
0.0
 40
0.2309211089
 40
1.0
 40
1.0
 40
1.0
 40
1.0
 10
442.0550559631
 20
497.0241715916
 30
0.0
 10
442.0642819872
 20
496.9968536939
 30
0.0
 10
442.0983143852
 20
496.8766011891
 30
0.0
 10
442.1139023623
 20
496.7514505268
 30
0.0
 10
442.1169162105
 20
496.6554673993
 30
0.0
  0
SPLINE
  5
AC3
100
AcDbEntity
  8
0
100
AcDbSpline
 62
7
  6
BYLAYER
 70
0
 71
3
 72
9
 73
5
 74
0
 42
0.0000001
 43
0.0000001
 44
0.0000000001
 40
0.0
 40
0.0
 40
0.0
 40
0.0
 40
0.7577941516
 40
1.0
 40
1.0
 40
1.0
 40
1.0
 10
708.7814595077
 20
913.1077924658
 30
0.0
 10
708.6852133075
 20
913.0993633535
 30
0.0
 10
708.557562006
 20
913.0944062317
 30
0.0
 10
708.4300857135
 20
913.0970511658
 30
0.0
 10
708.3992302011
 20
913.0982786381
 30
0.0
  0
SPLINE
  5
AC4
100
AcDbEntity
  8
0
100
AcDbSpline
 62
7
  6
BYLAYER
 70
0
 71
3
 72
9
 73
5
 74
0
 42
0.0000001
 43
0.0000001
 44
0.0000000001
 40
0.0
 40
0.0
 40
0.0
 40
0.0
 40
0.4127953167
 40
1.0
 40
1.0
 40
1.0
 40
1.0
 10
697.9901640254
 20
912.1866666681
 30
0.0
 10
697.9533199735
 20
912.1732157526
 30
0.0
 10
697.8595316264
 20
912.1543395835
 30
0.0
 10
697.7653072963
 20
912.14301272
 30
0.0
 10
697.7097255984
 20
912.1381449499
 30
0.0
  0
SPLINE
  5
AC5
100
AcDbEntity
  8
0
100
AcDbSpline
 62
7
  6
BYLAYER
 70
0
 71
3
 72
9
 73
5
 74
0
 42
0.0000001
 43
0.0000001
 44
0.0000000001
 40
0.0
 40
0.0
 40
0.0
 40
0.0
 40
0.7577941516
 40
1.0
 40
1.0
 40
1.0
 40
1.0
 10
582.2657105013
 20
902.027713884
 30
0.0
 10
582.1694643011
 20
902.0192847717
 30
0.0
 10
582.0418129996
 20
902.0143276499
 30
0.0
 10
581.9143367071
 20
902.0169725841
 30
0.0
 10
581.8834811947
 20
902.0182000563
 30
0.0
  0
SPLINE
  5
AC6
100
AcDbEntity
  8
0
100
AcDbSpline
 62
7
  6
BYLAYER
 70
0
 71
3
 72
9
 73
5
 74
0
 42
0.0000001
 43
0.0000001
 44
0.0000000001
 40
0.0
 40
0.0
 40
0.0
 40
0.0
 40
0.4127953167
 40
1.0
 40
1.0
 40
1.0
 40
1.0
 10
571.474415019
 20
901.1065880863
 30
0.0
 10
571.4375709671
 20
901.0931371708
 30
0.0
 10
571.34378262
 20
901.0742610017
 30
0.0
 10
571.2495582899
 20
901.0629341382
 30
0.0
 10
571.193976592
 20
901.0580663681
 30
0.0
  0
SPLINE
  5
AC7
100
AcDbEntity
  8
0
100
AcDbSpline
 62
7
  6
BYLAYER
 70
0
 71
3
 72
9
 73
5
 74
0
 42
0.0000001
 43
0.0000001
 44
0.0000000001
 40
0.0
 40
0.0
 40
0.0
 40
0.0
 40
0.7577941516
 40
1.0
 40
1.0
 40
1.0
 40
1.0
 10
446.3784245315
 20
890.1268887406
 30
0.0
 10
446.2821783312
 20
890.1184596283
 30
0.0
 10
446.1545270298
 20
890.1135025065
 30
0.0
 10
446.0270507373
 20
890.1161474407
 30
0.0
 10
445.9961952249
 20
890.1173749129
 30
0.0
  0
SPLINE
  5
AC8
100
AcDbEntity
  8
0
100
AcDbSpline
 62
7
  6
BYLAYER
 70
0
 71
3
 72
9
 73
5
 74
0
 42
0.0000001
 43
0.0000001
 44
0.0000000001
 40
0.0
 40
0.0
 40
0.0
 40
0.0
 40
0.4127953167
 40
1.0
 40
1.0
 40
1.0
 40
1.0
 10
435.5871290492
 20
889.2057629429
 30
0.0
 10
435.5502849972
 20
889.1923120274
 30
0.0
 10
435.4564966502
 20
889.1734358583
 30
0.0
 10
435.3622723201
 20
889.1621089948
 30
0.0
 10
435.3066906221
 20
889.1572412247
 30
0.0
  0
SPLINE
  5
AC9
100
AcDbEntity
  8
0
100
AcDbSpline
 62
7
  6
BYLAYER
 70
0
 71
3
 72
9
 73
5
 74
0
 42
0.0000001
 43
0.0000001
 44
0.0000000001
 40
0.0
 40
0.0
 40
0.0
 40
0.0
 40
0.2854655062
 40
1.0
 40
1.0
 40
1.0
 40
1.0
 10
430.461730064
 20
867.8424499728
 30
0.0
 10
430.4627245816
 20
867.8107772065
 30
0.0
 10
430.4621892758
 20
867.700060383
 30
0.0
 10
430.4493505472
 20
867.5871325468
 30
0.0
 10
430.4217994319
 20
867.5127536709
 30
0.0
  0
SPLINE
  5
ACA
100
AcDbEntity
  8
0
100
AcDbSpline
 62
7
  6
BYLAYER
 70
0
 71
3
 72
9
 73
5
 74
0
 42
0.0000001
 43
0.0000001
 44
0.0000000001
 40
0.0
 40
0.0
 40
0.0
 40
0.0
 40
0.6294446158
 40
1.0
 40
1.0
 40
1.0
 40
1.0
 10
441.0849283507
 20
476.6890426594
 30
0.0
 10
441.0523712852
 20
476.7015190467
 30
0.0
 10
441.0017016933
 20
476.721577076
 30
0.0
 10
440.9608676579
 20
476.7699079958
 30
0.0
 10
440.9602240858
 20
476.7904234638
 30
0.0
  0
SPLINE
  5
ACB
100
AcDbEntity
  8
0
100
AcDbSpline
 62
7
  6
BYLAYER
 70
0
 71
3
 72
9
 73
5
 74
0
 42
0.0000001
 43
0.0000001
 44
0.0000000001
 40
0.0
 40
0.0
 40
0.0
 40
0.0
 40
0.2079142646
 40
1.0
 40
1.0
 40
1.0
 40
1.0
 10
430.1346795969
 20
866.7376253185
 30
0.0
 10
430.1266575178
 20
866.7159683649
 30
0.0
 10
430.0970871274
 20
866.6085440895
 30
0.0
 10
430.0919876387
 20
866.4958699797
 30
0.0
 10
430.0947489648
 20
866.4079290167
 30
0.0
  0
SPLINE
  5
ACC
100
AcDbEntity
  8
0
100
AcDbSpline
 62
7
  6
BYLAYER
 70
0
 71
3
 72
9
 73
5
 74
0
 42
0.0000001
 43
0.0000001
 44
0.0000000001
 40
0.0
 40
0.0
 40
0.0
 40
0.0
 40
0.2309211089
 40
1.0
 40
1.0
 40
1.0
 40
1.0
 10
430.4228815765
 20
857.5591513045
 30
0.0
 10
430.4136555524
 20
857.5864692023
 30
0.0
 10
430.3796231544
 20
857.706721707
 30
0.0
 10
430.3640351772
 20
857.8318723693
 30
0.0
 10
430.361021329
 20
857.9278554968
 30
0.0
  0
SPLINE
  5
ACD
100
AcDbEntity
  8
0
100
AcDbSpline
 62
7
  6
BYLAYER
 70
0
 71
3
 72
9
 73
5
 74
0
 42
0.0000001
 43
0.0000001
 44
0.0000000001
 40
0.0
 40
0.0
 40
0.0
 40
0.0
 40
0.2854655062
 40
1.0
 40
1.0
 40
1.0
 40
1.0
 10
433.3201175525
 20
763.6884341319
 30
0.0
 10
433.3191230349
 20
763.7201068982
 30
0.0
 10
433.3196583408
 20
763.8308237217
 30
0.0
 10
433.3324970693
 20
763.9437515578
 30
0.0
 10
433.3600481846
 20
764.0181304337
 30
0.0
  0
SPLINE
  5
ACE
100
AcDbEntity
  8
0
100
AcDbSpline
 62
7
  6
BYLAYER
 70
0
 71
3
 72
9
 73
5
 74
0
 42
0.0000001
 43
0.0000001
 44
0.0000000001
 40
0.0
 40
0.0
 40
0.0
 40
0.0
 40
0.2309211089
 40
1.0
 40
1.0
 40
1.0
 40
1.0
 10
433.6482501642
 20
754.8396564198
 30
0.0
 10
433.6390241401
 20
754.8669743175
 30
0.0
 10
433.6049917421
 20
754.9872268222
 30
0.0
 10
433.5894037649
 20
755.1123774845
 30
0.0
 10
433.5863899167
 20
755.2083606121
 30
0.0
  0
SPLINE
  5
ACF
100
AcDbEntity
  8
0
100
AcDbSpline
 62
7
  6
BYLAYER
 70
0
 71
3
 72
9
 73
5
 74
0
 42
0.0000001
 43
0.0000001
 44
0.0000000001
 40
0.0
 40
0.0
 40
0.0
 40
0.0
 40
0.2854655062
 40
1.0
 40
1.0
 40
1.0
 40
1.0
 10
438.1581704341
 20
609.6091918047
 30
0.0
 10
438.1571759165
 20
609.640864571
 30
0.0
 10
438.1577112223
 20
609.7515813945
 30
0.0
 10
438.1705499509
 20
609.8645092307
 30
0.0
 10
438.1981010662
 20
609.9388881066
 30
0.0
  0
SPLINE
  5
AD0
100
AcDbEntity
  8
0
100
AcDbSpline
 62
7
  6
BYLAYER
 70
0
 71
3
 72
9
 73
5
 74
0
 42
0.0000001
 43
0.0000001
 44
0.0000000001
 40
0.0
 40
0.0
 40
0.0
 40
0.0
 40
0.2309211089
 40
1.0
 40
1.0
 40
1.0
 40
1.0
 10
438.4863030458
 20
600.7604140926
 30
0.0
 10
438.4770770217
 20
600.7877319903
 30
0.0
 10
438.4430446237
 20
600.9079844951
 30
0.0
 10
438.4274566465
 20
601.0331351574
 30
0.0
 10
438.4244427983
 20
601.1291182849
 30
0.0
  0
SPLINE
  5
AD1
100
AcDbEntity
  8
0
100
AcDbSpline
 62
7
  6
BYLAYER
 70
0
 71
3
 72
9
 73
5
 74
0
 42
0.0000001
 43
0.0000001
 44
0.0000000001
 40
0.0
 40
0.0
 40
0.0
 40
0.0
 40
0.2854655062
 40
1.0
 40
1.0
 40
1.0
 40
1.0
 10
441.3835390218
 20
506.88969692
 30
0.0
 10
441.3825445042
 20
506.9213696862
 30
0.0
 10
441.38307981
 20
507.0320865098
 30
0.0
 10
441.3959185386
 20
507.1450143459
 30
0.0
 10
441.4234696539
 20
507.2193932218
 30
0.0
  0
SPLINE
  5
AD2
100
AcDbEntity
  8
0
100
AcDbSpline
 62
7
  6
BYLAYER
 70
0
 71
3
 72
9
 73
5
 74
0
 42
0.0000001
 43
0.0000001
 44
0.0000000001
 40
0.0
 40
0.0
 40
0.0
 40
0.0
 40
0.2309211089
 40
1.0
 40
1.0
 40
1.0
 40
1.0
 10
441.7116716335
 20
498.0409192078
 30
0.0
 10
441.7024456094
 20
498.0682371056
 30
0.0
 10
441.6684132114
 20
498.1884896103
 30
0.0
 10
441.6528252342
 20
498.3136402726
 30
0.0
 10
441.649811386
 20
498.4096234001
 30
0.0
  0
SPLINE
  5
AD3
100
AcDbEntity
  8
0
100
AcDbSpline
 62
7
  6
BYLAYER
 70
0
 71
3
 72
9
 73
5
 74
0
 42
0.0000001
 43
0.0000001
 44
0.0000000001
 40
0.0
 40
0.0
 40
0.0
 40
0.0
 40
0.2422058484
 40
1.0
 40
1.0
 40
1.0
 40
1.0
 10
1100.8384321102
 20
947.6159933806
 30
0.0
 10
1100.8075765978
 20
947.6172208529
 30
0.0
 10
1100.6801003053
 20
947.619865787
 30
0.0
 10
1100.5524490039
 20
947.6149086652
 30
0.0
 10
1100.4562028036
 20
947.6064795529
 30
0.0
  0
SPLINE
  5
AD4
100
AcDbEntity
  8
0
100
AcDbSpline
 62
7
  6
BYLAYER
 70
0
 71
3
 72
9
 73
5
 74
0
 42
0.0000001
 43
0.0000001
 44
0.0000000001
 40
0.0
 40
0.0
 40
0.0
 40
0.0
 40
0.5872046833
 40
1.0
 40
1.0
 40
1.0
 40
1.0
 10
1092.4100013075
 20
946.9018040831
 30
0.0
 10
1092.3544196096
 20
946.896936313
 30
0.0
 10
1092.2601952795
 20
946.8856094495
 30
0.0
 10
1092.1664069324
 20
946.8667332804
 30
0.0
 10
1092.1295628805
 20
946.8532823649
 30
0.0
  0
SPLINE
  5
AD5
100
AcDbEntity
  8
0
100
AcDbSpline
 62
7
  6
BYLAYER
 70
0
 71
3
 72
9
 73
5
 74
0
 42
0.0000001
 43
0.0000001
 44
0.0000000001
 40
0.0
 40
0.0
 40
0.0
 40
0.0
 40
0.2422058484
 40
1.0
 40
1.0
 40
1.0
 40
1.0
 10
964.9511461404
 20
935.7151682372
 30
0.0
 10
964.920290628
 20
935.7163957095
 30
0.0
 10
964.7928143355
 20
935.7190406436
 30
0.0
 10
964.665163034
 20
935.7140835218
 30
0.0
 10
964.5689168337
 20
935.7056544095
 30
0.0
  0
SPLINE
  5
AD6
100
AcDbEntity
  8
0
100
AcDbSpline
 62
7
  6
BYLAYER
 70
0
 71
3
 72
9
 73
5
 74
0
 42
0.0000001
 43
0.0000001
 44
0.0000000001
 40
0.0
 40
0.0
 40
0.0
 40
0.0
 40
0.5872046833
 40
1.0
 40
1.0
 40
1.0
 40
1.0
 10
956.5227153377
 20
935.0009789397
 30
0.0
 10
956.4671336398
 20
934.9961111696
 30
0.0
 10
956.3729093097
 20
934.9847843061
 30
0.0
 10
956.2791209626
 20
934.965908137
 30
0.0
 10
956.2422769106
 20
934.9524572215
 30
0.0
  0
SPLINE
  5
AD7
100
AcDbEntity
  8
0
100
AcDbSpline
 62
7
  6
BYLAYER
 70
0
 71
3
 72
9
 73
5
 74
0
 42
0.0000001
 43
0.0000001
 44
0.0000000001
 40
0.0
 40
0.0
 40
0.0
 40
0.0
 40
0.2422058484
 40
1.0
 40
1.0
 40
1.0
 40
1.0
 10
838.435397134
 20
924.6350896554
 30
0.0
 10
838.4045416216
 20
924.6363171277
 30
0.0
 10
838.277065329
 20
924.6389620618
 30
0.0
 10
838.1494140276
 20
924.63400494
 30
0.0
 10
838.0531678273
 20
924.6255758277
 30
0.0
  0
SPLINE
  5
AD8
100
AcDbEntity
  8
0
100
AcDbSpline
 62
7
  6
BYLAYER
 70
0
 71
3
 72
9
 73
5
 74
0
 42
0.0000001
 43
0.0000001
 44
0.0000000001
 40
0.0
 40
0.0
 40
0.0
 40
0.0
 40
0.5872046833
 40
1.0
 40
1.0
 40
1.0
 40
1.0
 10
830.0069663313
 20
923.9209003579
 30
0.0
 10
829.9513846334
 20
923.9160325878
 30
0.0
 10
829.8571603033
 20
923.9047057243
 30
0.0
 10
829.7633719562
 20
923.8858295552
 30
0.0
 10
829.7265279042
 20
923.8723786398
 30
0.0
  0
SPLINE
  5
AD9
100
AcDbEntity
  8
0
100
AcDbSpline
 62
7
  6
BYLAYER
 70
0
 71
3
 72
9
 73
5
 74
0
 42
0.0000001
 43
0.0000001
 44
0.0000000001
 40
0.0
 40
0.0
 40
0.0
 40
0.0
 40
0.2422058484
 40
1.0
 40
1.0
 40
1.0
 40
1.0
 10
707.2338796458
 20
913.1446377928
 30
0.0
 10
707.2030241334
 20
913.1458652651
 30
0.0
 10
707.0755478409
 20
913.1485101992
 30
0.0
 10
706.9478965395
 20
913.1435530775
 30
0.0
 10
706.8516503392
 20
913.1351239651
 30
0.0
  0
SPLINE
  5
ADA
100
AcDbEntity
  8
0
100
AcDbSpline
 62
7
  6
BYLAYER
 70
0
 71
3
 72
9
 73
5
 74
0
 42
0.0000001
 43
0.0000001
 44
0.0000000001
 40
0.0
 40
0.0
 40
0.0
 40
0.0
 40
0.5872046833
 40
1.0
 40
1.0
 40
1.0
 40
1.0
 10
698.8054488432
 20
912.4304484954
 30
0.0
 10
698.7498671452
 20
912.4255807253
 30
0.0
 10
698.6556428151
 20
912.4142538617
 30
0.0
 10
698.561854468
 20
912.3953776927
 30
0.0
 10
698.5250104161
 20
912.3819267772
 30
0.0
  0
SPLINE
  5
ADB
100
AcDbEntity
  8
0
100
AcDbSpline
 62
7
  6
BYLAYER
 70
0
 71
3
 72
9
 73
5
 74
0
 42
0.0000001
 43
0.0000001
 44
0.0000000001
 40
0.0
 40
0.0
 40
0.0
 40
0.0
 40
0.2422058484
 40
1.0
 40
1.0
 40
1.0
 40
1.0
 10
580.7181306394
 20
902.0645592111
 30
0.0
 10
580.687275127
 20
902.0657866833
 30
0.0
 10
580.5597988345
 20
902.0684316175
 30
0.0
 10
580.4321475331
 20
902.0634744957
 30
0.0
 10
580.3359013328
 20
902.0550453833
 30
0.0
  0
SPLINE
  5
ADC
100
AcDbEntity
  8
0
100
AcDbSpline
 62
7
  6
BYLAYER
 70
0
 71
3
 72
9
 73
5
 74
0
 42
0.0000001
 43
0.0000001
 44
0.0000000001
 40
0.0
 40
0.0
 40
0.0
 40
0.0
 40
0.5872046833
 40
1.0
 40
1.0
 40
1.0
 40
1.0
 10
572.2896998368
 20
901.3503699136
 30
0.0
 10
572.2341181388
 20
901.3455021435
 30
0.0
 10
572.1398938087
 20
901.33417528
 30
0.0
 10
572.0461054616
 20
901.3152991109
 30
0.0
 10
572.0092614097
 20
901.3018481954
 30
0.0
  0
SPLINE
  5
ADD
100
AcDbEntity
  8
0
100
AcDbSpline
 62
7
  6
BYLAYER
 70
0
 71
3
 72
9
 73
5
 74
0
 42
0.0000001
 43
0.0000001
 44
0.0000000001
 40
0.0
 40
0.0
 40
0.0
 40
0.0
 40
0.2422058484
 40
1.0
 40
1.0
 40
1.0
 40
1.0
 10
444.8308446696
 20
890.1637340677
 30
0.0
 10
444.7999891572
 20
890.1649615399
 30
0.0
 10
444.6725128647
 20
890.1676064741
 30
0.0
 10
444.5448615632
 20
890.1626493523
 30
0.0
 10
444.448615363
 20
890.1542202399
 30
0.0
  0
SPLINE
  5
ADE
100
AcDbEntity
  8
0
100
AcDbSpline
 62
7
  6
BYLAYER
 70
0
 71
3
 72
9
 73
5
 74
0
 42
0.0000001
 43
0.0000001
 44
0.0000000001
 40
0.0
 40
0.0
 40
0.0
 40
0.0
 40
0.5872046833
 40
1.0
 40
1.0
 40
1.0
 40
1.0
 10
436.4024138669
 20
889.4495447702
 30
0.0
 10
436.346832169
 20
889.4446770001
 30
0.0
 10
436.2526078389
 20
889.4333501366
 30
0.0
 10
436.1588194918
 20
889.4144739675
 30
0.0
 10
436.1219754399
 20
889.401023052
 30
0.0
  0
SPLINE
  5
ADF
100
AcDbEntity
  8
0
100
AcDbSpline
 62
7
  6
BYLAYER
 70
0
 71
3
 72
9
 73
5
 74
0
 42
0.0000001
 43
0.0000001
 44
0.0000000001
 40
0.0
 40
0.0
 40
0.0
 40
0.0
 40
0.6055732514
 40
1.0
 40
1.0
 40
1.0
 40
1.0
 10
445.2573236197
 20
475.4404715168
 30
0.0
 10
445.193720669
 20
475.4417352415
 30
0.0
 10
445.0893199507
 20
475.4480024466
 30
0.0
 10
444.9837333118
 20
475.4622562396
 30
0.0
 10
444.9450424423
 20
475.4770831986
 30
0.0
  0
SPLINE
  5
AE0
100
AcDbEntity
  8
0
100
AcDbSpline
 62
7
  6
BYLAYER
 70
0
 71
3
 72
10
 73
6
 74
0
 42
0.0000001
 43
0.0000001
 44
0.0000000001
 40
0.0
 40
0.0
 40
0.0
 40
0.0
 40
0.3552058571
 40
0.6544684911
 40
1.0
 40
1.0
 40
1.0
 40
1.0
 10
1122.7277904844
 20
534.7545727018
 30
0.0
 10
1122.7295288345
 20
534.6992108302
 30
0.0
 10
1122.7260888733
 20
534.5941193325
 30
0.0
 10
1122.7037026019
 20
534.4509390115
 30
0.0
 10
1122.6513218745
 20
534.3277500056
 30
0.0
 10
1122.5976444509
 20
534.3230754476
 30
0.0
  0
SPLINE
  5
AE1
100
AcDbEntity
  8
0
100
AcDbSpline
 62
7
  6
BYLAYER
 70
0
 71
3
 72
10
 73
6
 74
0
 42
0.0000001
 43
0.0000001
 44
0.0000000001
 40
0.0
 40
0.0
 40
0.0
 40
0.0
 40
0.6187013228
 40
0.8459610027
 40
1.0
 40
1.0
 40
1.0
 40
1.0
 10
1109.7874957114
 20
946.7317998249
 30
0.0
 10
1109.7764517083
 20
946.8337448058
 30
0.0
 10
1109.7482908472
 20
946.9742813002
 30
0.0
 10
1109.676313797
 20
947.1229582059
 30
0.0
 10
1109.6298678726
 20
947.1715384206
 30
0.0
 10
1109.6060284936
 20
947.1806740514
 30
0.0
  0
SPLINE
  5
AE2
100
AcDbEntity
  8
0
100
AcDbSpline
 62
7
  6
BYLAYER
 70
0
 71
3
 72
9
 73
5
 74
0
 42
0.0000001
 43
0.0000001
 44
0.0000000001
 40
0.0
 40
0.0
 40
0.0
 40
0.0
 40
0.5090006157
 40
1.0
 40
1.0
 40
1.0
 40
1.0
 10
441.9948806712
 20
505.3768464984
 30
0.0
 10
441.9922494722
 20
505.4606432557
 30
0.0
 10
441.9461096659
 20
505.6274628255
 30
0.0
 10
441.8191745444
 20
505.7472012935
 30
0.0
 10
441.7471631551
 20
505.7840090461
 30
0.0
  0
SPLINE
  5
AE3
100
AcDbEntity
  8
0
100
AcDbSpline
 62
7
  6
BYLAYER
 70
0
 71
3
 72
9
 73
5
 74
0
 42
0.0000001
 43
0.0000001
 44
0.0000000001
 40
0.0
 40
0.0
 40
0.0
 40
0.0
 40
0.5017202106
 40
1.0
 40
1.0
 40
1.0
 40
1.0
 10
442.1630541722
 20
500.0209634091
 30
0.0
 10
442.1657568465
 20
499.9348903496
 30
0.0
 10
442.1277326468
 20
499.7595919762
 30
0.0
 10
442.0119429743
 20
499.6222581539
 30
0.0
 10
441.9421948401
 20
499.5727635334
 30
0.0
  0
SPLINE
  5
AE4
100
AcDbEntity
  8
0
100
AcDbSpline
 62
7
  6
BYLAYER
 70
0
 71
3
 72
9
 73
5
 74
0
 42
0.0000001
 43
0.0000001
 44
0.0000000001
 40
0.0
 40
0.0
 40
0.0
 40
0.0
 40
0.5090006157
 40
1.0
 40
1.0
 40
1.0
 40
1.0
 10
438.7695120835
 20
608.0963413832
 30
0.0
 10
438.7668808845
 20
608.1801381405
 30
0.0
 10
438.7207410782
 20
608.3469577103
 30
0.0
 10
438.5938059567
 20
608.4666961783
 30
0.0
 10
438.5217945674
 20
608.5035039308
 30
0.0
  0
SPLINE
  5
AE5
100
AcDbEntity
  8
0
100
AcDbSpline
 62
7
  6
BYLAYER
 70
0
 71
3
 72
9
 73
5
 74
0
 42
0.0000001
 43
0.0000001
 44
0.0000000001
 40
0.0
 40
0.0
 40
0.0
 40
0.0
 40
0.5017202106
 40
1.0
 40
1.0
 40
1.0
 40
1.0
 10
438.9376855845
 20
602.7404582939
 30
0.0
 10
438.9403882588
 20
602.6543852344
 30
0.0
 10
438.902364059
 20
602.4790868609
 30
0.0
 10
438.7865743866
 20
602.3417530387
 30
0.0
 10
438.7168262524
 20
602.2922584181
 30
0.0
  0
SPLINE
  5
AE6
100
AcDbEntity
  8
0
100
AcDbSpline
 62
7
  6
BYLAYER
 70
0
 71
3
 72
9
 73
5
 74
0
 42
0.0000001
 43
0.0000001
 44
0.0000000001
 40
0.0
 40
0.0
 40
0.0
 40
0.0
 40
0.5090006157
 40
1.0
 40
1.0
 40
1.0
 40
1.0
 10
433.9314592019
 20
762.1755837103
 30
0.0
 10
433.928828003
 20
762.2593804676
 30
0.0
 10
433.8826881966
 20
762.4262000374
 30
0.0
 10
433.7557530752
 20
762.5459385054
 30
0.0
 10
433.6837416859
 20
762.582746258
 30
0.0
  0
SPLINE
  5
AE7
100
AcDbEntity
  8
0
100
AcDbSpline
 62
7
  6
BYLAYER
 70
0
 71
3
 72
9
 73
5
 74
0
 42
0.0000001
 43
0.0000001
 44
0.0000000001
 40
0.0
 40
0.0
 40
0.0
 40
0.0
 40
0.5017202106
 40
1.0
 40
1.0
 40
1.0
 40
1.0
 10
434.0996327029
 20
756.819700621
 30
0.0
 10
434.1023353773
 20
756.7336275616
 30
0.0
 10
434.0643111775
 20
756.5583291881
 30
0.0
 10
433.948521505
 20
756.4209953658
 30
0.0
 10
433.8787733708
 20
756.3715007453
 30
0.0
  0
SPLINE
  5
AE8
100
AcDbEntity
  8
0
100
AcDbSpline
 62
7
  6
BYLAYER
 70
0
 71
3
 72
9
 73
5
 74
0
 42
0.0000001
 43
0.0000001
 44
0.0000000001
 40
0.0
 40
0.0
 40
0.0
 40
0.0
 40
0.5090006157
 40
1.0
 40
1.0
 40
1.0
 40
1.0
 10
430.7060906142
 20
864.8950785951
 30
0.0
 10
430.7034594153
 20
864.9788753524
 30
0.0
 10
430.6573196089
 20
865.1456949222
 30
0.0
 10
430.5303844875
 20
865.2654333902
 30
0.0
 10
430.4583730981
 20
865.3022411427
 30
0.0
  0
SPLINE
  5
AE9
100
AcDbEntity
  8
0
100
AcDbSpline
 62
7
  6
BYLAYER
 70
0
 71
3
 72
9
 73
5
 74
0
 42
0.0000001
 43
0.0000001
 44
0.0000000001
 40
0.0
 40
0.0
 40
0.0
 40
0.0
 40
0.5017202106
 40
1.0
 40
1.0
 40
1.0
 40
1.0
 10
430.8742641152
 20
859.5391955058
 30
0.0
 10
430.8769667896
 20
859.4531224463
 30
0.0
 10
430.8389425898
 20
859.2778240728
 30
0.0
 10
430.7231529173
 20
859.1404902506
 30
0.0
 10
430.6534047831
 20
859.0909956301
 30
0.0
  0
SPLINE
  5
AEA
100
AcDbEntity
  8
0
100
AcDbSpline
 62
7
  6
BYLAYER
 70
0
 71
3
 72
11
 73
7
 74
0
 42
0.0000001
 43
0.0000001
 44
0.0000000001
 40
0.0
 40
0.0
 40
0.0
 40
0.0
 40
0.3897076315
 40
0.6997961312
 40
0.9048918149
 40
1.0
 40
1.0
 40
1.0
 40
1.0
 10
1122.7277904844
 20
534.7545727018
 30
0.0
 10
1122.7721671646
 20
534.7584591515
 30
0.0
 10
1122.850921532
 20
534.7667998218
 30
0.0
 10
1122.955498357
 20
534.7868795887
 30
0.0
 10
1123.0172667421
 20
534.8033659624
 30
0.0
 10
1123.0541172382
 20
534.825989247
 30
0.0
 10
1123.0537762034
 20
534.836855484
 30
0.0
  0
SPLINE
  5
AEB
100
AcDbEntity
  8
0
100
AcDbSpline
 62
7
  6
BYLAYER
 70
0
 71
3
 72
9
 73
5
 74
0
 42
0.0000001
 43
0.0000001
 44
0.0000000001
 40
0.0
 40
0.0
 40
0.0
 40
0.0
 40
0.2988013957
 40
1.0
 40
1.0
 40
1.0
 40
1.0
 10
1100.2654318477
 20
946.8313043817
 30
0.0
 10
1100.2814457933
 20
946.825167582
 30
0.0
 10
1100.3343420654
 20
946.8032783351
 30
0.0
 10
1100.3861143097
 20
946.7759072018
 30
0.0
 10
1100.4165288769
 20
946.7495518105
 30
0.0
  0
SPLINE
  5
AEC
100
AcDbEntity
  8
0
100
AcDbSpline
 62
7
  6
BYLAYER
 70
0
 71
3
 72
9
 73
5
 74
0
 42
0.0000001
 43
0.0000001
 44
0.0000000001
 40
0.0
 40
0.0
 40
0.0
 40
0.0
 40
0.2770568443
 40
1.0
 40
1.0
 40
1.0
 40
1.0
 10
1100.3164371256
 20
946.9348117093
 30
0.0
 10
1100.3265068635
 20
946.9309528249
 30
0.0
 10
1100.3626242034
 20
946.9164715852
 30
0.0
 10
1100.3979164256
 20
946.8996858942
 30
0.0
 10
1100.4221660203
 20
946.885411561
 30
0.0
  0
SPLINE
  5
AED
100
AcDbEntity
  8
0
100
AcDbSpline
 62
7
  6
BYLAYER
 70
0
 71
3
 72
9
 73
5
 74
0
 42
0.0000001
 43
0.0000001
 44
0.0000000001
 40
0.0
 40
0.0
 40
0.0
 40
0.0
 40
0.316251814
 40
1.0
 40
1.0
 40
1.0
 40
1.0
 10
1100.4221660203
 20
946.885411561
 30
0.0
 10
1100.434590909
 20
946.878097748
 30
0.0
 10
1100.472215397
 20
946.8536663458
 30
0.0
 10
1100.5075715391
 20
946.8170834434
 30
0.0
 10
1100.5143130261
 20
946.7866495876
 30
0.0
  0
SPLINE
  5
AEE
100
AcDbEntity
  8
0
100
AcDbSpline
 62
7
  6
BYLAYER
 70
0
 71
3
 72
8
 73
4
 74
0
 42
0.0000001
 43
0.0000001
 44
0.0000000001
 40
0.0
 40
0.0
 40
0.0
 40
0.0
 40
1.0
 40
1.0
 40
1.0
 40
1.0
 10
1093.9012160463
 20
946.620576189
 30
0.0
 10
1093.9663952262
 20
946.6262844936
 30
0.0
 10
1094.0345489007
 20
946.6170426094
 30
0.0
 10
1094.0956427697
 20
946.5936236125
 30
0.0
  0
SPLINE
  5
AEF
100
AcDbEntity
  8
0
100
AcDbSpline
 62
7
  6
BYLAYER
 70
0
 71
3
 72
9
 73
5
 74
0
 42
0.0000001
 43
0.0000001
 44
0.0000000001
 40
0.0
 40
0.0
 40
0.0
 40
0.0
 40
0.5076538223
 40
1.0
 40
1.0
 40
1.0
 40
1.0
 10
443.1241035117
 20
499.2346705867
 30
0.0
 10
443.0675731803
 20
499.191897218
 30
0.0
 10
442.9355623694
 20
499.1270937953
 30
0.0
 10
442.7892164615
 20
499.1477126351
 30
0.0
 10
442.7250176286
 20
499.172314653
 30
0.0
  0
SPLINE
  5
AF0
100
AcDbEntity
  8
0
100
AcDbSpline
 62
7
  6
BYLAYER
 70
0
 71
3
 72
9
 73
5
 74
0
 42
0.0000001
 43
0.0000001
 44
0.0000000001
 40
0.0
 40
0.0
 40
0.0
 40
0.0
 40
0.2615133308
 40
1.0
 40
1.0
 40
1.0
 40
1.0
 10
443.1574472906
 20
499.2644593087
 30
0.0
 10
443.1403180352
 20
499.2545042167
 30
0.0
 10
443.072592978
 20
499.2204479614
 30
0.0
 10
442.9945140462
 20
499.2066307746
 30
0.0
 10
442.9386801353
 20
499.2101868074
 30
0.0
  0
SPLINE
  5
AF1
100
AcDbEntity
  8
0
100
AcDbSpline
 62
7
  6
BYLAYER
 70
0
 71
3
 72
8
 73
4
 74
0
 42
0.0000001
 43
0.0000001
 44
0.0000000001
 40
0.0
 40
0.0
 40
0.0
 40
0.0
 40
1.0
 40
1.0
 40
1.0
 40
1.0
 10
442.9386801353
 20
499.2101868074
 30
0.0
 10
442.89717283
 20
499.2128303861
 30
0.0
 10
442.855779788
 20
499.2226631931
 30
0.0
 10
442.8169424526
 20
499.2375462802
 30
0.0
  0
SPLINE
  5
AF2
100
AcDbEntity
  8
0
100
AcDbSpline
 62
7
  6
BYLAYER
 70
0
 71
3
 72
9
 73
5
 74
0
 42
0.0000001
 43
0.0000001
 44
0.0000000001
 40
0.0
 40
0.0
 40
0.0
 40
0.0
 40
0.5076538223
 40
1.0
 40
1.0
 40
1.0
 40
1.0
 10
439.898734924
 20
601.9541654714
 30
0.0
 10
439.8422045926
 20
601.9113921028
 30
0.0
 10
439.7101937817
 20
601.84658868
 30
0.0
 10
439.5638478738
 20
601.8672075199
 30
0.0
 10
439.4996490409
 20
601.8918095378
 30
0.0
  0
SPLINE
  5
AF3
100
AcDbEntity
  8
0
100
AcDbSpline
 62
7
  6
BYLAYER
 70
0
 71
3
 72
9
 73
5
 74
0
 42
0.0000001
 43
0.0000001
 44
0.0000000001
 40
0.0
 40
0.0
 40
0.0
 40
0.0
 40
0.2615133308
 40
1.0
 40
1.0
 40
1.0
 40
1.0
 10
439.9320787028
 20
601.9839541935
 30
0.0
 10
439.9149494475
 20
601.9739991014
 30
0.0
 10
439.8472243903
 20
601.9399428462
 30
0.0
 10
439.7691454585
 20
601.9261256594
 30
0.0
 10
439.7133115476
 20
601.9296816922
 30
0.0
  0
SPLINE
  5
AF4
100
AcDbEntity
  8
0
100
AcDbSpline
 62
7
  6
BYLAYER
 70
0
 71
3
 72
8
 73
4
 74
0
 42
0.0000001
 43
0.0000001
 44
0.0000000001
 40
0.0
 40
0.0
 40
0.0
 40
0.0
 40
1.0
 40
1.0
 40
1.0
 40
1.0
 10
439.7133115476
 20
601.9296816922
 30
0.0
 10
439.6718042423
 20
601.9323252708
 30
0.0
 10
439.6304112003
 20
601.9421580779
 30
0.0
 10
439.5915738649
 20
601.957041165
 30
0.0
  0
SPLINE
  5
AF5
100
AcDbEntity
  8
0
100
AcDbSpline
 62
7
  6
BYLAYER
 70
0
 71
3
 72
9
 73
5
 74
0
 42
0.0000001
 43
0.0000001
 44
0.0000000001
 40
0.0
 40
0.0
 40
0.0
 40
0.0
 40
0.2988013957
 40
1.0
 40
1.0
 40
1.0
 40
1.0
 10
580.1451303769
 20
901.2798702122
 30
0.0
 10
580.1611443226
 20
901.2737334125
 30
0.0
 10
580.2140405946
 20
901.2518441656
 30
0.0
 10
580.2658128389
 20
901.2244730322
 30
0.0
 10
580.2962274062
 20
901.1981176409
 30
0.0
  0
SPLINE
  5
AF6
100
AcDbEntity
  8
0
100
AcDbSpline
 62
7
  6
BYLAYER
 70
0
 71
3
 72
9
 73
5
 74
0
 42
0.0000001
 43
0.0000001
 44
0.0000000001
 40
0.0
 40
0.0
 40
0.0
 40
0.0
 40
0.2770568443
 40
1.0
 40
1.0
 40
1.0
 40
1.0
 10
580.1961356548
 20
901.3833775397
 30
0.0
 10
580.2062053928
 20
901.3795186554
 30
0.0
 10
580.2423227326
 20
901.3650374156
 30
0.0
 10
580.2776149548
 20
901.3482517246
 30
0.0
 10
580.3018645496
 20
901.3339773914
 30
0.0
  0
SPLINE
  5
AF7
100
AcDbEntity
  8
0
100
AcDbSpline
 62
7
  6
BYLAYER
 70
0
 71
3
 72
9
 73
5
 74
0
 42
0.0000001
 43
0.0000001
 44
0.0000000001
 40
0.0
 40
0.0
 40
0.0
 40
0.0
 40
0.316251814
 40
1.0
 40
1.0
 40
1.0
 40
1.0
 10
580.3018645496
 20
901.3339773914
 30
0.0
 10
580.3142894383
 20
901.3266635784
 30
0.0
 10
580.3519139262
 20
901.3022321763
 30
0.0
 10
580.3872700683
 20
901.2656492739
 30
0.0
 10
580.3940115553
 20
901.2352154181
 30
0.0
  0
SPLINE
  5
AF8
100
AcDbEntity
  8
0
100
AcDbSpline
 62
7
  6
BYLAYER
 70
0
 71
3
 72
8
 73
4
 74
0
 42
0.0000001
 43
0.0000001
 44
0.0000000001
 40
0.0
 40
0.0
 40
0.0
 40
0.0
 40
1.0
 40
1.0
 40
1.0
 40
1.0
 10
573.7809145755
 20
901.0691420195
 30
0.0
 10
573.8460937555
 20
901.0748503241
 30
0.0
 10
573.91424743
 20
901.0656084399
 30
0.0
 10
573.9753412989
 20
901.0421894429
 30
0.0
  0
SPLINE
  5
AF9
100
AcDbEntity
  8
0
100
AcDbSpline
 62
7
  6
BYLAYER
 70
0
 71
3
 72
9
 73
5
 74
0
 42
0.0000001
 43
0.0000001
 44
0.0000000001
 40
0.0
 40
0.0
 40
0.0
 40
0.0
 40
0.4913633149
 40
1.0
 40
1.0
 40
1.0
 40
1.0
 10
580.5941818191
 20
901.6658387711
 30
0.0
 10
580.511876489
 20
901.6586305813
 30
0.0
 10
580.346229736
 20
901.5955267261
 30
0.0
 10
580.2339391222
 20
901.4600938335
 30
0.0
 10
580.1961356548
 20
901.3833775397
 30
0.0
  0
SPLINE
  5
AFA
100
AcDbEntity
  8
0
100
AcDbSpline
 62
7
  6
BYLAYER
 70
0
 71
3
 72
8
 73
4
 74
0
 42
0.0000001
 43
0.0000001
 44
0.0000000001
 40
0.0
 40
0.0
 40
0.0
 40
0.0
 40
1.0
 40
1.0
 40
1.0
 40
1.0
 10
580.0276340127
 20
901.1230699328
 30
0.0
 10
580.075883555
 20
901.1670895726
 30
0.0
 10
580.1162610204
 20
901.2212843156
 30
0.0
 10
580.1451303769
 20
901.2798702122
 30
0.0
  0
SPLINE
  5
AFB
100
AcDbEntity
  8
0
100
AcDbSpline
 62
7
  6
BYLAYER
 70
0
 71
3
 72
9
 73
5
 74
0
 42
0.0000001
 43
0.0000001
 44
0.0000000001
 40
0.0
 40
0.0
 40
0.0
 40
0.0
 40
0.5076538223
 40
1.0
 40
1.0
 40
1.0
 40
1.0
 10
435.0606820425
 20
756.0334077986
 30
0.0
 10
435.004151711
 20
755.9906344299
 30
0.0
 10
434.8721409001
 20
755.9258310072
 30
0.0
 10
434.7257949922
 20
755.946449847
 30
0.0
 10
434.6615961593
 20
755.9710518649
 30
0.0
  0
SPLINE
  5
AFC
100
AcDbEntity
  8
0
100
AcDbSpline
 62
7
  6
BYLAYER
 70
0
 71
3
 72
9
 73
5
 74
0
 42
0.0000001
 43
0.0000001
 44
0.0000000001
 40
0.0
 40
0.0
 40
0.0
 40
0.0
 40
0.2615133308
 40
1.0
 40
1.0
 40
1.0
 40
1.0
 10
435.0940258213
 20
756.0631965206
 30
0.0
 10
435.076896566
 20
756.0532414286
 30
0.0
 10
435.0091715088
 20
756.0191851734
 30
0.0
 10
434.9310925769
 20
756.0053679866
 30
0.0
 10
434.875258666
 20
756.0089240193
 30
0.0
  0
SPLINE
  5
AFD
100
AcDbEntity
  8
0
100
AcDbSpline
 62
7
  6
BYLAYER
 70
0
 71
3
 72
8
 73
4
 74
0
 42
0.0000001
 43
0.0000001
 44
0.0000000001
 40
0.0
 40
0.0
 40
0.0
 40
0.0
 40
1.0
 40
1.0
 40
1.0
 40
1.0
 10
434.875258666
 20
756.0089240193
 30
0.0
 10
434.8337513607
 20
756.011567598
 30
0.0
 10
434.7923583188
 20
756.021400405
 30
0.0
 10
434.7535209834
 20
756.0362834921
 30
0.0
  0
SPLINE
  5
AFE
100
AcDbEntity
  8
0
100
AcDbSpline
 62
7
  6
BYLAYER
 70
0
 71
3
 72
9
 73
5
 74
0
 42
0.0000001
 43
0.0000001
 44
0.0000000001
 40
0.0
 40
0.0
 40
0.0
 40
0.0
 40
0.4913633149
 40
1.0
 40
1.0
 40
1.0
 40
1.0
 10
1100.7144832899
 20
947.2172729406
 30
0.0
 10
1100.6321779598
 20
947.2100647509
 30
0.0
 10
1100.4665312068
 20
947.1469608956
 30
0.0
 10
1100.354240593
 20
947.011528003
 30
0.0
 10
1100.3164371256
 20
946.9348117093
 30
0.0
  0
SPLINE
  5
AFF
100
AcDbEntity
  8
0
100
AcDbSpline
 62
7
  6
BYLAYER
 70
0
 71
3
 72
9
 73
5
 74
0
 42
0.0000001
 43
0.0000001
 44
0.0000000001
 40
0.0
 40
0.0
 40
0.0
 40
0.0
 40
0.2988013957
 40
1.0
 40
1.0
 40
1.0
 40
1.0
 10
837.8623968714
 20
923.8504006565
 30
0.0
 10
837.8784108171
 20
923.8442638568
 30
0.0
 10
837.9313070892
 20
923.82237461
 30
0.0
 10
837.9830793334
 20
923.7950034766
 30
0.0
 10
838.0134939007
 20
923.7686480853
 30
0.0
  0
SPLINE
  5
B00
100
AcDbEntity
  8
0
100
AcDbSpline
 62
7
  6
BYLAYER
 70
0
 71
3
 72
9
 73
5
 74
0
 42
0.0000001
 43
0.0000001
 44
0.0000000001
 40
0.0
 40
0.0
 40
0.0
 40
0.0
 40
0.2770568443
 40
1.0
 40
1.0
 40
1.0
 40
1.0
 10
837.9134021493
 20
923.9539079841
 30
0.0
 10
837.9234718873
 20
923.9500490997
 30
0.0
 10
837.9595892271
 20
923.93556786
 30
0.0
 10
837.9948814493
 20
923.918782169
 30
0.0
 10
838.0191310441
 20
923.9045078358
 30
0.0
  0
SPLINE
  5
B01
100
AcDbEntity
  8
0
100
AcDbSpline
 62
7
  6
BYLAYER
 70
0
 71
3
 72
9
 73
5
 74
0
 42
0.0000001
 43
0.0000001
 44
0.0000000001
 40
0.0
 40
0.0
 40
0.0
 40
0.0
 40
0.316251814
 40
1.0
 40
1.0
 40
1.0
 40
1.0
 10
838.0191310441
 20
923.9045078358
 30
0.0
 10
838.0315559328
 20
923.8971940228
 30
0.0
 10
838.0691804208
 20
923.8727626207
 30
0.0
 10
838.1045365628
 20
923.8361797183
 30
0.0
 10
838.1112780499
 20
923.8057458624
 30
0.0
  0
SPLINE
  5
B02
100
AcDbEntity
  8
0
100
AcDbSpline
 62
7
  6
BYLAYER
 70
0
 71
3
 72
13
 73
9
 74
0
 42
0.0000001
 43
0.0000001
 44
0.0000000001
 40
0.0
 40
0.0
 40
0.0
 40
0.0
 40
0.0832888294
 40
0.2009983586
 40
0.4997015445
 40
0.7985711109
 40
0.9164738557
 40
1.0
 40
1.0
 40
1.0
 40
1.0
 10
578.8212243124
 20
900.9274821222
 30
0.0
 10
578.7354000182
 20
900.9565204263
 30
0.0
 10
578.5192128602
 20
900.9972535967
 30
0.0
 10
577.9784925295
 20
901.0510666984
 30
0.0
 10
577.1988316805
 20
901.0549048906
 30
0.0
 10
576.4207373965
 20
901.002342695
 30
0.0
 10
575.8837706307
 20
900.9148531448
 30
0.0
 10
575.6700810589
 20
900.8606912297
 30
0.0
 10
575.5859507111
 20
900.8263697529
 30
0.0
  0
SPLINE
  5
B03
100
AcDbEntity
  8
0
100
AcDbSpline
 62
7
  6
BYLAYER
 70
0
 71
3
 72
8
 73
4
 74
0
 42
0.0000001
 43
0.0000001
 44
0.0000000001
 40
0.0
 40
0.0
 40
0.0
 40
0.0
 40
1.0
 40
1.0
 40
1.0
 40
1.0
 10
831.4981810701
 20
923.6396724638
 30
0.0
 10
831.56336025
 20
923.6453807685
 30
0.0
 10
831.6315139245
 20
923.6361388842
 30
0.0
 10
831.6926077934
 20
923.6127198873
 30
0.0
  0
SPLINE
  5
B04
100
AcDbEntity
  8
0
100
AcDbSpline
 62
7
  6
BYLAYER
 70
0
 71
3
 72
9
 73
5
 74
0
 42
0.0000001
 43
0.0000001
 44
0.0000000001
 40
0.0
 40
0.0
 40
0.0
 40
0.0
 40
0.4913633149
 40
1.0
 40
1.0
 40
1.0
 40
1.0
 10
838.3114483136
 20
924.2363692154
 30
0.0
 10
838.2291429836
 20
924.2291610257
 30
0.0
 10
838.0634962305
 20
924.1660571705
 30
0.0
 10
837.9512056168
 20
924.0306242778
 30
0.0
 10
837.9134021493
 20
923.9539079841
 30
0.0
  0
SPLINE
  5
B05
100
AcDbEntity
  8
0
100
AcDbSpline
 62
7
  6
BYLAYER
 70
0
 71
3
 72
8
 73
4
 74
0
 42
0.0000001
 43
0.0000001
 44
0.0000000001
 40
0.0
 40
0.0
 40
0.0
 40
0.0
 40
1.0
 40
1.0
 40
1.0
 40
1.0
 10
837.7449005072
 20
923.6936003771
 30
0.0
 10
837.7931500496
 20
923.7376200169
 30
0.0
 10
837.8335275149
 20
923.7918147599
 30
0.0
 10
837.8623968714
 20
923.8504006565
 30
0.0
  0
SPLINE
  5
B06
100
AcDbEntity
  8
0
100
AcDbSpline
 62
7
  6
BYLAYER
 70
0
 71
3
 72
9
 73
5
 74
0
 42
0.0000001
 43
0.0000001
 44
0.0000000001
 40
0.0
 40
0.0
 40
0.0
 40
0.0
 40
0.5076538223
 40
1.0
 40
1.0
 40
1.0
 40
1.0
 10
431.8353134548
 20
858.7529026834
 30
0.0
 10
431.7787831233
 20
858.7101293147
 30
0.0
 10
431.6467723124
 20
858.645325892
 30
0.0
 10
431.5004264045
 20
858.6659447318
 30
0.0
 10
431.4362275716
 20
858.6905467497
 30
0.0
  0
SPLINE
  5
B07
100
AcDbEntity
  8
0
100
AcDbSpline
 62
7
  6
BYLAYER
 70
0
 71
3
 72
9
 73
5
 74
0
 42
0.0000001
 43
0.0000001
 44
0.0000000001
 40
0.0
 40
0.0
 40
0.0
 40
0.0
 40
0.2615133308
 40
1.0
 40
1.0
 40
1.0
 40
1.0
 10
431.8686572336
 20
858.7826914054
 30
0.0
 10
431.8515279783
 20
858.7727363134
 30
0.0
 10
431.7838029211
 20
858.7386800581
 30
0.0
 10
431.7057239892
 20
858.7248628713
 30
0.0
 10
431.6498900783
 20
858.7284189041
 30
0.0
  0
SPLINE
  5
B08
100
AcDbEntity
  8
0
100
AcDbSpline
 62
7
  6
BYLAYER
 70
0
 71
3
 72
8
 73
4
 74
0
 42
0.0000001
 43
0.0000001
 44
0.0000000001
 40
0.0
 40
0.0
 40
0.0
 40
0.0
 40
1.0
 40
1.0
 40
1.0
 40
1.0
 10
431.6498900783
 20
858.7284189041
 30
0.0
 10
431.608382773
 20
858.7310624828
 30
0.0
 10
431.5669897311
 20
858.7408952898
 30
0.0
 10
431.5281523957
 20
858.7557783769
 30
0.0
  0
SPLINE
  5
B09
100
AcDbEntity
  8
0
100
AcDbSpline
 62
7
  6
BYLAYER
 70
0
 71
3
 72
13
 73
9
 74
0
 42
0.0000001
 43
0.0000001
 44
0.0000000001
 40
0.0
 40
0.0
 40
0.0
 40
0.0
 40
0.0832888294
 40
0.2009983586
 40
0.4997015445
 40
0.7985711109
 40
0.9164738557
 40
1.0
 40
1.0
 40
1.0
 40
1.0
 10
1098.9415257832
 20
946.4789162918
 30
0.0
 10
1098.855701489
 20
946.5079545959
 30
0.0
 10
1098.6395143309
 20
946.5486877662
 30
0.0
 10
1098.0987940003
 20
946.6025008679
 30
0.0
 10
1097.3191331513
 20
946.6063390601
 30
0.0
 10
1096.5410388672
 20
946.5537768645
 30
0.0
 10
1096.0040721015
 20
946.4662873144
 30
0.0
 10
1095.7903825297
 20
946.4121253993
 30
0.0
 10
1095.7062521818
 20
946.3778039224
 30
0.0
  0
SPLINE
  5
B0A
100
AcDbEntity
  8
0
100
AcDbSpline
 62
7
  6
BYLAYER
 70
0
 71
3
 72
9
 73
5
 74
0
 42
0.0000001
 43
0.0000001
 44
0.0000000001
 40
0.0
 40
0.0
 40
0.0
 40
0.0
 40
0.2988013957
 40
1.0
 40
1.0
 40
1.0
 40
1.0
 10
964.3781458778
 20
934.9304792383
 30
0.0
 10
964.3941598235
 20
934.9243424386
 30
0.0
 10
964.4470560956
 20
934.9024531917
 30
0.0
 10
964.4988283398
 20
934.8750820584
 30
0.0
 10
964.5292429071
 20
934.8487266671
 30
0.0
  0
SPLINE
  5
B0B
100
AcDbEntity
  8
0
100
AcDbSpline
 62
7
  6
BYLAYER
 70
0
 71
3
 72
9
 73
5
 74
0
 42
0.0000001
 43
0.0000001
 44
0.0000000001
 40
0.0
 40
0.0
 40
0.0
 40
0.0
 40
0.2770568443
 40
1.0
 40
1.0
 40
1.0
 40
1.0
 10
964.4291511558
 20
935.0339865659
 30
0.0
 10
964.4392208937
 20
935.0301276815
 30
0.0
 10
964.4753382335
 20
935.0156464418
 30
0.0
 10
964.5106304558
 20
934.9988607508
 30
0.0
 10
964.5348800505
 20
934.9845864176
 30
0.0
  0
SPLINE
  5
B0C
100
AcDbEntity
  8
0
100
AcDbSpline
 62
7
  6
BYLAYER
 70
0
 71
3
 72
9
 73
5
 74
0
 42
0.0000001
 43
0.0000001
 44
0.0000000001
 40
0.0
 40
0.0
 40
0.0
 40
0.0
 40
0.316251814
 40
1.0
 40
1.0
 40
1.0
 40
1.0
 10
964.5348800505
 20
934.9845864176
 30
0.0
 10
964.5473049392
 20
934.9772726046
 30
0.0
 10
964.5849294272
 20
934.9528412024
 30
0.0
 10
964.6202855692
 20
934.9162583
 30
0.0
 10
964.6270270563
 20
934.8858244442
 30
0.0
  0
SPLINE
  5
B0D
100
AcDbEntity
  8
0
100
AcDbSpline
 62
7
  6
BYLAYER
 70
0
 71
3
 72
8
 73
4
 74
0
 42
0.0000001
 43
0.0000001
 44
0.0000000001
 40
0.0
 40
0.0
 40
0.0
 40
0.0
 40
1.0
 40
1.0
 40
1.0
 40
1.0
 10
958.0139300765
 20
934.7197510456
 30
0.0
 10
958.0791092564
 20
934.7254593503
 30
0.0
 10
958.1472629309
 20
934.716217466
 30
0.0
 10
958.2083567998
 20
934.6927984691
 30
0.0
  0
SPLINE
  5
B0E
100
AcDbEntity
  8
0
100
AcDbSpline
 62
7
  6
BYLAYER
 70
0
 71
3
 72
8
 73
4
 74
0
 42
0.0000001
 43
0.0000001
 44
0.0000000001
 40
0.0
 40
0.0
 40
0.0
 40
0.0
 40
1.0
 40
1.0
 40
1.0
 40
1.0
 10
443.0378017847
 20
499.6857461559
 30
0.0
 10
443.0410318228
 20
499.582877949
 30
0.0
 10
443.0116842261
 20
499.4750895553
 30
0.0
 10
442.9574261088
 20
499.3876346649
 30
0.0
  0
SPLINE
  5
B0F
100
AcDbEntity
  8
0
100
AcDbSpline
 62
7
  6
BYLAYER
 70
0
 71
3
 72
8
 73
4
 74
0
 42
0.0000001
 43
0.0000001
 44
0.0000000001
 40
0.0
 40
0.0
 40
0.0
 40
0.0
 40
1.0
 40
1.0
 40
1.0
 40
1.0
 10
442.9464813273
 20
499.3707169829
 30
0.0
 10
442.9118650323
 20
499.3193683215
 30
0.0
 10
442.8674458783
 20
499.2733844846
 30
0.0
 10
442.8169424526
 20
499.2375462802
 30
0.0
  0
SPLINE
  5
B10
100
AcDbEntity
  8
0
100
AcDbSpline
 62
7
  6
BYLAYER
 70
0
 71
3
 72
8
 73
4
 74
0
 42
0.0000001
 43
0.0000001
 44
0.0000000001
 40
0.0
 40
0.0
 40
0.0
 40
0.0
 40
1.0
 40
1.0
 40
1.0
 40
1.0
 10
439.812433197
 20
602.4052410407
 30
0.0
 10
439.8156632351
 20
602.3023728337
 30
0.0
 10
439.7863156384
 20
602.1945844401
 30
0.0
 10
439.7320575211
 20
602.1071295497
 30
0.0
  0
SPLINE
  5
B11
100
AcDbEntity
  8
0
100
AcDbSpline
 62
7
  6
BYLAYER
 70
0
 71
3
 72
8
 73
4
 74
0
 42
0.0000001
 43
0.0000001
 44
0.0000000001
 40
0.0
 40
0.0
 40
0.0
 40
0.0
 40
1.0
 40
1.0
 40
1.0
 40
1.0
 10
439.7211127395
 20
602.0902118677
 30
0.0
 10
439.6864964446
 20
602.0388632063
 30
0.0
 10
439.6420772906
 20
601.9928793694
 30
0.0
 10
439.5915738649
 20
601.957041165
 30
0.0
  0
SPLINE
  5
B12
100
AcDbEntity
  8
0
100
AcDbSpline
 62
7
  6
BYLAYER
 70
0
 71
3
 72
8
 73
4
 74
0
 42
0.0000001
 43
0.0000001
 44
0.0000000001
 40
0.0
 40
0.0
 40
0.0
 40
0.0
 40
1.0
 40
1.0
 40
1.0
 40
1.0
 10
434.9743803155
 20
756.4844833678
 30
0.0
 10
434.9776103536
 20
756.3816151609
 30
0.0
 10
434.9482627569
 20
756.2738267672
 30
0.0
 10
434.8940046395
 20
756.1863718769
 30
0.0
  0
SPLINE
  5
B13
100
AcDbEntity
  8
0
100
AcDbSpline
 62
7
  6
BYLAYER
 70
0
 71
3
 72
8
 73
4
 74
0
 42
0.0000001
 43
0.0000001
 44
0.0000000001
 40
0.0
 40
0.0
 40
0.0
 40
0.0
 40
1.0
 40
1.0
 40
1.0
 40
1.0
 10
434.883059858
 20
756.1694541948
 30
0.0
 10
434.848443563
 20
756.1181055335
 30
0.0
 10
434.804024409
 20
756.0721216965
 30
0.0
 10
434.7535209834
 20
756.0362834921
 30
0.0
  0
SPLINE
  5
B14
100
AcDbEntity
  8
0
100
AcDbSpline
 62
7
  6
BYLAYER
 70
0
 71
3
 72
8
 73
4
 74
0
 42
0.0000001
 43
0.0000001
 44
0.0000000001
 40
0.0
 40
0.0
 40
0.0
 40
0.0
 40
1.0
 40
1.0
 40
1.0
 40
1.0
 10
431.7490117278
 20
859.2039782526
 30
0.0
 10
431.7522417659
 20
859.1011100457
 30
0.0
 10
431.7228941691
 20
858.993321652
 30
0.0
 10
431.6686360518
 20
858.9058667616
 30
0.0
  0
SPLINE
  5
B15
100
AcDbEntity
  8
0
100
AcDbSpline
 62
7
  6
BYLAYER
 70
0
 71
3
 72
8
 73
4
 74
0
 42
0.0000001
 43
0.0000001
 44
0.0000000001
 40
0.0
 40
0.0
 40
0.0
 40
0.0
 40
1.0
 40
1.0
 40
1.0
 40
1.0
 10
431.6576912703
 20
858.8889490796
 30
0.0
 10
431.6230749753
 20
858.8376004182
 30
0.0
 10
431.5786558213
 20
858.7916165813
 30
0.0
 10
431.5281523957
 20
858.7557783769
 30
0.0
  0
SPLINE
  5
B16
100
AcDbEntity
  8
0
100
AcDbSpline
 62
7
  6
BYLAYER
 70
0
 71
3
 72
9
 73
5
 74
0
 42
0.0000001
 43
0.0000001
 44
0.0000000001
 40
0.0
 40
0.0
 40
0.0
 40
0.0
 40
0.2988013957
 40
1.0
 40
1.0
 40
1.0
 40
1.0
 10
444.257844407
 20
889.3790450688
 30
0.0
 10
444.2738583527
 20
889.3729082691
 30
0.0
 10
444.3267546248
 20
889.3510190222
 30
0.0
 10
444.3785268691
 20
889.3236478888
 30
0.0
 10
444.4089414363
 20
889.2972924975
 30
0.0
  0
SPLINE
  5
B17
100
AcDbEntity
  8
0
100
AcDbSpline
 62
7
  6
BYLAYER
 70
0
 71
3
 72
9
 73
5
 74
0
 42
0.0000001
 43
0.0000001
 44
0.0000000001
 40
0.0
 40
0.0
 40
0.0
 40
0.0
 40
0.2770568443
 40
1.0
 40
1.0
 40
1.0
 40
1.0
 10
444.308849685
 20
889.4825523963
 30
0.0
 10
444.3189194229
 20
889.478693512
 30
0.0
 10
444.3550367627
 20
889.4642122722
 30
0.0
 10
444.390328985
 20
889.4474265813
 30
0.0
 10
444.4145785797
 20
889.433152248
 30
0.0
  0
SPLINE
  5
B18
100
AcDbEntity
  8
0
100
AcDbSpline
 62
7
  6
BYLAYER
 70
0
 71
3
 72
9
 73
5
 74
0
 42
0.0000001
 43
0.0000001
 44
0.0000000001
 40
0.0
 40
0.0
 40
0.0
 40
0.0
 40
0.316251814
 40
1.0
 40
1.0
 40
1.0
 40
1.0
 10
444.4145785797
 20
889.433152248
 30
0.0
 10
444.4270034684
 20
889.425838435
 30
0.0
 10
444.4646279564
 20
889.4014070329
 30
0.0
 10
444.4999840984
 20
889.3648241305
 30
0.0
 10
444.5067255855
 20
889.3343902747
 30
0.0
  0
SPLINE
  5
B19
100
AcDbEntity
  8
0
100
AcDbSpline
 62
7
  6
BYLAYER
 70
0
 71
3
 72
11
 73
7
 74
0
 42
0.0000001
 43
0.0000001
 44
0.0000000001
 40
0.0
 40
0.0
 40
0.0
 40
0.0
 40
0.2170330196
 40
0.4336037823
 40
0.6873606483
 40
1.0
 40
1.0
 40
1.0
 40
1.0
 10
431.2153682395
 20
858.242346874
 30
0.0
 10
431.2790573325
 20
858.2179401965
 30
0.0
 10
431.4192074786
 20
858.1932934552
 30
0.0
 10
431.6303260458
 20
858.2681086613
 30
0.0
 10
431.8134400379
 20
858.4390067937
 30
0.0
 10
431.9090494684
 20
858.590725327
 30
0.0
 10
431.9548936728
 20
858.677625103
 30
0.0
  0
SPLINE
  5
B1A
100
AcDbEntity
  8
0
100
AcDbSpline
 62
7
  6
BYLAYER
 70
0
 71
3
 72
9
 73
5
 74
0
 42
0.0000001
 43
0.0000001
 44
0.0000000001
 40
0.0
 40
0.0
 40
0.0
 40
0.0
 40
0.4429134346
 40
1.0
 40
1.0
 40
1.0
 40
1.0
 10
431.964391999
 20
858.6958760722
 30
0.0
 10
432.0673777095
 20
858.8964599439
 30
0.0
 10
432.2253966599
 20
859.3861126775
 30
0.0
 10
432.3027591269
 20
859.890159503
 30
0.0
 10
432.3305881185
 20
860.1723908997
 30
0.0
  0
SPLINE
  5
B1B
100
AcDbEntity
  8
0
100
AcDbSpline
 62
7
  6
BYLAYER
 70
0
 71
3
 72
9
 73
5
 74
0
 42
0.0000001
 43
0.0000001
 44
0.0000000001
 40
0.0
 40
0.0
 40
0.0
 40
0.0
 40
0.4991626804
 40
1.0
 40
1.0
 40
1.0
 40
1.0
 10
432.3305881185
 20
860.1723908997
 30
0.0
 10
432.3875252307
 20
860.7498261499
 30
0.0
 10
432.3771285609
 20
861.918850538
 30
0.0
 10
432.189661109
 20
863.0726360186
 30
0.0
 10
432.0362646999
 20
863.6342458852
 30
0.0
  0
SPLINE
  5
B1C
100
AcDbEntity
  8
0
100
AcDbSpline
 62
7
  6
BYLAYER
 70
0
 71
3
 72
9
 73
5
 74
0
 42
0.0000001
 43
0.0000001
 44
0.0000000001
 40
0.0
 40
0.0
 40
0.0
 40
0.0
 40
0.5484487543
 40
1.0
 40
1.0
 40
1.0
 40
1.0
 10
432.0234494779
 20
863.680591585
 30
0.0
 10
431.9545909341
 20
863.9265862723
 30
0.0
 10
431.8069568156
 20
864.3692118356
 30
0.0
 10
431.5983390025
 20
864.7892729902
 30
0.0
 10
431.4819312639
 20
864.964438957
 30
0.0
  0
SPLINE
  5
B1D
100
AcDbEntity
  8
0
100
AcDbSpline
 62
7
  6
BYLAYER
 70
0
 71
3
 72
9
 73
5
 74
0
 42
0.0000001
 43
0.0000001
 44
0.0000000001
 40
0.0
 40
0.0
 40
0.0
 40
0.0
 40
0.5624960333
 40
1.0
 40
1.0
 40
1.0
 40
1.0
 10
431.4819312639
 20
864.964438957
 30
0.0
 10
431.4113534557
 20
865.0706417762
 30
0.0
 10
431.2716171627
 20
865.2507823047
 30
0.0
 10
431.0825103309
 20
865.387512333
 30
0.0
 10
430.9898972794
 20
865.4230031332
 30
0.0
  0
SPLINE
  5
B1E
100
AcDbEntity
  8
0
100
AcDbSpline
 62
7
  6
BYLAYER
 70
0
 71
3
 72
8
 73
4
 74
0
 42
0.0000001
 43
0.0000001
 44
0.0000000001
 40
0.0
 40
0.0
 40
0.0
 40
0.0
 40
1.0
 40
1.0
 40
1.0
 40
1.0
 10
437.8936286057
 20
889.1683168761
 30
0.0
 10
437.9588077856
 20
889.1740251807
 30
0.0
 10
438.0269614601
 20
889.1647832965
 30
0.0
 10
438.088055329
 20
889.1413642995
 30
0.0
  0
SPLINE
  5
B1F
100
AcDbEntity
  8
0
100
AcDbSpline
 62
7
  6
BYLAYER
 70
0
 71
3
 72
9
 73
5
 74
0
 42
0.0000001
 43
0.0000001
 44
0.0000000001
 40
0.0
 40
0.0
 40
0.0
 40
0.0
 40
0.4913633149
 40
1.0
 40
1.0
 40
1.0
 40
1.0
 10
444.7068958492
 20
889.7650136277
 30
0.0
 10
444.6245905192
 20
889.7578054379
 30
0.0
 10
444.4589437662
 20
889.6947015827
 30
0.0
 10
444.3466531524
 20
889.5592686901
 30
0.0
 10
444.308849685
 20
889.4825523963
 30
0.0
  0
SPLINE
  5
B20
100
AcDbEntity
  8
0
100
AcDbSpline
 62
7
  6
BYLAYER
 70
0
 71
3
 72
8
 73
4
 74
0
 42
0.0000001
 43
0.0000001
 44
0.0000000001
 40
0.0
 40
0.0
 40
0.0
 40
0.0
 40
1.0
 40
1.0
 40
1.0
 40
1.0
 10
444.1403480429
 20
889.2222447894
 30
0.0
 10
444.1885975852
 20
889.2662644292
 30
0.0
 10
444.2289750505
 20
889.3204591722
 30
0.0
 10
444.257844407
 20
889.3790450688
 30
0.0
  0
SPLINE
  5
B21
100
AcDbEntity
  8
0
100
AcDbSpline
 62
7
  6
BYLAYER
 70
0
 71
3
 72
9
 73
5
 74
0
 42
0.0000001
 43
0.0000001
 44
0.0000000001
 40
0.0
 40
0.0
 40
0.0
 40
0.0
 40
0.4913633149
 40
1.0
 40
1.0
 40
1.0
 40
1.0
 10
964.82719732
 20
935.3164477972
 30
0.0
 10
964.74489199
 20
935.3092396075
 30
0.0
 10
964.579245237
 20
935.2461357523
 30
0.0
 10
964.4669546232
 20
935.1107028596
 30
0.0
 10
964.4291511558
 20
935.0339865659
 30
0.0
  0
SPLINE
  5
B22
100
AcDbEntity
  8
0
100
AcDbSpline
 62
7
  6
BYLAYER
 70
0
 71
3
 72
11
 73
7
 74
0
 42
0.0000001
 43
0.0000001
 44
0.0000000001
 40
0.0
 40
0.0
 40
0.0
 40
0.0
 40
0.2170330196
 40
0.4336037823
 40
0.6873606483
 40
1.0
 40
1.0
 40
1.0
 40
1.0
 10
434.4407368272
 20
755.5228519892
 30
0.0
 10
434.5044259202
 20
755.4984453118
 30
0.0
 10
434.6445760663
 20
755.4737985704
 30
0.0
 10
434.8556946335
 20
755.5486137766
 30
0.0
 10
435.0388086256
 20
755.7195119089
 30
0.0
 10
435.1344180561
 20
755.8712304423
 30
0.0
 10
435.1802622605
 20
755.9581302183
 30
0.0
  0
SPLINE
  5
B23
100
AcDbEntity
  8
0
100
AcDbSpline
 62
7
  6
BYLAYER
 70
0
 71
3
 72
9
 73
5
 74
0
 42
0.0000001
 43
0.0000001
 44
0.0000000001
 40
0.0
 40
0.0
 40
0.0
 40
0.0
 40
0.4429134346
 40
1.0
 40
1.0
 40
1.0
 40
1.0
 10
435.1897605867
 20
755.9763811875
 30
0.0
 10
435.2927462972
 20
756.1769650591
 30
0.0
 10
435.4507652476
 20
756.6666177927
 30
0.0
 10
435.5281277146
 20
757.1706646183
 30
0.0
 10
435.5559567062
 20
757.452896015
 30
0.0
  0
SPLINE
  5
B24
100
AcDbEntity
  8
0
100
AcDbSpline
 62
7
  6
BYLAYER
 70
0
 71
3
 72
9
 73
5
 74
0
 42
0.0000001
 43
0.0000001
 44
0.0000000001
 40
0.0
 40
0.0
 40
0.0
 40
0.0
 40
0.4991626804
 40
1.0
 40
1.0
 40
1.0
 40
1.0
 10
435.5559567062
 20
757.452896015
 30
0.0
 10
435.6128938184
 20
758.0303312651
 30
0.0
 10
435.6024971486
 20
759.1993556532
 30
0.0
 10
435.4150296967
 20
760.3531411339
 30
0.0
 10
435.2616332876
 20
760.9147510004
 30
0.0
  0
SPLINE
  5
B25
100
AcDbEntity
  8
0
100
AcDbSpline
 62
7
  6
BYLAYER
 70
0
 71
3
 72
9
 73
5
 74
0
 42
0.0000001
 43
0.0000001
 44
0.0000000001
 40
0.0
 40
0.0
 40
0.0
 40
0.0
 40
0.5484487543
 40
1.0
 40
1.0
 40
1.0
 40
1.0
 10
435.2488180656
 20
760.9610967002
 30
0.0
 10
435.1799595218
 20
761.2070913875
 30
0.0
 10
435.0323254033
 20
761.6497169508
 30
0.0
 10
434.8237075902
 20
762.0697781054
 30
0.0
 10
434.7072998516
 20
762.2449440722
 30
0.0
  0
SPLINE
  5
B26
100
AcDbEntity
  8
0
100
AcDbSpline
 62
7
  6
BYLAYER
 70
0
 71
3
 72
9
 73
5
 74
0
 42
0.0000001
 43
0.0000001
 44
0.0000000001
 40
0.0
 40
0.0
 40
0.0
 40
0.0
 40
0.5624960333
 40
1.0
 40
1.0
 40
1.0
 40
1.0
 10
434.7072998516
 20
762.2449440722
 30
0.0
 10
434.6367220434
 20
762.3511468914
 30
0.0
 10
434.4969857504
 20
762.53128742
 30
0.0
 10
434.3078789186
 20
762.6680174482
 30
0.0
 10
434.2152658671
 20
762.7035082484
 30
0.0
  0
SPLINE
  5
B27
100
AcDbEntity
  8
0
100
AcDbSpline
 62
7
  6
BYLAYER
 70
0
 71
3
 72
11
 73
7
 74
0
 42
0.0000001
 43
0.0000001
 44
0.0000000001
 40
0.0
 40
0.0
 40
0.0
 40
0.0
 40
0.2170330196
 40
0.4336037823
 40
0.6873606483
 40
1.0
 40
1.0
 40
1.0
 40
1.0
 10
439.2787897088
 20
601.443609662
 30
0.0
 10
439.3424788018
 20
601.4192029846
 30
0.0
 10
439.4826289479
 20
601.3945562432
 30
0.0
 10
439.6937475151
 20
601.4693714494
 30
0.0
 10
439.8768615071
 20
601.6402695818
 30
0.0
 10
439.9724709377
 20
601.7919881151
 30
0.0
 10
440.018315142
 20
601.8788878911
 30
0.0
  0
SPLINE
  5
B28
100
AcDbEntity
  8
0
100
AcDbSpline
 62
7
  6
BYLAYER
 70
0
 71
3
 72
9
 73
5
 74
0
 42
0.0000001
 43
0.0000001
 44
0.0000000001
 40
0.0
 40
0.0
 40
0.0
 40
0.0
 40
0.4429134346
 40
1.0
 40
1.0
 40
1.0
 40
1.0
 10
440.0278134683
 20
601.8971388603
 30
0.0
 10
440.1307991788
 20
602.097722732
 30
0.0
 10
440.2888181292
 20
602.5873754656
 30
0.0
 10
440.3661805962
 20
603.0914222911
 30
0.0
 10
440.3940095878
 20
603.3736536878
 30
0.0
  0
SPLINE
  5
B29
100
AcDbEntity
  8
0
100
AcDbSpline
 62
7
  6
BYLAYER
 70
0
 71
3
 72
9
 73
5
 74
0
 42
0.0000001
 43
0.0000001
 44
0.0000000001
 40
0.0
 40
0.0
 40
0.0
 40
0.0
 40
0.4991626804
 40
1.0
 40
1.0
 40
1.0
 40
1.0
 10
440.3940095878
 20
603.3736536878
 30
0.0
 10
440.4509467
 20
603.9510889379
 30
0.0
 10
440.4405500302
 20
605.1201133261
 30
0.0
 10
440.2530825783
 20
606.2738988067
 30
0.0
 10
440.0996861692
 20
606.8355086733
 30
0.0
  0
SPLINE
  5
B2A
100
AcDbEntity
  8
0
100
AcDbSpline
 62
7
  6
BYLAYER
 70
0
 71
3
 72
9
 73
5
 74
0
 42
0.0000001
 43
0.0000001
 44
0.0000000001
 40
0.0
 40
0.0
 40
0.0
 40
0.0
 40
0.5484487543
 40
1.0
 40
1.0
 40
1.0
 40
1.0
 10
440.0868709472
 20
606.8818543731
 30
0.0
 10
440.0180124034
 20
607.1278490604
 30
0.0
 10
439.8703782849
 20
607.5704746237
 30
0.0
 10
439.6617604717
 20
607.9905357783
 30
0.0
 10
439.5453527332
 20
608.165701745
 30
0.0
  0
SPLINE
  5
B2B
100
AcDbEntity
  8
0
100
AcDbSpline
 62
7
  6
BYLAYER
 70
0
 71
3
 72
9
 73
5
 74
0
 42
0.0000001
 43
0.0000001
 44
0.0000000001
 40
0.0
 40
0.0
 40
0.0
 40
0.0
 40
0.5624960333
 40
1.0
 40
1.0
 40
1.0
 40
1.0
 10
439.5453527332
 20
608.165701745
 30
0.0
 10
439.4747749249
 20
608.2719045643
 30
0.0
 10
439.335038632
 20
608.4520450928
 30
0.0
 10
439.1459318002
 20
608.588775121
 30
0.0
 10
439.0533187486
 20
608.6242659212
 30
0.0
  0
SPLINE
  5
B2C
100
AcDbEntity
  8
0
100
AcDbSpline
 62
7
  6
BYLAYER
 70
0
 71
3
 72
13
 73
9
 74
0
 42
0.0000001
 43
0.0000001
 44
0.0000000001
 40
0.0
 40
0.0
 40
0.0
 40
0.0
 40
0.0832888294
 40
0.2009983586
 40
0.4997015445
 40
0.7985711109
 40
0.9164738557
 40
1.0
 40
1.0
 40
1.0
 40
1.0
 10
836.5384908069
 20
923.4980125666
 30
0.0
 10
836.4526665128
 20
923.5270508707
 30
0.0
 10
836.2364793547
 20
923.5677840411
 30
0.0
 10
835.695759024
 20
923.6215971427
 30
0.0
 10
834.916098175
 20
923.625435335
 30
0.0
 10
834.138003891
 20
923.5728731394
 30
0.0
 10
833.6010371252
 20
923.4853835892
 30
0.0
 10
833.3873475535
 20
923.4312216741
 30
0.0
 10
833.3032172056
 20
923.3969001973
 30
0.0
  0
SPLINE
  5
B2D
100
AcDbEntity
  8
0
100
AcDbSpline
 62
7
  6
BYLAYER
 70
0
 71
3
 72
8
 73
4
 74
0
 42
0.0000001
 43
0.0000001
 44
0.0000000001
 40
0.0
 40
0.0
 40
0.0
 40
0.0
 40
1.0
 40
1.0
 40
1.0
 40
1.0
 10
964.2606495136
 20
934.7736789589
 30
0.0
 10
964.308899056
 20
934.8176985987
 30
0.0
 10
964.3492765213
 20
934.8718933417
 30
0.0
 10
964.3781458778
 20
934.9304792383
 30
0.0
  0
SPLINE
  5
B2E
100
AcDbEntity
  8
0
100
AcDbSpline
 62
7
  6
BYLAYER
 70
0
 71
3
 72
11
 73
7
 74
0
 42
0.0000001
 43
0.0000001
 44
0.0000000001
 40
0.0
 40
0.0
 40
0.0
 40
0.0
 40
0.2170330196
 40
0.4336037823
 40
0.6873606483
 40
1.0
 40
1.0
 40
1.0
 40
1.0
 10
442.5041582965
 20
498.7241147773
 30
0.0
 10
442.5678473895
 20
498.6997080998
 30
0.0
 10
442.7079975356
 20
498.6750613585
 30
0.0
 10
442.9191161028
 20
498.7498765647
 30
0.0
 10
443.1022300948
 20
498.920774697
 30
0.0
 10
443.1978395254
 20
499.0724932303
 30
0.0
 10
443.2436837298
 20
499.1593930063
 30
0.0
  0
SPLINE
  5
B2F
100
AcDbEntity
  8
0
100
AcDbSpline
 62
7
  6
BYLAYER
 70
0
 71
3
 72
9
 73
5
 74
0
 42
0.0000001
 43
0.0000001
 44
0.0000000001
 40
0.0
 40
0.0
 40
0.0
 40
0.0
 40
0.4429134346
 40
1.0
 40
1.0
 40
1.0
 40
1.0
 10
443.253182056
 20
499.1776439755
 30
0.0
 10
443.3561677665
 20
499.3782278472
 30
0.0
 10
443.5141867169
 20
499.8678805808
 30
0.0
 10
443.5915491839
 20
500.3719274063
 30
0.0
 10
443.6193781755
 20
500.654158803
 30
0.0
  0
SPLINE
  5
B30
100
AcDbEntity
  8
0
100
AcDbSpline
 62
7
  6
BYLAYER
 70
0
 71
3
 72
9
 73
5
 74
0
 42
0.0000001
 43
0.0000001
 44
0.0000000001
 40
0.0
 40
0.0
 40
0.0
 40
0.0
 40
0.4991626804
 40
1.0
 40
1.0
 40
1.0
 40
1.0
 10
443.6193781755
 20
500.654158803
 30
0.0
 10
443.6763152877
 20
501.2315940532
 30
0.0
 10
443.6659186179
 20
502.4006184413
 30
0.0
 10
443.478451166
 20
503.554403922
 30
0.0
 10
443.3250547569
 20
504.1160137885
 30
0.0
  0
SPLINE
  5
B31
100
AcDbEntity
  8
0
100
AcDbSpline
 62
7
  6
BYLAYER
 70
0
 71
3
 72
9
 73
5
 74
0
 42
0.0000001
 43
0.0000001
 44
0.0000000001
 40
0.0
 40
0.0
 40
0.0
 40
0.0
 40
0.5484487543
 40
1.0
 40
1.0
 40
1.0
 40
1.0
 10
443.3122395349
 20
504.1623594883
 30
0.0
 10
443.2433809911
 20
504.4083541756
 30
0.0
 10
443.0957468726
 20
504.8509797389
 30
0.0
 10
442.8871290595
 20
505.2710408935
 30
0.0
 10
442.7707213209
 20
505.4462068603
 30
0.0
  0
SPLINE
  5
B32
100
AcDbEntity
  8
0
100
AcDbSpline
 62
7
  6
BYLAYER
 70
0
 71
3
 72
9
 73
5
 74
0
 42
0.0000001
 43
0.0000001
 44
0.0000000001
 40
0.0
 40
0.0
 40
0.0
 40
0.0
 40
0.5624960333
 40
1.0
 40
1.0
 40
1.0
 40
1.0
 10
442.7707213209
 20
505.4462068603
 30
0.0
 10
442.7001435127
 20
505.5524096795
 30
0.0
 10
442.5604072197
 20
505.7325502081
 30
0.0
 10
442.3713003879
 20
505.8692802363
 30
0.0
 10
442.2786873364
 20
505.9047710365
 30
0.0
  0
SPLINE
  5
B33
100
AcDbEntity
  8
0
100
AcDbSpline
 62
7
  6
BYLAYER
 70
0
 71
3
 72
9
 73
5
 74
0
 42
0.0000001
 43
0.0000001
 44
0.0000000001
 40
0.0
 40
0.0
 40
0.0
 40
0.0
 40
0.2257161593
 40
1.0
 40
1.0
 40
1.0
 40
1.0
 10
1093.9012160463
 20
946.620576189
 30
0.0
 10
1093.9155031985
 20
946.6151011242
 30
0.0
 10
1093.979258727
 20
946.5920408848
 30
0.0
 10
1094.0444590912
 20
946.5731392288
 30
0.0
 10
1094.0952569162
 20
946.5599375725
 30
0.0
  0
SPLINE
  5
B34
100
AcDbEntity
  8
0
100
AcDbSpline
 62
7
  6
BYLAYER
 70
0
 71
3
 72
12
 73
8
 74
0
 42
0.0000001
 43
0.0000001
 44
0.0000000001
 40
0.0
 40
0.0
 40
0.0
 40
0.0
 40
0.0813268354
 40
0.1838264149
 40
0.4372515946
 40
0.7234701086
 40
1.0
 40
1.0
 40
1.0
 40
1.0
 10
1094.0952569162
 20
946.5599375725
 30
0.0
 10
1094.2245372387
 20
946.5263393942
 30
0.0
 10
1094.5218136405
 20
946.4703552793
 30
0.0
 10
1095.2351669834
 20
946.385679568
 30
0.0
 10
1096.2901841873
 20
946.3391556744
 30
0.0
 10
1097.6309722951
 20
946.360175301
 30
0.0
 10
1098.5536432038
 20
946.4274449329
 30
0.0
 10
1099.0050189679
 20
946.4778833297
 30
0.0
  0
SPLINE
  5
B35
100
AcDbEntity
  8
0
100
AcDbSpline
 62
7
  6
BYLAYER
 70
0
 71
3
 72
9
 73
5
 74
0
 42
0.0000001
 43
0.0000001
 44
0.0000000001
 40
0.0
 40
0.0
 40
0.0
 40
0.0
 40
0.5578204162
 40
1.0
 40
1.0
 40
1.0
 40
1.0
 10
1099.0050189679
 20
946.4778833297
 30
0.0
 10
1099.2637898147
 20
946.5067993409
 30
0.0
 10
1099.7264955711
 20
946.5692429265
 30
0.0
 10
1100.1849150448
 20
946.6617676678
 30
0.0
 10
1100.3839377722
 20
946.7164651472
 30
0.0
  0
SPLINE
  5
B36
100
AcDbEntity
  8
0
100
AcDbSpline
 62
7
  6
BYLAYER
 70
0
 71
3
 72
9
 73
5
 74
0
 42
0.0000001
 43
0.0000001
 44
0.0000000001
 40
0.0
 40
0.0
 40
0.0
 40
0.0
 40
0.2702438205
 40
1.0
 40
1.0
 40
1.0
 40
1.0
 10
1100.3839377722
 20
946.7164651472
 30
0.0
 10
1100.4045254339
 20
946.7221232609
 30
0.0
 10
1100.4805306377
 20
946.7436804797
 30
0.0
 10
1100.555848008
 20
946.7677882126
 30
0.0
 10
1100.6100071556
 20
946.7875604622
 30
0.0
  0
SPLINE
  5
B37
100
AcDbEntity
  8
0
100
AcDbSpline
 62
7
  6
BYLAYER
 70
0
 71
3
 72
14
 73
10
 74
0
 42
0.0000001
 43
0.0000001
 44
0.0000000001
 40
0.0
 40
0.0
 40
0.0
 40
0.0
 40
0.3497953691
 40
0.4668775725
 40
0.5532213485
 40
0.6276971138
 40
0.7174431315
 40
0.839470592
 40
1.0
 40
1.0
 40
1.0
 40
1.0
 10
1100.6100071556
 20
946.7875604622
 30
0.0
 10
1100.6905264453
 20
946.8169561886
 30
0.0
 10
1100.7982589597
 20
946.8610833552
 30
0.0
 10
1100.9053669068
 20
946.9449261198
 30
0.0
 10
1100.9444846167
 20
947.0045474534
 30
0.0
 10
1100.9390334172
 20
947.0702068659
 30
0.0
 10
1100.891696482
 20
947.1256148247
 30
0.0
 10
1100.8150061293
 20
947.1753979442
 30
0.0
 10
1100.751216184
 20
947.203196309
 30
0.0
 10
1100.7144832899
 20
947.2172729406
 30
0.0
  0
SPLINE
  5
B38
100
AcDbEntity
  8
0
100
AcDbSpline
 62
7
  6
BYLAYER
 70
0
 71
3
 72
8
 73
4
 74
0
 42
0.0000001
 43
0.0000001
 44
0.0000000001
 40
0.0
 40
0.0
 40
0.0
 40
0.0
 40
1.0
 40
1.0
 40
1.0
 40
1.0
 10
1100.1479354835
 20
946.6745041023
 30
0.0
 10
1100.1961850258
 20
946.7185237421
 30
0.0
 10
1100.2365624912
 20
946.7727184851
 30
0.0
 10
1100.2654318477
 20
946.8313043817
 30
0.0
  0
SPLINE
  5
B39
100
AcDbEntity
  8
0
100
AcDbSpline
 62
7
  6
BYLAYER
 70
0
 71
3
 72
9
 73
5
 74
0
 42
0.0000001
 43
0.0000001
 44
0.0000000001
 40
0.0
 40
0.0
 40
0.0
 40
0.0
 40
0.2257161593
 40
1.0
 40
1.0
 40
1.0
 40
1.0
 10
958.0139300765
 20
934.7197510456
 30
0.0
 10
958.0282172287
 20
934.7142759808
 30
0.0
 10
958.0919727572
 20
934.6912157414
 30
0.0
 10
958.1571731213
 20
934.6723140854
 30
0.0
 10
958.2079709464
 20
934.6591124291
 30
0.0
  0
SPLINE
  5
B3A
100
AcDbEntity
  8
0
100
AcDbSpline
 62
7
  6
BYLAYER
 70
0
 71
3
 72
12
 73
8
 74
0
 42
0.0000001
 43
0.0000001
 44
0.0000000001
 40
0.0
 40
0.0
 40
0.0
 40
0.0
 40
0.0813268354
 40
0.1838264149
 40
0.4372515946
 40
0.7234701086
 40
1.0
 40
1.0
 40
1.0
 40
1.0
 10
958.2079709464
 20
934.6591124291
 30
0.0
 10
958.3372512688
 20
934.6255142508
 30
0.0
 10
958.6345276707
 20
934.5695301359
 30
0.0
 10
959.3478810136
 20
934.4848544246
 30
0.0
 10
960.4028982174
 20
934.438330531
 30
0.0
 10
961.7436863253
 20
934.4593501576
 30
0.0
 10
962.666357234
 20
934.5266197895
 30
0.0
 10
963.1177329981
 20
934.5770581863
 30
0.0
  0
SPLINE
  5
B3B
100
AcDbEntity
  8
0
100
AcDbSpline
 62
7
  6
BYLAYER
 70
0
 71
3
 72
9
 73
5
 74
0
 42
0.0000001
 43
0.0000001
 44
0.0000000001
 40
0.0
 40
0.0
 40
0.0
 40
0.0
 40
0.5578204162
 40
1.0
 40
1.0
 40
1.0
 40
1.0
 10
963.1177329981
 20
934.5770581863
 30
0.0
 10
963.3765038449
 20
934.6059741975
 30
0.0
 10
963.8392096012
 20
934.6684177831
 30
0.0
 10
964.2976290749
 20
934.7609425244
 30
0.0
 10
964.4966518023
 20
934.8156400038
 30
0.0
  0
SPLINE
  5
B3C
100
AcDbEntity
  8
0
100
AcDbSpline
 62
7
  6
BYLAYER
 70
0
 71
3
 72
9
 73
5
 74
0
 42
0.0000001
 43
0.0000001
 44
0.0000000001
 40
0.0
 40
0.0
 40
0.0
 40
0.0
 40
0.2702438205
 40
1.0
 40
1.0
 40
1.0
 40
1.0
 10
964.4966518023
 20
934.8156400038
 30
0.0
 10
964.517239464
 20
934.8212981175
 30
0.0
 10
964.5932446679
 20
934.8428553363
 30
0.0
 10
964.6685620381
 20
934.8669630692
 30
0.0
 10
964.7227211857
 20
934.8867353188
 30
0.0
  0
SPLINE
  5
B3D
100
AcDbEntity
  8
0
100
AcDbSpline
 62
7
  6
BYLAYER
 70
0
 71
3
 72
14
 73
10
 74
0
 42
0.0000001
 43
0.0000001
 44
0.0000000001
 40
0.0
 40
0.0
 40
0.0
 40
0.0
 40
0.3497953691
 40
0.4668775725
 40
0.5532213485
 40
0.6276971138
 40
0.7174431315
 40
0.839470592
 40
1.0
 40
1.0
 40
1.0
 40
1.0
 10
964.7227211857
 20
934.8867353188
 30
0.0
 10
964.8032404754
 20
934.9161310452
 30
0.0
 10
964.9109729899
 20
934.9602582118
 30
0.0
 10
965.0180809369
 20
935.0441009764
 30
0.0
 10
965.0571986468
 20
935.10372231
 30
0.0
 10
965.0517474474
 20
935.1693817225
 30
0.0
 10
965.0044105121
 20
935.2247896813
 30
0.0
 10
964.9277201594
 20
935.2745728008
 30
0.0
 10
964.8639302141
 20
935.3023711656
 30
0.0
 10
964.82719732
 20
935.3164477972
 30
0.0
  0
SPLINE
  5
B3E
100
AcDbEntity
  8
0
100
AcDbSpline
 62
7
  6
BYLAYER
 70
0
 71
3
 72
9
 73
5
 74
0
 42
0.0000001
 43
0.0000001
 44
0.0000000001
 40
0.0
 40
0.0
 40
0.0
 40
0.0
 40
0.5017202032
 40
1.0
 40
1.0
 40
1.0
 40
1.0
 10
431.2153682395
 20
858.2423468739
 30
0.0
 10
431.212665566
 20
858.3284199076
 30
0.0
 10
431.2506902985
 20
858.503718041
 30
0.0
 10
431.3664794563
 20
858.6410521425
 30
0.0
 10
431.4362275716
 20
858.6905467497
 30
0.0
  0
SPLINE
  5
B3F
100
AcDbEntity
  8
0
100
AcDbSpline
 62
7
  6
BYLAYER
 70
0
 71
3
 72
9
 73
5
 74
0
 42
0.0000001
 43
0.0000001
 44
0.0000000001
 40
0.0
 40
0.0
 40
0.0
 40
0.0
 40
0.5090005778
 40
1.0
 40
1.0
 40
1.0
 40
1.0
 10
430.9898972794
 20
865.4230031332
 30
0.0
 10
430.9925284772
 20
865.3392064106
 30
0.0
 10
431.0386688095
 20
865.1723871424
 30
0.0
 10
431.1656034251
 20
865.0526483284
 30
0.0
 10
431.2376147954
 20
865.0158405855
 30
0.0
  0
SPLINE
  5
B40
100
AcDbEntity
  8
0
100
AcDbSpline
 62
7
  6
BYLAYER
 70
0
 71
3
 72
8
 73
4
 74
0
 42
0.0000001
 43
0.0000001
 44
0.0000000001
 40
0.0
 40
0.0
 40
0.0
 40
0.0
 40
1.0
 40
1.0
 40
1.0
 40
1.0
 10
431.5808382268
 20
864.5598613419
 30
0.0
 10
431.5795041173
 20
864.6023492144
 30
0.0
 10
431.5728718941
 20
864.6450193701
 30
0.0
 10
431.5609892205
 20
864.6858335983
 30
0.0
  0
SPLINE
  5
B41
100
AcDbEntity
  8
0
100
AcDbSpline
 62
7
  6
BYLAYER
 70
0
 71
3
 72
9
 73
5
 74
0
 42
0.0000001
 43
0.0000001
 44
0.0000000001
 40
0.0
 40
0.0
 40
0.0
 40
0.0
 40
0.2257161593
 40
1.0
 40
1.0
 40
1.0
 40
1.0
 10
831.4981810701
 20
923.6396724638
 30
0.0
 10
831.5124682223
 20
923.634197399
 30
0.0
 10
831.5762237508
 20
923.6111371596
 30
0.0
 10
831.6414241149
 20
923.5922355036
 30
0.0
 10
831.69222194
 20
923.5790338473
 30
0.0
  0
SPLINE
  5
B42
100
AcDbEntity
  8
0
100
AcDbSpline
 62
7
  6
BYLAYER
 70
0
 71
3
 72
12
 73
8
 74
0
 42
0.0000001
 43
0.0000001
 44
0.0000000001
 40
0.0
 40
0.0
 40
0.0
 40
0.0
 40
0.0813268354
 40
0.1838264149
 40
0.4372515946
 40
0.7234701086
 40
1.0
 40
1.0
 40
1.0
 40
1.0
 10
831.69222194
 20
923.5790338473
 30
0.0
 10
831.8215022624
 20
923.545435669
 30
0.0
 10
832.1187786642
 20
923.4894515541
 30
0.0
 10
832.8321320072
 20
923.4047758428
 30
0.0
 10
833.887149211
 20
923.3582519492
 30
0.0
 10
835.2279373189
 20
923.3792715758
 30
0.0
 10
836.1506082276
 20
923.4465412077
 30
0.0
 10
836.6019839917
 20
923.4969796045
 30
0.0
  0
SPLINE
  5
B43
100
AcDbEntity
  8
0
100
AcDbSpline
 62
7
  6
BYLAYER
 70
0
 71
3
 72
9
 73
5
 74
0
 42
0.0000001
 43
0.0000001
 44
0.0000000001
 40
0.0
 40
0.0
 40
0.0
 40
0.0
 40
0.5578204162
 40
1.0
 40
1.0
 40
1.0
 40
1.0
 10
836.6019839917
 20
923.4969796045
 30
0.0
 10
836.8607548385
 20
923.5258956157
 30
0.0
 10
837.3234605948
 20
923.5883392013
 30
0.0
 10
837.7818800685
 20
923.6808639426
 30
0.0
 10
837.9809027959
 20
923.7355614221
 30
0.0
  0
SPLINE
  5
B44
100
AcDbEntity
  8
0
100
AcDbSpline
 62
7
  6
BYLAYER
 70
0
 71
3
 72
9
 73
5
 74
0
 42
0.0000001
 43
0.0000001
 44
0.0000000001
 40
0.0
 40
0.0
 40
0.0
 40
0.0
 40
0.2702438205
 40
1.0
 40
1.0
 40
1.0
 40
1.0
 10
837.9809027959
 20
923.7355614221
 30
0.0
 10
838.0014904576
 20
923.7412195357
 30
0.0
 10
838.0774956615
 20
923.7627767546
 30
0.0
 10
838.1528130317
 20
923.7868844874
 30
0.0
 10
838.2069721793
 20
923.806656737
 30
0.0
  0
SPLINE
  5
B45
100
AcDbEntity
  8
0
100
AcDbSpline
 62
7
  6
BYLAYER
 70
0
 71
3
 72
14
 73
10
 74
0
 42
0.0000001
 43
0.0000001
 44
0.0000000001
 40
0.0
 40
0.0
 40
0.0
 40
0.0
 40
0.3497953691
 40
0.4668775725
 40
0.5532213485
 40
0.6276971138
 40
0.7174431315
 40
0.839470592
 40
1.0
 40
1.0
 40
1.0
 40
1.0
 10
838.2069721793
 20
923.806656737
 30
0.0
 10
838.287491469
 20
923.8360524635
 30
0.0
 10
838.3952239835
 20
923.88017963
 30
0.0
 10
838.5023319305
 20
923.9640223947
 30
0.0
 10
838.5414496404
 20
924.0236437282
 30
0.0
 10
838.535998441
 20
924.0893031408
 30
0.0
 10
838.4886615057
 20
924.1447110995
 30
0.0
 10
838.411971153
 20
924.194494219
 30
0.0
 10
838.3481812077
 20
924.2222925839
 30
0.0
 10
838.3114483136
 20
924.2363692154
 30
0.0
  0
SPLINE
  5
B46
100
AcDbEntity
  8
0
100
AcDbSpline
 62
7
  6
BYLAYER
 70
0
 71
3
 72
9
 73
5
 74
0
 42
0.0000001
 43
0.0000001
 44
0.0000000001
 40
0.0
 40
0.0
 40
0.0
 40
0.0
 40
0.5017202032
 40
1.0
 40
1.0
 40
1.0
 40
1.0
 10
434.4407368272
 20
755.5228519892
 30
0.0
 10
434.4380341537
 20
755.6089250228
 30
0.0
 10
434.4760588862
 20
755.7842231563
 30
0.0
 10
434.591848044
 20
755.9215572578
 30
0.0
 10
434.6615961593
 20
755.9710518649
 30
0.0
  0
SPLINE
  5
B47
100
AcDbEntity
  8
0
100
AcDbSpline
 62
7
  6
BYLAYER
 70
0
 71
3
 72
9
 73
5
 74
0
 42
0.0000001
 43
0.0000001
 44
0.0000000001
 40
0.0
 40
0.0
 40
0.0
 40
0.0
 40
0.5090005778
 40
1.0
 40
1.0
 40
1.0
 40
1.0
 10
434.2152658671
 20
762.7035082484
 30
0.0
 10
434.217897065
 20
762.6197115259
 30
0.0
 10
434.2640373973
 20
762.4528922576
 30
0.0
 10
434.3909720128
 20
762.3331534436
 30
0.0
 10
434.4629833832
 20
762.2963457007
 30
0.0
  0
SPLINE
  5
B48
100
AcDbEntity
  8
0
100
AcDbSpline
 62
7
  6
BYLAYER
 70
0
 71
3
 72
8
 73
4
 74
0
 42
0.0000001
 43
0.0000001
 44
0.0000000001
 40
0.0
 40
0.0
 40
0.0
 40
0.0
 40
1.0
 40
1.0
 40
1.0
 40
1.0
 10
434.8062068145
 20
761.8403664571
 30
0.0
 10
434.804872705
 20
761.8828543297
 30
0.0
 10
434.7982404818
 20
761.9255244853
 30
0.0
 10
434.7863578082
 20
761.9663387136
 30
0.0
  0
SPLINE
  5
B49
100
AcDbEntity
  8
0
100
AcDbSpline
 62
7
  6
BYLAYER
 70
0
 71
3
 72
9
 73
5
 74
0
 42
0.0000001
 43
0.0000001
 44
0.0000000001
 40
0.0
 40
0.0
 40
0.0
 40
0.0
 40
0.2257161593
 40
1.0
 40
1.0
 40
1.0
 40
1.0
 10
700.2966635819
 20
912.1492206013
 30
0.0
 10
700.3109507341
 20
912.1437455364
 30
0.0
 10
700.3747062626
 20
912.1206852971
 30
0.0
 10
700.4399066268
 20
912.101783641
 30
0.0
 10
700.4907044519
 20
912.0885819847
 30
0.0
  0
SPLINE
  5
B4A
100
AcDbEntity
  8
0
100
AcDbSpline
 62
7
  6
BYLAYER
 70
0
 71
3
 72
12
 73
8
 74
0
 42
0.0000001
 43
0.0000001
 44
0.0000000001
 40
0.0
 40
0.0
 40
0.0
 40
0.0
 40
0.0813268354
 40
0.1838264149
 40
0.4372515946
 40
0.7234701086
 40
1.0
 40
1.0
 40
1.0
 40
1.0
 10
700.4907044519
 20
912.0885819847
 30
0.0
 10
700.6199847743
 20
912.0549838064
 30
0.0
 10
700.9172611761
 20
911.9989996915
 30
0.0
 10
701.6306145191
 20
911.9143239802
 30
0.0
 10
702.6856317229
 20
911.8678000867
 30
0.0
 10
704.0264198307
 20
911.8888197132
 30
0.0
 10
704.9490907394
 20
911.9560893451
 30
0.0
 10
705.4004665035
 20
912.0065277419
 30
0.0
  0
SPLINE
  5
B4B
100
AcDbEntity
  8
0
100
AcDbSpline
 62
7
  6
BYLAYER
 70
0
 71
3
 72
9
 73
5
 74
0
 42
0.0000001
 43
0.0000001
 44
0.0000000001
 40
0.0
 40
0.0
 40
0.0
 40
0.0
 40
0.5578204162
 40
1.0
 40
1.0
 40
1.0
 40
1.0
 10
705.4004665035
 20
912.0065277419
 30
0.0
 10
705.6592373504
 20
912.0354437531
 30
0.0
 10
706.1219431067
 20
912.0978873387
 30
0.0
 10
706.5803625804
 20
912.19041208
 30
0.0
 10
706.7793853078
 20
912.2451095595
 30
0.0
  0
SPLINE
  5
B4C
100
AcDbEntity
  8
0
100
AcDbSpline
 62
7
  6
BYLAYER
 70
0
 71
3
 72
9
 73
5
 74
0
 42
0.0000001
 43
0.0000001
 44
0.0000000001
 40
0.0
 40
0.0
 40
0.0
 40
0.0
 40
0.2702438205
 40
1.0
 40
1.0
 40
1.0
 40
1.0
 10
706.7793853078
 20
912.2451095595
 30
0.0
 10
706.7999729695
 20
912.2507676731
 30
0.0
 10
706.8759781733
 20
912.272324892
 30
0.0
 10
706.9512955436
 20
912.2964326248
 30
0.0
 10
707.0054546912
 20
912.3162048744
 30
0.0
  0
SPLINE
  5
B4D
100
AcDbEntity
  8
0
100
AcDbSpline
 62
7
  6
BYLAYER
 70
0
 71
3
 72
14
 73
10
 74
0
 42
0.0000001
 43
0.0000001
 44
0.0000000001
 40
0.0
 40
0.0
 40
0.0
 40
0.0
 40
0.3497953691
 40
0.4668775725
 40
0.5532213485
 40
0.6276971138
 40
0.7174431315
 40
0.839470592
 40
1.0
 40
1.0
 40
1.0
 40
1.0
 10
707.0054546912
 20
912.3162048744
 30
0.0
 10
707.0859739809
 20
912.3456006009
 30
0.0
 10
707.1937064953
 20
912.3897277674
 30
0.0
 10
707.3008144424
 20
912.4735705321
 30
0.0
 10
707.3399321523
 20
912.5331918656
 30
0.0
 10
707.3344809528
 20
912.5988512782
 30
0.0
 10
707.2871440176
 20
912.6542592369
 30
0.0
 10
707.2104536649
 20
912.7040423564
 30
0.0
 10
707.1466637196
 20
912.7318407213
 30
0.0
 10
707.1099308255
 20
912.7459173528
 30
0.0
  0
SPLINE
  5
B4E
100
AcDbEntity
  8
0
100
AcDbSpline
 62
7
  6
BYLAYER
 70
0
 71
3
 72
9
 73
5
 74
0
 42
0.0000001
 43
0.0000001
 44
0.0000000001
 40
0.0
 40
0.0
 40
0.0
 40
0.0
 40
0.5017202032
 40
1.0
 40
1.0
 40
1.0
 40
1.0
 10
439.2787897088
 20
601.443609662
 30
0.0
 10
439.2760870353
 20
601.5296826957
 30
0.0
 10
439.3141117677
 20
601.7049808291
 30
0.0
 10
439.4299009256
 20
601.8423149306
 30
0.0
 10
439.4996490409
 20
601.8918095378
 30
0.0
  0
SPLINE
  5
B4F
100
AcDbEntity
  8
0
100
AcDbSpline
 62
7
  6
BYLAYER
 70
0
 71
3
 72
9
 73
5
 74
0
 42
0.0000001
 43
0.0000001
 44
0.0000000001
 40
0.0
 40
0.0
 40
0.0
 40
0.0
 40
0.5090005778
 40
1.0
 40
1.0
 40
1.0
 40
1.0
 10
439.0533187486
 20
608.6242659212
 30
0.0
 10
439.0559499465
 20
608.5404691987
 30
0.0
 10
439.1020902788
 20
608.3736499305
 30
0.0
 10
439.2290248944
 20
608.2539111165
 30
0.0
 10
439.3010362647
 20
608.2171033736
 30
0.0
  0
SPLINE
  5
B50
100
AcDbEntity
  8
0
100
AcDbSpline
 62
7
  6
BYLAYER
 70
0
 71
3
 72
8
 73
4
 74
0
 42
0.0000001
 43
0.0000001
 44
0.0000000001
 40
0.0
 40
0.0
 40
0.0
 40
0.0
 40
1.0
 40
1.0
 40
1.0
 40
1.0
 10
439.644259696
 20
607.76112413
 30
0.0
 10
439.6429255866
 20
607.8036120025
 30
0.0
 10
439.6362933634
 20
607.8462821582
 30
0.0
 10
439.6244106898
 20
607.8870963864
 30
0.0
  0
SPLINE
  5
B51
100
AcDbEntity
  8
0
100
AcDbSpline
 62
7
  6
BYLAYER
 70
0
 71
3
 72
9
 73
5
 74
0
 42
0.0000001
 43
0.0000001
 44
0.0000000001
 40
0.0
 40
0.0
 40
0.0
 40
0.0
 40
0.5017202032
 40
1.0
 40
1.0
 40
1.0
 40
1.0
 10
442.5041582965
 20
498.7241147773
 30
0.0
 10
442.501455623
 20
498.8101878109
 30
0.0
 10
442.5394803554
 20
498.9854859444
 30
0.0
 10
442.6552695133
 20
499.1228200458
 30
0.0
 10
442.7250176286
 20
499.172314653
 30
0.0
  0
SPLINE
  5
B52
100
AcDbEntity
  8
0
100
AcDbSpline
 62
7
  6
BYLAYER
 70
0
 71
3
 72
9
 73
5
 74
0
 42
0.0000001
 43
0.0000001
 44
0.0000000001
 40
0.0
 40
0.0
 40
0.0
 40
0.0
 40
0.5090005778
 40
1.0
 40
1.0
 40
1.0
 40
1.0
 10
442.2786873364
 20
505.9047710365
 30
0.0
 10
442.2813185342
 20
505.8209743139
 30
0.0
 10
442.3274588665
 20
505.6541550457
 30
0.0
 10
442.4543934821
 20
505.5344162317
 30
0.0
 10
442.5264048524
 20
505.4976084888
 30
0.0
  0
SPLINE
  5
B53
100
AcDbEntity
  8
0
100
AcDbSpline
 62
7
  6
BYLAYER
 70
0
 71
3
 72
9
 73
5
 74
0
 42
0.0000001
 43
0.0000001
 44
0.0000000001
 40
0.0
 40
0.0
 40
0.0
 40
0.0
 40
0.2257161593
 40
1.0
 40
1.0
 40
1.0
 40
1.0
 10
573.7809145755
 20
901.0691420195
 30
0.0
 10
573.7952017277
 20
901.0636669546
 30
0.0
 10
573.8589572562
 20
901.0406067153
 30
0.0
 10
573.9241576204
 20
901.0217050593
 30
0.0
 10
573.9749554455
 20
901.008503403
 30
0.0
  0
SPLINE
  5
B54
100
AcDbEntity
  8
0
100
AcDbSpline
 62
7
  6
BYLAYER
 70
0
 71
3
 72
12
 73
8
 74
0
 42
0.0000001
 43
0.0000001
 44
0.0000000001
 40
0.0
 40
0.0
 40
0.0
 40
0.0
 40
0.0813268354
 40
0.1838264149
 40
0.4372515946
 40
0.7234701086
 40
1.0
 40
1.0
 40
1.0
 40
1.0
 10
573.9749554455
 20
901.008503403
 30
0.0
 10
574.1042357679
 20
900.9749052246
 30
0.0
 10
574.4015121697
 20
900.9189211097
 30
0.0
 10
575.1148655127
 20
900.8342453984
 30
0.0
 10
576.1698827165
 20
900.7877215049
 30
0.0
 10
577.5106708243
 20
900.8087411315
 30
0.0
 10
578.433341733
 20
900.8760107633
 30
0.0
 10
578.8847174971
 20
900.9264491601
 30
0.0
  0
SPLINE
  5
B55
100
AcDbEntity
  8
0
100
AcDbSpline
 62
7
  6
BYLAYER
 70
0
 71
3
 72
9
 73
5
 74
0
 42
0.0000001
 43
0.0000001
 44
0.0000000001
 40
0.0
 40
0.0
 40
0.0
 40
0.0
 40
0.5578204162
 40
1.0
 40
1.0
 40
1.0
 40
1.0
 10
578.8847174971
 20
900.9264491601
 30
0.0
 10
579.143488344
 20
900.9553651714
 30
0.0
 10
579.6061941003
 20
901.0178087569
 30
0.0
 10
580.064613574
 20
901.1103334982
 30
0.0
 10
580.2636363014
 20
901.1650309777
 30
0.0
  0
SPLINE
  5
B56
100
AcDbEntity
  8
0
100
AcDbSpline
 62
7
  6
BYLAYER
 70
0
 71
3
 72
9
 73
5
 74
0
 42
0.0000001
 43
0.0000001
 44
0.0000000001
 40
0.0
 40
0.0
 40
0.0
 40
0.0
 40
0.2702438205
 40
1.0
 40
1.0
 40
1.0
 40
1.0
 10
580.2636363014
 20
901.1650309777
 30
0.0
 10
580.2842239631
 20
901.1706890913
 30
0.0
 10
580.3602291669
 20
901.1922463102
 30
0.0
 10
580.4355465372
 20
901.2163540431
 30
0.0
 10
580.4897056848
 20
901.2361262926
 30
0.0
  0
SPLINE
  5
B57
100
AcDbEntity
  8
0
100
AcDbSpline
 62
7
  6
BYLAYER
 70
0
 71
3
 72
14
 73
10
 74
0
 42
0.0000001
 43
0.0000001
 44
0.0000000001
 40
0.0
 40
0.0
 40
0.0
 40
0.0
 40
0.3497953691
 40
0.4668775725
 40
0.5532213485
 40
0.6276971138
 40
0.7174431315
 40
0.839470592
 40
1.0
 40
1.0
 40
1.0
 40
1.0
 10
580.4897056848
 20
901.2361262926
 30
0.0
 10
580.5702249745
 20
901.2655220191
 30
0.0
 10
580.6779574889
 20
901.3096491856
 30
0.0
 10
580.785065436
 20
901.3934919503
 30
0.0
 10
580.8241831459
 20
901.4531132838
 30
0.0
 10
580.8187319464
 20
901.5187726964
 30
0.0
 10
580.7713950112
 20
901.5741806551
 30
0.0
 10
580.6947046585
 20
901.6239637746
 30
0.0
 10
580.6309147132
 20
901.6517621395
 30
0.0
 10
580.5941818191
 20
901.6658387711
 30
0.0
  0
SPLINE
  5
B58
100
AcDbEntity
  8
0
100
AcDbSpline
 62
7
  6
BYLAYER
 70
0
 71
3
 72
8
 73
4
 74
0
 42
0.0000001
 43
0.0000001
 44
0.0000000001
 40
0.0
 40
0.0
 40
0.0
 40
0.0
 40
1.0
 40
1.0
 40
1.0
 40
1.0
 10
442.8696282837
 20
505.0416292452
 30
0.0
 10
442.8682941743
 20
505.0841171177
 30
0.0
 10
442.8616619511
 20
505.1267872734
 30
0.0
 10
442.8497792775
 20
505.1676015017
 30
0.0
  0
SPLINE
  5
B59
100
AcDbEntity
  8
0
100
AcDbSpline
 62
7
  6
BYLAYER
 70
0
 71
3
 72
16
 73
12
 74
0
 42
0.0000001
 43
0.0000001
 44
0.0000000001
 40
0.0
 40
0.0
 40
0.0
 40
0.0
 40
0.0799158954
 40
0.2008704739
 40
0.3549349833
 40
0.5248949515
 40
0.6902922658
 40
0.8315546739
 40
0.8884637555
 40
0.9348992738
 40
1.0
 40
1.0
 40
1.0
 40
1.0
 10
431.7191980064
 20
860.1534667583
 30
0.0
 10
431.6248650843
 20
860.1896166404
 30
0.0
 10
431.4451847299
 20
860.3942545464
 30
0.0
 10
431.2660348619
 20
860.8022557946
 30
0.0
 10
431.1250651567
 20
861.3510561535
 30
0.0
 10
431.0507132271
 20
861.9662322944
 30
0.0
 10
431.0513062522
 20
862.5703154344
 30
0.0
 10
431.1142074449
 20
863.0278404787
 30
0.0
 10
431.2129963151
 20
863.3234479962
 30
0.0
 10
431.3078696078
 20
863.5106263079
 30
0.0
 10
431.4302655437
 20
863.6180743184
 30
0.0
 10
431.5122467071
 20
863.6252472993
 30
0.0
  0
SPLINE
  5
B5A
100
AcDbEntity
  8
0
100
AcDbSpline
 62
7
  6
BYLAYER
 70
0
 71
3
 72
9
 73
5
 74
0
 42
0.0000001
 43
0.0000001
 44
0.0000000001
 40
0.0
 40
0.0
 40
0.0
 40
0.0
 40
0.2257161593
 40
1.0
 40
1.0
 40
1.0
 40
1.0
 10
437.8936286057
 20
889.1683168761
 30
0.0
 10
437.9079157579
 20
889.1628418112
 30
0.0
 10
437.9716712864
 20
889.1397815719
 30
0.0
 10
438.0368716506
 20
889.1208799159
 30
0.0
 10
438.0876694756
 20
889.1076782596
 30
0.0
  0
SPLINE
  5
B5B
100
AcDbEntity
  8
0
100
AcDbSpline
 62
7
  6
BYLAYER
 70
0
 71
3
 72
12
 73
8
 74
0
 42
0.0000001
 43
0.0000001
 44
0.0000000001
 40
0.0
 40
0.0
 40
0.0
 40
0.0
 40
0.0813268354
 40
0.1838264149
 40
0.4372515946
 40
0.7234701086
 40
1.0
 40
1.0
 40
1.0
 40
1.0
 10
438.0876694756
 20
889.1076782596
 30
0.0
 10
438.2169497981
 20
889.0740800813
 30
0.0
 10
438.5142261999
 20
889.0180959663
 30
0.0
 10
439.2275795428
 20
888.933420255
 30
0.0
 10
440.2825967466
 20
888.8868963615
 30
0.0
 10
441.6233848545
 20
888.9079159881
 30
0.0
 10
442.5460557632
 20
888.9751856199
 30
0.0
 10
442.9974315273
 20
889.0256240167
 30
0.0
  0
SPLINE
  5
B5C
100
AcDbEntity
  8
0
100
AcDbSpline
 62
7
  6
BYLAYER
 70
0
 71
3
 72
9
 73
5
 74
0
 42
0.0000001
 43
0.0000001
 44
0.0000000001
 40
0.0
 40
0.0
 40
0.0
 40
0.0
 40
0.5578204162
 40
1.0
 40
1.0
 40
1.0
 40
1.0
 10
442.9974315273
 20
889.0256240167
 30
0.0
 10
443.2562023741
 20
889.054540028
 30
0.0
 10
443.7189081305
 20
889.1169836136
 30
0.0
 10
444.1773276042
 20
889.2095083548
 30
0.0
 10
444.3763503316
 20
889.2642058343
 30
0.0
  0
SPLINE
  5
B5D
100
AcDbEntity
  8
0
100
AcDbSpline
 62
7
  6
BYLAYER
 70
0
 71
3
 72
9
 73
5
 74
0
 42
0.0000001
 43
0.0000001
 44
0.0000000001
 40
0.0
 40
0.0
 40
0.0
 40
0.0
 40
0.2702438205
 40
1.0
 40
1.0
 40
1.0
 40
1.0
 10
444.3763503316
 20
889.2642058343
 30
0.0
 10
444.3969379933
 20
889.2698639479
 30
0.0
 10
444.4729431971
 20
889.2914211668
 30
0.0
 10
444.5482605673
 20
889.3155288997
 30
0.0
 10
444.602419715
 20
889.3353011492
 30
0.0
  0
SPLINE
  5
B5E
100
AcDbEntity
  8
0
100
AcDbSpline
 62
7
  6
BYLAYER
 70
0
 71
3
 72
14
 73
10
 74
0
 42
0.0000001
 43
0.0000001
 44
0.0000000001
 40
0.0
 40
0.0
 40
0.0
 40
0.0
 40
0.3497953691
 40
0.4668775725
 40
0.5532213485
 40
0.6276971138
 40
0.7174431315
 40
0.839470592
 40
1.0
 40
1.0
 40
1.0
 40
1.0
 10
444.602419715
 20
889.3353011492
 30
0.0
 10
444.6829390046
 20
889.3646968757
 30
0.0
 10
444.7906715191
 20
889.4088240422
 30
0.0
 10
444.8977794661
 20
889.4926668069
 30
0.0
 10
444.9368971761
 20
889.5522881404
 30
0.0
 10
444.9314459766
 20
889.617947553
 30
0.0
 10
444.8841090414
 20
889.6733555117
 30
0.0
 10
444.8074186887
 20
889.7231386312
 30
0.0
 10
444.7436287433
 20
889.7509369961
 30
0.0
 10
444.7068958492
 20
889.7650136277
 30
0.0
  0
SPLINE
  5
B5F
100
AcDbEntity
  8
0
100
AcDbSpline
 62
7
  6
BYLAYER
 70
0
 71
3
 72
16
 73
12
 74
0
 42
0.0000001
 43
0.0000001
 44
0.0000000001
 40
0.0
 40
0.0
 40
0.0
 40
0.0
 40
0.0799158954
 40
0.2008704739
 40
0.3549349833
 40
0.5248949515
 40
0.6902922658
 40
0.8315546739
 40
0.8884637555
 40
0.9348992738
 40
1.0
 40
1.0
 40
1.0
 40
1.0
 10
434.9445665941
 20
757.4339718736
 30
0.0
 10
434.8502336721
 20
757.4701217556
 30
0.0
 10
434.6705533176
 20
757.6747596617
 30
0.0
 10
434.4914034496
 20
758.0827609099
 30
0.0
 10
434.3504337445
 20
758.6315612688
 30
0.0
 10
434.2760818148
 20
759.2467374096
 30
0.0
 10
434.2766748399
 20
759.8508205496
 30
0.0
 10
434.3395760326
 20
760.3083455939
 30
0.0
 10
434.4383649028
 20
760.6039531115
 30
0.0
 10
434.5332381955
 20
760.7911314231
 30
0.0
 10
434.6556341314
 20
760.8985794336
 30
0.0
 10
434.7376152948
 20
760.9057524145
 30
0.0
  0
SPLINE
  5
B60
100
AcDbEntity
  8
0
100
AcDbSpline
 62
7
  6
BYLAYER
 70
0
 71
3
 72
9
 73
5
 74
0
 42
0.0000001
 43
0.0000001
 44
0.0000000001
 40
0.0
 40
0.0
 40
0.0
 40
0.0
 40
0.6055732514
 40
1.0
 40
1.0
 40
1.0
 40
1.0
 10
432.3248361094
 20
887.3061385067
 30
0.0
 10
432.2612331587
 20
887.3074022314
 30
0.0
 10
432.1568324403
 20
887.3136694364
 30
0.0
 10
432.0512458015
 20
887.3279232295
 30
0.0
 10
432.012554932
 20
887.3427501885
 30
0.0
  0
SPLINE
  5
B61
100
AcDbEntity
  8
0
100
AcDbSpline
 62
7
  6
BYLAYER
 70
0
 71
3
 72
16
 73
12
 74
0
 42
0.0000001
 43
0.0000001
 44
0.0000000001
 40
0.0
 40
0.0
 40
0.0
 40
0.0
 40
0.0799158954
 40
0.2008704739
 40
0.3549349833
 40
0.5248949515
 40
0.6902922658
 40
0.8315546739
 40
0.8884637555
 40
0.9348992738
 40
1.0
 40
1.0
 40
1.0
 40
1.0
 10
439.7826194756
 20
603.3547295464
 30
0.0
 10
439.6882865536
 20
603.3908794284
 30
0.0
 10
439.5086061992
 20
603.5955173345
 30
0.0
 10
439.3294563312
 20
604.0035185827
 30
0.0
 10
439.188486626
 20
604.5523189416
 30
0.0
 10
439.1141346964
 20
605.1674950825
 30
0.0
 10
439.1147277214
 20
605.7715782225
 30
0.0
 10
439.1776289142
 20
606.2291032668
 30
0.0
 10
439.2764177844
 20
606.5247107843
 30
0.0
 10
439.371291077
 20
606.711889096
 30
0.0
 10
439.4936870129
 20
606.8193371064
 30
0.0
 10
439.5756681763
 20
606.8265100873
 30
0.0
  0
SPLINE
  5
B62
100
AcDbEntity
  8
0
100
AcDbSpline
 62
7
  6
BYLAYER
 70
0
 71
3
 72
10
 73
6
 74
0
 42
0.0000001
 43
0.0000001
 44
0.0000000001
 40
0.0
 40
0.0
 40
0.0
 40
0.0
 40
0.3552058571
 40
0.6544684911
 40
1.0
 40
1.0
 40
1.0
 40
1.0
 10
445.5873871912
 20
475.4515298924
 30
0.0
 10
445.5891255413
 20
475.3961680209
 30
0.0
 10
445.5856855801
 20
475.2910765231
 30
0.0
 10
445.5632993087
 20
475.1478962021
 30
0.0
 10
445.5109185813
 20
475.0247071962
 30
0.0
 10
445.4572411577
 20
475.0200326382
 30
0.0
  0
SPLINE
  5
B63
100
AcDbEntity
  8
0
100
AcDbSpline
 62
7
  6
BYLAYER
 70
0
 71
3
 72
9
 73
5
 74
0
 42
0.0000001
 43
0.0000001
 44
0.0000000001
 40
0.0
 40
0.0
 40
0.0
 40
0.0
 40
0.2988013957
 40
1.0
 40
1.0
 40
1.0
 40
1.0
 10
706.6608793833
 20
912.359948794
 30
0.0
 10
706.676893329
 20
912.3538119943
 30
0.0
 10
706.729789601
 20
912.3319227474
 30
0.0
 10
706.7815618453
 20
912.304551614
 30
0.0
 10
706.8119764126
 20
912.2781962227
 30
0.0
  0
SPLINE
  5
B64
100
AcDbEntity
  8
0
100
AcDbSpline
 62
7
  6
BYLAYER
 70
0
 71
3
 72
16
 73
12
 74
0
 42
0.0000001
 43
0.0000001
 44
0.0000000001
 40
0.0
 40
0.0
 40
0.0
 40
0.0
 40
0.0799158954
 40
0.2008704739
 40
0.3549349833
 40
0.5248949515
 40
0.6902922658
 40
0.8315546739
 40
0.8884637555
 40
0.9348992738
 40
1.0
 40
1.0
 40
1.0
 40
1.0
 10
443.0079880634
 20
500.6352346616
 30
0.0
 10
442.9136551413
 20
500.6713845437
 30
0.0
 10
442.7339747869
 20
500.8760224497
 30
0.0
 10
442.5548249189
 20
501.2840236979
 30
0.0
 10
442.4138552137
 20
501.8328240568
 30
0.0
 10
442.3395032841
 20
502.4480001977
 30
0.0
 10
442.3400963091
 20
503.0520833377
 30
0.0
 10
442.4029975019
 20
503.509608382
 30
0.0
 10
442.5017863721
 20
503.8052158995
 30
0.0
 10
442.5966596647
 20
503.9923942112
 30
0.0
 10
442.7190556006
 20
504.0998422217
 30
0.0
 10
442.801036764
 20
504.1070152026
 30
0.0
  0
SPLINE
  5
B65
100
AcDbEntity
  8
0
100
AcDbSpline
 62
7
  6
BYLAYER
 70
0
 71
3
 72
9
 73
5
 74
0
 42
0.0000001
 43
0.0000001
 44
0.0000000001
 40
0.0
 40
0.0
 40
0.0
 40
0.0
 40
0.2770568443
 40
1.0
 40
1.0
 40
1.0
 40
1.0
 10
706.7118846612
 20
912.4634561215
 30
0.0
 10
706.7219543992
 20
912.4595972371
 30
0.0
 10
706.758071739
 20
912.4451159974
 30
0.0
 10
706.7933639612
 20
912.4283303064
 30
0.0
 10
706.817613556
 20
912.4140559732
 30
0.0
  0
SPLINE
  5
B66
100
AcDbEntity
  8
0
100
AcDbSpline
 62
7
  6
BYLAYER
 70
0
 71
3
 72
9
 73
5
 74
0
 42
0.0000001
 43
0.0000001
 44
0.0000000001
 40
0.0
 40
0.0
 40
0.0
 40
0.0
 40
0.316251814
 40
1.0
 40
1.0
 40
1.0
 40
1.0
 10
706.817613556
 20
912.4140559732
 30
0.0
 10
706.8300384447
 20
912.4067421602
 30
0.0
 10
706.8676629326
 20
912.3823107581
 30
0.0
 10
706.9030190747
 20
912.3457278557
 30
0.0
 10
706.9097605618
 20
912.3152939998
 30
0.0
  0
SPLINE
  5
B67
100
AcDbEntity
  8
0
100
AcDbSpline
 62
7
  6
BYLAYER
 70
0
 71
3
 72
10
 73
6
 74
0
 42
0.0000001
 43
0.0000001
 44
0.0000000001
 40
0.0
 40
0.0
 40
0.0
 40
0.0
 40
0.6146746475
 40
0.8478890018
 40
1.0
 40
1.0
 40
1.0
 40
1.0
 10
432.6548996809
 20
887.3171968822
 30
0.0
 10
432.6509886083
 20
887.4417542439
 30
0.0
 10
432.6253357329
 20
887.6163524583
 30
0.0
 10
432.548502111
 20
887.802068471
 30
0.0
 10
432.4944220215
 20
887.8665958403
 30
0.0
 10
432.4656252004
 20
887.877631242
 30
0.0
  0
SPLINE
  5
B68
100
AcDbEntity
  8
0
100
AcDbSpline
 62
7
  6
BYLAYER
 70
0
 71
3
 72
8
 73
4
 74
0
 42
0.0000001
 43
0.0000001
 44
0.0000000001
 40
0.0
 40
0.0
 40
0.0
 40
0.0
 40
1.0
 40
1.0
 40
1.0
 40
1.0
 10
431.5808382268
 20
864.5598613419
 30
0.0
 10
431.606208519
 20
864.5501390408
 30
0.0
 10
431.6306818355
 20
864.5378701849
 30
0.0
 10
431.6539842047
 20
864.5238996997
 30
0.0
  0
SPLINE
  5
B69
100
AcDbEntity
  8
0
100
AcDbSpline
 62
7
  6
BYLAYER
 70
0
 71
3
 72
9
 73
5
 74
0
 42
0.0000001
 43
0.0000001
 44
0.0000000001
 40
0.0
 40
0.0
 40
0.0
 40
0.0
 40
0.5138017169
 40
1.0
 40
1.0
 40
1.0
 40
1.0
 10
432.1136643249
 20
859.2784939075
 30
0.0
 10
432.0634834341
 20
859.2348801182
 30
0.0
 10
431.9452500503
 20
859.1654561087
 30
0.0
 10
431.8077591506
 20
859.1814653021
 30
0.0
 10
431.7490117278
 20
859.2039782526
 30
0.0
  0
SPLINE
  5
B6A
100
AcDbEntity
  8
0
100
AcDbSpline
 62
7
  6
BYLAYER
 70
0
 71
3
 72
8
 73
4
 74
0
 42
0.0000001
 43
0.0000001
 44
0.0000000001
 40
0.0
 40
0.0
 40
0.0
 40
0.0
 40
1.0
 40
1.0
 40
1.0
 40
1.0
 10
434.8062068145
 20
761.8403664571
 30
0.0
 10
434.8315771067
 20
761.830644156
 30
0.0
 10
434.8560504232
 20
761.8183753001
 30
0.0
 10
434.8793527924
 20
761.8044048149
 30
0.0
  0
SPLINE
  5
B6B
100
AcDbEntity
  8
0
100
AcDbSpline
 62
7
  6
BYLAYER
 70
0
 71
3
 72
9
 73
5
 74
0
 42
0.0000001
 43
0.0000001
 44
0.0000000001
 40
0.0
 40
0.0
 40
0.0
 40
0.0
 40
0.5138017169
 40
1.0
 40
1.0
 40
1.0
 40
1.0
 10
435.3390329126
 20
756.5589990228
 30
0.0
 10
435.2888520218
 20
756.5153852335
 30
0.0
 10
435.170618638
 20
756.4459612239
 30
0.0
 10
435.0331277383
 20
756.4619704173
 30
0.0
 10
434.9743803155
 20
756.4844833678
 30
0.0
  0
SPLINE
  5
B6C
100
AcDbEntity
  8
0
100
AcDbSpline
 62
7
  6
BYLAYER
 70
0
 71
3
 72
8
 73
4
 74
0
 42
0.0000001
 43
0.0000001
 44
0.0000000001
 40
0.0
 40
0.0
 40
0.0
 40
0.0
 40
1.0
 40
1.0
 40
1.0
 40
1.0
 10
439.644259696
 20
607.76112413
 30
0.0
 10
439.6696299883
 20
607.7514018289
 30
0.0
 10
439.6941033048
 20
607.7391329729
 30
0.0
 10
439.717405674
 20
607.7251624877
 30
0.0
  0
SPLINE
  5
B6D
100
AcDbEntity
  8
0
100
AcDbSpline
 62
7
  6
BYLAYER
 70
0
 71
3
 72
9
 73
5
 74
0
 42
0.0000001
 43
0.0000001
 44
0.0000000001
 40
0.0
 40
0.0
 40
0.0
 40
0.0
 40
0.5138017169
 40
1.0
 40
1.0
 40
1.0
 40
1.0
 10
440.1770857942
 20
602.4797566956
 30
0.0
 10
440.1269049033
 20
602.4361429063
 30
0.0
 10
440.0086715195
 20
602.3667188968
 30
0.0
 10
439.8711806199
 20
602.3827280902
 30
0.0
 10
439.812433197
 20
602.4052410407
 30
0.0
  0
SPLINE
  5
B6E
100
AcDbEntity
  8
0
100
AcDbSpline
 62
7
  6
BYLAYER
 70
0
 71
3
 72
8
 73
4
 74
0
 42
0.0000001
 43
0.0000001
 44
0.0000000001
 40
0.0
 40
0.0
 40
0.0
 40
0.0
 40
1.0
 40
1.0
 40
1.0
 40
1.0
 10
442.8696282837
 20
505.0416292452
 30
0.0
 10
442.894998576
 20
505.0319069441
 30
0.0
 10
442.9194718925
 20
505.0196380882
 30
0.0
 10
442.9427742617
 20
505.005667603
 30
0.0
  0
SPLINE
  5
B6F
100
AcDbEntity
  8
0
100
AcDbSpline
 62
7
  6
BYLAYER
 70
0
 71
3
 72
9
 73
5
 74
0
 42
0.0000001
 43
0.0000001
 44
0.0000000001
 40
0.0
 40
0.0
 40
0.0
 40
0.0
 40
0.5138017169
 40
1.0
 40
1.0
 40
1.0
 40
1.0
 10
443.4024543819
 20
499.7602618109
 30
0.0
 10
443.3522734911
 20
499.7166480215
 30
0.0
 10
443.2340401072
 20
499.647224012
 30
0.0
 10
443.0965492076
 20
499.6632332054
 30
0.0
 10
443.0378017847
 20
499.6857461559
 30
0.0
  0
SPLINE
  5
B70
100
AcDbEntity
  8
0
100
AcDbSpline
 62
7
  6
BYLAYER
 70
0
 71
3
 72
13
 73
9
 74
0
 42
0.0000001
 43
0.0000001
 44
0.0000000001
 40
0.0
 40
0.0
 40
0.0
 40
0.0
 40
0.0832888294
 40
0.2009983586
 40
0.4997015445
 40
0.7985711109
 40
0.9164738557
 40
1.0
 40
1.0
 40
1.0
 40
1.0
 10
442.9339383425
 20
889.0266569788
 30
0.0
 10
442.8481140484
 20
889.0556952829
 30
0.0
 10
442.6319268903
 20
889.0964284533
 30
0.0
 10
442.0912065597
 20
889.150241555
 30
0.0
 10
441.3115457106
 20
889.1540797472
 30
0.0
 10
440.5334514266
 20
889.1015175516
 30
0.0
 10
439.9964846609
 20
889.0140280015
 30
0.0
 10
439.7827950891
 20
888.9598660863
 30
0.0
 10
439.6986647412
 20
888.9255446095
 30
0.0
  0
SPLINE
  5
B71
100
AcDbEntity
  8
0
100
AcDbSpline
 62
7
  6
BYLAYER
 70
0
 71
3
 72
8
 73
4
 74
0
 42
0.0000001
 43
0.0000001
 44
0.0000000001
 40
0.0
 40
0.0
 40
0.0
 40
0.0
 40
1.0
 40
1.0
 40
1.0
 40
1.0
 10
700.2966635819
 20
912.1492206013
 30
0.0
 10
700.3618427619
 20
912.1549289059
 30
0.0
 10
700.4299964364
 20
912.1456870216
 30
0.0
 10
700.4910903053
 20
912.1222680247
 30
0.0
  0
SPLINE
  5
B72
100
AcDbEntity
  8
0
100
AcDbSpline
 62
7
  6
BYLAYER
 70
0
 71
3
 72
9
 73
5
 74
0
 42
0.0000001
 43
0.0000001
 44
0.0000000001
 40
0.0
 40
0.0
 40
0.0
 40
0.0
 40
0.4913633149
 40
1.0
 40
1.0
 40
1.0
 40
1.0
 10
707.1099308255
 20
912.7459173528
 30
0.0
 10
707.0276254955
 20
912.7387091631
 30
0.0
 10
706.8619787424
 20
912.6756053079
 30
0.0
 10
706.7496881286
 20
912.5401724152
 30
0.0
 10
706.7118846612
 20
912.4634561215
 30
0.0
  0
SPLINE
  5
B73
100
AcDbEntity
  8
0
100
AcDbSpline
 62
7
  6
BYLAYER
 70
0
 71
3
 72
8
 73
4
 74
0
 42
0.0000001
 43
0.0000001
 44
0.0000000001
 40
0.0
 40
0.0
 40
0.0
 40
0.0
 40
1.0
 40
1.0
 40
1.0
 40
1.0
 10
706.5433830191
 20
912.2031485145
 30
0.0
 10
706.5916325614
 20
912.2471681544
 30
0.0
 10
706.6320100268
 20
912.3013628974
 30
0.0
 10
706.6608793833
 20
912.359948794
 30
0.0
  0
SPLINE
  5
B74
100
AcDbEntity
  8
0
100
AcDbSpline
 62
7
  6
BYLAYER
 70
0
 71
3
 72
13
 73
9
 74
0
 42
0.0000001
 43
0.0000001
 44
0.0000000001
 40
0.0
 40
0.0
 40
0.0
 40
0.0
 40
0.0832888294
 40
0.2009983586
 40
0.4997015445
 40
0.7985711109
 40
0.9164738557
 40
1.0
 40
1.0
 40
1.0
 40
1.0
 10
963.0542398133
 20
934.5780911484
 30
0.0
 10
962.9684155192
 20
934.6071294525
 30
0.0
 10
962.7522283611
 20
934.6478626228
 30
0.0
 10
962.2115080305
 20
934.7016757245
 30
0.0
 10
961.4318471814
 20
934.7055139167
 30
0.0
 10
960.6537528974
 20
934.6529517211
 30
0.0
 10
960.1167861317
 20
934.565462171
 30
0.0
 10
959.9030965599
 20
934.5113002559
 30
0.0
 10
959.818966212
 20
934.476978779
 30
0.0
  0
SPLINE
  5
B75
100
AcDbEntity
  8
0
100
AcDbSpline
 62
7
  6
BYLAYER
 70
0
 71
3
 72
11
 73
7
 74
0
 42
0.0000001
 43
0.0000001
 44
0.0000000001
 40
0.0
 40
0.0
 40
0.0
 40
0.0
 40
0.3897076315
 40
0.6997961312
 40
0.9048918149
 40
1.0
 40
1.0
 40
1.0
 40
1.0
 10
1109.7953029741
 20
946.6202396916
 30
0.0
 10
1109.8396796543
 20
946.6241261414
 30
0.0
 10
1109.9184340217
 20
946.6324668117
 30
0.0
 10
1110.0230108467
 20
946.6525465786
 30
0.0
 10
1110.0847792317
 20
946.6690329522
 30
0.0
 10
1110.1216297279
 20
946.6916562368
 30
0.0
 10
1110.1212886931
 20
946.7025224739
 30
0.0
  0
SPLINE
  5
B76
100
AcDbEntity
  8
0
100
AcDbSpline
 62
7
  6
BYLAYER
 70
0
 71
3
 72
13
 73
9
 74
0
 42
0.0000001
 43
0.0000001
 44
0.0000000001
 40
0.0
 40
0.0
 40
0.0
 40
0.0
 40
0.0832888294
 40
0.2009983586
 40
0.4997015445
 40
0.7985711109
 40
0.9164738557
 40
1.0
 40
1.0
 40
1.0
 40
1.0
 10
705.3369733188
 20
912.007560704
 30
0.0
 10
705.2511490246
 20
912.0365990081
 30
0.0
 10
705.0349618666
 20
912.0773321785
 30
0.0
 10
704.4942415359
 20
912.1311452802
 30
0.0
 10
703.7145806869
 20
912.1349834724
 30
0.0
 10
702.9364864029
 20
912.0824212768
 30
0.0
 10
702.3995196371
 20
911.9949317266
 30
0.0
 10
702.1858300654
 20
911.9407698115
 30
0.0
 10
702.1016997175
 20
911.9064483347
 30
0.0
  0
SPLINE
  5
B77
100
AcDbEntity
  8
0
100
AcDbSpline
 62
3
  6
BYLAYER
 70
0
 71
3
 72
13
 73
9
 74
0
 42
0.0000001
 43
0.0000001
 44
0.0000000001
 40
0.0
 40
0.0
 40
0.0
 40
0.0
 40
0.3883114251
 40
0.6973442549
 40
0.8137787485
 40
0.9020262586
 40
0.9621701724
 40
1.0
 40
1.0
 40
1.0
 40
1.0
 10
442.2486575605
 20
477.6133982344
 30
0.0
 10
442.0711648413
 20
477.5978536615
 30
0.0
 10
441.7530673786
 20
477.5623202929
 30
0.0
 10
441.3848699616
 20
477.4964002094
 30
0.0
 10
441.15765627
 20
477.4329400295
 30
0.0
 10
441.0445897316
 20
477.3870780329
 30
0.0
 10
440.9706505638
 20
477.3443149299
 30
0.0
 10
440.9441732589
 20
477.3016164238
 30
0.0
 10
440.944717506
 20
477.2842671892
 30
0.0
  0
SPLINE
  5
B78
100
AcDbEntity
  8
0
100
AcDbSpline
 62
3
  6
BYLAYER
 70
0
 71
3
 72
13
 73
9
 74
0
 42
0.0000001
 43
0.0000001
 44
0.0000000001
 40
0.0
 40
0.0
 40
0.0
 40
0.0
 40
0.0928914182
 40
0.2114816749
 40
0.4974668649
 40
0.7848984337
 40
0.9051352637
 40
1.0
 40
1.0
 40
1.0
 40
1.0
 10
432.0171121257
 20
860.3267812819
 30
0.0
 10
431.9518635292
 20
860.40329612
 30
0.0
 10
431.8352193856
 20
860.6036801007
 30
0.0
 10
431.6475702455
 20
861.1094273892
 30
0.0
 10
431.5183116806
 20
861.8529897101
 30
0.0
 10
431.5116632231
 20
862.609221407
 30
0.0
 10
431.6042433147
 20
863.1462365876
 30
0.0
 10
431.682199417
 20
863.3685488148
 30
0.0
 10
431.7321102535
 20
863.4582984176
 30
0.0
  0
SPLINE
  5
B79
100
AcDbEntity
  8
0
100
AcDbSpline
 62
3
  6
BYLAYER
 70
0
 71
3
 72
13
 73
9
 74
0
 42
0.0000001
 43
0.0000001
 44
0.0000000001
 40
0.0
 40
0.0
 40
0.0
 40
0.0
 40
0.0928914182
 40
0.2114816749
 40
0.4974668649
 40
0.7848984337
 40
0.9051352637
 40
1.0
 40
1.0
 40
1.0
 40
1.0
 10
435.2424807134
 20
757.6072863971
 30
0.0
 10
435.1772321169
 20
757.6838012352
 30
0.0
 10
435.0605879733
 20
757.8841852159
 30
0.0
 10
434.8729388332
 20
758.3899325044
 30
0.0
 10
434.7436802683
 20
759.1334948253
 30
0.0
 10
434.7370318108
 20
759.8897265222
 30
0.0
 10
434.8296119025
 20
760.4267417028
 30
0.0
 10
434.9075680047
 20
760.64905393
 30
0.0
 10
434.9574788412
 20
760.7388035328
 30
0.0
  0
SPLINE
  5
B7A
100
AcDbEntity
  8
0
100
AcDbSpline
 62
3
  6
BYLAYER
 70
0
 71
3
 72
13
 73
9
 74
0
 42
0.0000001
 43
0.0000001
 44
0.0000000001
 40
0.0
 40
0.0
 40
0.0
 40
0.0
 40
0.0928914182
 40
0.2114816749
 40
0.4974668649
 40
0.7848984337
 40
0.9051352637
 40
1.0
 40
1.0
 40
1.0
 40
1.0
 10
440.0805335949
 20
603.52804407
 30
0.0
 10
440.0152849985
 20
603.604558908
 30
0.0
 10
439.8986408549
 20
603.8049428888
 30
0.0
 10
439.7109917147
 20
604.3106901773
 30
0.0
 10
439.5817331499
 20
605.0542524982
 30
0.0
 10
439.5750846924
 20
605.8104841951
 30
0.0
 10
439.667664784
 20
606.3474993756
 30
0.0
 10
439.7456208863
 20
606.5698116029
 30
0.0
 10
439.7955317228
 20
606.6595612057
 30
0.0
  0
SPLINE
  5
B7B
100
AcDbEntity
  8
0
100
AcDbSpline
 62
3
  6
BYLAYER
 70
0
 71
3
 72
13
 73
9
 74
0
 42
0.0000001
 43
0.0000001
 44
0.0000000001
 40
0.0
 40
0.0
 40
0.0
 40
0.0
 40
0.0928914182
 40
0.2114816749
 40
0.4974668649
 40
0.7848984337
 40
0.9051352637
 40
1.0
 40
1.0
 40
1.0
 40
1.0
 10
443.3059021827
 20
500.8085491852
 30
0.0
 10
443.2406535862
 20
500.8850640233
 30
0.0
 10
443.1240094426
 20
501.085448004
 30
0.0
 10
442.9363603024
 20
501.5911952925
 30
0.0
 10
442.8071017376
 20
502.3347576134
 30
0.0
 10
442.8004532801
 20
503.0909893103
 30
0.0
 10
442.8930333717
 20
503.6280044909
 30
0.0
 10
442.970989474
 20
503.8503167181
 30
0.0
 10
443.0209003105
 20
503.9400663209
 30
0.0
  0
SPLINE
  5
B7C
100
AcDbEntity
  8
0
100
AcDbSpline
 62
3
  6
BYLAYER
 70
0
 71
3
 72
9
 73
5
 74
0
 42
0.0000001
 43
0.0000001
 44
0.0000000001
 40
0.0
 40
0.0
 40
0.0
 40
0.0
 40
0.3705553842
 40
1.0
 40
1.0
 40
1.0
 40
1.0
 10
440.944717506
 20
477.2842671892
 30
0.0
 10
440.9453610782
 20
477.2637517212
 30
0.0
 10
440.9861951136
 20
477.2154208014
 30
0.0
 10
441.0368647055
 20
477.1953627721
 30
0.0
 10
441.0694217709
 20
477.1828863848
 30
0.0
  0
SPLINE
  5
B7D
100
AcDbEntity
  8
5_ALL_CURVES
100
AcDbSpline
 62
5
  6
BYLAYER
 70
0
 71
3
 72
8
 73
4
 74
0
 42
0.0000001
 43
0.0000001
 44
0.0000000001
 40
0.0
 40
0.0
 40
0.0
 40
0.0
 40
1.0
 40
1.0
 40
1.0
 40
1.0
 10
706.9684489014
 20
405.4995759894
 30
0.0
 10
708.4023882005
 20
401.3570900385
 30
0.0
 10
709.0795239867
 20
397.8120739009
 30
0.0
 10
709.0317287578
 20
394.824836652
 30
0.0
  0
SPLINE
  5
B7E
100
AcDbEntity
  8
5_ALL_CURVES
100
AcDbSpline
 62
5
  6
BYLAYER
 70
0
 71
3
 72
8
 73
4
 74
0
 42
0.0000001
 43
0.0000001
 44
0.0000000001
 40
0.0
 40
0.0
 40
0.0
 40
0.0
 40
1.0
 40
1.0
 40
1.0
 40
1.0
 10
709.0317287578
 20
394.824836652
 30
0.0
 10
708.920199492
 20
387.8541748623
 30
0.0
 10
706.4506402397
 20
381.9590971165
 30
0.0
 10
701.6310149959
 20
377.1394718728
 30
0.0
  0
SPLINE
  5
B7F
100
AcDbEntity
  8
5_ALL_CURVES
100
AcDbSpline
 62
5
  6
BYLAYER
 70
0
 71
3
 72
8
 73
4
 74
0
 42
0.0000001
 43
0.0000001
 44
0.0000000001
 40
0.0
 40
0.0
 40
0.0
 40
0.0
 40
1.0
 40
1.0
 40
1.0
 40
1.0
 10
701.6310149959
 20
377.1394718728
 30
0.0
 10
697.3690314003
 20
372.8774882772
 30
0.0
 10
692.4299128951
 20
370.4079299015
 30
0.0
 10
686.7772252565
 20
369.6653515514
 30
0.0
  0
SPLINE
  5
B80
100
AcDbEntity
  8
5_ALL_CURVES
100
AcDbSpline
 62
5
  6
BYLAYER
 70
0
 71
3
 72
8
 73
4
 74
0
 42
0.0000001
 43
0.0000001
 44
0.0000000001
 40
0.0
 40
0.0
 40
0.0
 40
0.0
 40
1.0
 40
1.0
 40
1.0
 40
1.0
 10
686.7772252565
 20
369.6653515514
 30
0.0
 10
677.5727243933
 20
368.4561810641
 30
0.0
 10
668.2122956066
 20
372.6384995631
 30
0.0
 10
658.6925418869
 20
382.1582532828
 30
0.0
  0
SPLINE
  5
B81
100
AcDbEntity
  8
5_ALL_CURVES
100
AcDbSpline
 62
5
  6
BYLAYER
 70
0
 71
3
 72
8
 73
4
 74
0
 42
0.0000001
 43
0.0000001
 44
0.0000000001
 40
0.0
 40
0.0
 40
0.0
 40
0.0
 40
1.0
 40
1.0
 40
1.0
 40
1.0
 10
658.6925418869
 20
382.1582532828
 30
0.0
 10
651.6025166248
 20
389.2482785449
 30
0.0
 10
647.6990163197
 20
396.7366222758
 30
0.0
 10
646.902384642
 20
404.7029443116
 30
0.0
  0
SPLINE
  5
B82
100
AcDbEntity
  8
5_ALL_CURVES
100
AcDbSpline
 62
5
  6
BYLAYER
 70
0
 71
3
 72
8
 73
4
 74
0
 42
0.0000001
 43
0.0000001
 44
0.0000000001
 40
0.0
 40
0.0
 40
0.0
 40
0.0
 40
1.0
 40
1.0
 40
1.0
 40
1.0
 10
646.902384642
 20
404.7029443116
 30
0.0
 10
646.1057529645
 20
412.6692663477
 30
0.0
 10
648.5753113405
 20
419.5203015805
 30
0.0
 10
654.3907283729
 20
425.3357186129
 30
0.0
  0
SPLINE
  5
B83
100
AcDbEntity
  8
5_ALL_CURVES
100
AcDbSpline
 62
5
  6
BYLAYER
 70
0
 71
3
 72
8
 73
4
 74
0
 42
0.0000001
 43
0.0000001
 44
0.0000000001
 40
0.0
 40
0.0
 40
0.0
 40
0.0
 40
1.0
 40
1.0
 40
1.0
 40
1.0
 10
654.3907283729
 20
425.3357186129
 30
0.0
 10
659.0908550954
 20
430.0358453353
 30
0.0
 10
664.4681272475
 20
432.2265837637
 30
0.0
 10
670.4011833131
 20
431.84132191
 30
0.0
  0
SPLINE
  5
B84
100
AcDbEntity
  8
5_ALL_CURVES
100
AcDbSpline
 62
5
  6
BYLAYER
 70
0
 71
3
 72
8
 73
4
 74
0
 42
0.0000001
 43
0.0000001
 44
0.0000000001
 40
0.0
 40
0.0
 40
0.0
 40
0.0
 40
1.0
 40
1.0
 40
1.0
 40
1.0
 10
670.4011833131
 20
431.84132191
 30
0.0
 10
673.6692258416
 20
431.6291121975
 30
0.0
 10
677.6922176545
 20
430.3943303796
 30
0.0
 10
682.5118393919
 20
428.2035919509
 30
0.0
  0
SPLINE
  5
B85
100
AcDbEntity
  8
5_ALL_CURVES
100
AcDbSpline
 62
5
  6
BYLAYER
 70
0
 71
3
 72
8
 73
4
 74
0
 42
0.0000001
 43
0.0000001
 44
0.0000000001
 40
0.0
 40
0.0
 40
0.0
 40
0.0
 40
1.0
 40
1.0
 40
1.0
 40
1.0
 10
683.4279713438
 20
439.7149274947
 30
0.0
 10
679.6837977251
 20
441.8658342515
 30
0.0
 10
675.1429976888
 20
442.9014542051
 30
0.0
 10
669.8857447561
 20
442.8557388921
 30
0.0
  0
SPLINE
  5
B86
100
AcDbEntity
  8
5_ALL_CURVES
100
AcDbSpline
 62
5
  6
BYLAYER
 70
0
 71
3
 72
8
 73
4
 74
0
 42
0.0000001
 43
0.0000001
 44
0.0000000001
 40
0.0
 40
0.0
 40
0.0
 40
0.0
 40
1.0
 40
1.0
 40
1.0
 40
1.0
 10
669.8857447561
 20
442.8557388921
 30
0.0
 10
661.4010920454
 20
442.7819591905
 30
0.0
 10
653.6339266136
 20
439.2369509425
 30
0.0
 10
646.5837312699
 20
432.1867555988
 30
0.0
  0
SPLINE
  5
B87
100
AcDbEntity
  8
5_ALL_CURVES
100
AcDbSpline
 62
5
  6
BYLAYER
 70
0
 71
3
 72
8
 73
4
 74
0
 42
0.0000001
 43
0.0000001
 44
0.0000000001
 40
0.0
 40
0.0
 40
0.0
 40
0.0
 40
1.0
 40
1.0
 40
1.0
 40
1.0
 10
646.5837312699
 20
432.1867555988
 30
0.0
 10
638.3784192046
 20
423.9814435335
 30
0.0
 10
634.7537441072
 20
414.3023613744
 30
0.0
 10
635.6300402623
 20
403.2291760608
 30
0.0
  0
SPLINE
  5
B88
100
AcDbEntity
  8
5_ALL_CURVES
100
AcDbSpline
 62
5
  6
BYLAYER
 70
0
 71
3
 72
8
 73
4
 74
0
 42
0.0000001
 43
0.0000001
 44
0.0000000001
 40
0.0
 40
0.0
 40
0.0
 40
0.0
 40
1.0
 40
1.0
 40
1.0
 40
1.0
 10
635.6300402623
 20
403.2291760608
 30
0.0
 10
636.5063367783
 20
392.1559861845
 30
0.0
 10
641.8039390126
 20
381.7599378822
 30
0.0
 10
651.52285109
 20
372.0410258048
 30
0.0
  0
SPLINE
  5
B89
100
AcDbEntity
  8
5_ALL_CURVES
100
AcDbSpline
 62
5
  6
BYLAYER
 70
0
 71
3
 72
8
 73
4
 74
0
 42
0.0000001
 43
0.0000001
 44
0.0000000001
 40
0.0
 40
0.0
 40
0.0
 40
0.0
 40
1.0
 40
1.0
 40
1.0
 40
1.0
 10
651.52285109
 20
372.0410258048
 30
0.0
 10
657.5772563982
 20
365.9866204966
 30
0.0
 10
664.5477879605
 20
361.804301559
 30
0.0
 10
672.4309564946
 20
359.4822425484
 30
0.0
  0
SPLINE
  5
B8A
100
AcDbEntity
  8
5_ALL_CURVES
100
AcDbSpline
 62
5
  6
BYLAYER
 70
0
 71
3
 72
8
 73
4
 74
0
 42
0.0000001
 43
0.0000001
 44
0.0000000001
 40
0.0
 40
0.0
 40
0.0
 40
0.0
 40
1.0
 40
1.0
 40
1.0
 40
1.0
 10
672.4309564946
 20
359.4822425484
 30
0.0
 10
685.7780340474
 20
355.5507394271
 30
0.0
 10
697.9266737062
 20
359.0957520579
 30
0.0
 10
708.9600309447
 20
370.1291092964
 30
0.0
  0
SPLINE
  5
B8B
100
AcDbEntity
  8
5_ALL_CURVES
100
AcDbSpline
 62
5
  6
BYLAYER
 70
0
 71
3
 72
8
 73
4
 74
0
 42
0.0000001
 43
0.0000001
 44
0.0000000001
 40
0.0
 40
0.0
 40
0.0
 40
0.0
 40
1.0
 40
1.0
 40
1.0
 40
1.0
 10
708.9600309447
 20
370.1291092964
 30
0.0
 10
715.3330878721
 20
376.5021662238
 30
0.0
 10
718.9577621205
 20
383.3930322242
 30
0.0
 10
719.8041133911
 20
390.8050193676
 30
0.0
  0
SPLINE
  5
B8C
100
AcDbEntity
  8
5_ALL_CURVES
100
AcDbSpline
 62
5
  6
BYLAYER
 70
0
 71
3
 72
8
 73
4
 74
0
 42
0.0000001
 43
0.0000001
 44
0.0000000001
 40
0.0
 40
0.0
 40
0.0
 40
0.0
 40
1.0
 40
1.0
 40
1.0
 40
1.0
 10
719.8041133911
 20
390.8050193676
 30
0.0
 10
720.272204843
 20
394.9043666996
 30
0.0
 10
719.7942256613
 20
399.684159395
 30
0.0
 10
718.3602876772
 20
405.2605842066
 30
0.0
  0
SPLINE
  5
B8D
100
AcDbEntity
  8
5_ALL_CURVES
100
AcDbSpline
 62
5
  6
BYLAYER
 70
0
 71
3
 72
8
 73
4
 74
0
 42
0.0000001
 43
0.0000001
 44
0.0000000001
 40
0.0
 40
0.0
 40
0.0
 40
0.0
 40
1.0
 40
1.0
 40
1.0
 40
1.0
 10
757.1562779039
 20
463.4943985883
 30
0.0
 10
751.0620409239
 20
469.5886355683
 30
0.0
 10
744.2906707876
 20
472.7751622787
 30
0.0
 10
736.8801673139
 20
473.1337355363
 30
0.0
  0
SPLINE
  5
B8E
100
AcDbEntity
  8
5_ALL_CURVES
100
AcDbSpline
 62
5
  6
BYLAYER
 70
0
 71
3
 72
8
 73
4
 74
0
 42
0.0000001
 43
0.0000001
 44
0.0000000001
 40
0.0
 40
0.0
 40
0.0
 40
0.0
 40
1.0
 40
1.0
 40
1.0
 40
1.0
 10
736.8801673139
 20
473.1337355363
 30
0.0
 10
729.4733100122
 20
473.4921323662
 30
0.0
 10
722.9807580698
 20
470.9030772227
 30
0.0
 10
717.4441592316
 20
465.3664783845
 30
0.0
  0
SPLINE
  5
B8F
100
AcDbEntity
  8
5_ALL_CURVES
100
AcDbSpline
 62
5
  6
BYLAYER
 70
0
 71
3
 72
8
 73
4
 74
0
 42
0.0000001
 43
0.0000001
 44
0.0000000001
 40
0.0
 40
0.0
 40
0.0
 40
0.0
 40
1.0
 40
1.0
 40
1.0
 40
1.0
 10
717.4441592316
 20
465.3664783845
 30
0.0
 10
711.9872307495
 20
459.9095499023
 30
0.0
 10
709.5176706205
 20
453.4568296315
 30
0.0
 10
709.9534695196
 20
446.0878491466
 30
0.0
  0
SPLINE
  5
B90
100
AcDbEntity
  8
5_ALL_CURVES
100
AcDbSpline
 62
5
  6
BYLAYER
 70
0
 71
3
 72
8
 73
4
 74
0
 42
0.0000001
 43
0.0000001
 44
0.0000000001
 40
0.0
 40
0.0
 40
0.0
 40
0.0
 40
1.0
 40
1.0
 40
1.0
 40
1.0
 10
709.9534695196
 20
446.0878491466
 30
0.0
 10
710.3939638879
 20
438.639472363
 30
0.0
 10
713.7398207911
 20
431.8680987201
 30
0.0
 10
719.8738894427
 20
425.7340300685
 30
0.0
  0
SPLINE
  5
B91
100
AcDbEntity
  8
5_ALL_CURVES
100
AcDbSpline
 62
5
  6
BYLAYER
 70
0
 71
3
 72
8
 73
4
 74
0
 42
0.0000001
 43
0.0000001
 44
0.0000000001
 40
0.0
 40
0.0
 40
0.0
 40
0.0
 40
1.0
 40
1.0
 40
1.0
 40
1.0
 10
719.8738894427
 20
425.7340300685
 30
0.0
 10
726.2469463701
 20
419.3609731411
 30
0.0
 10
733.177644946
 20
415.8557913049
 30
0.0
 10
740.586328985
 20
415.2981505777
 30
0.0
  0
SPLINE
  5
B92
100
AcDbEntity
  8
5_ALL_CURVES
100
AcDbSpline
 62
5
  6
BYLAYER
 70
0
 71
3
 72
8
 73
4
 74
0
 42
0.0000001
 43
0.0000001
 44
0.0000000001
 40
0.0
 40
0.0
 40
0.0
 40
0.0
 40
1.0
 40
1.0
 40
1.0
 40
1.0
 10
740.586328985
 20
415.2981505777
 30
0.0
 10
747.9950069266
 20
414.7405103094
 30
0.0
 10
754.447727526
 20
417.2100701098
 30
0.0
 10
759.9444841731
 20
422.7068267568
 30
0.0
  0
SPLINE
  5
B93
100
AcDbEntity
  8
5_ALL_CURVES
100
AcDbSpline
 62
5
  6
BYLAYER
 70
0
 71
3
 72
8
 73
4
 74
0
 42
0.0000001
 43
0.0000001
 44
0.0000000001
 40
0.0
 40
0.0
 40
0.0
 40
0.0
 40
1.0
 40
1.0
 40
1.0
 40
1.0
 10
759.9444841731
 20
422.7068267568
 30
0.0
 10
765.6802378624
 20
428.4425804461
 30
0.0
 10
768.3489559657
 20
435.0147961148
 30
0.0
 10
767.8498172323
 20
442.4220207179
 30
0.0
  0
SPLINE
  5
B94
100
AcDbEntity
  8
5_ALL_CURVES
100
AcDbSpline
 62
5
  6
BYLAYER
 70
0
 71
3
 72
8
 73
4
 74
0
 42
0.0000001
 43
0.0000001
 44
0.0000000001
 40
0.0
 40
0.0
 40
0.0
 40
0.0
 40
1.0
 40
1.0
 40
1.0
 40
1.0
 10
767.8498172323
 20
442.4220207179
 30
0.0
 10
767.3531665333
 20
449.7923228629
 30
0.0
 10
763.8081565321
 20
456.84251996
 30
0.0
 10
757.1562779039
 20
463.4943985883
 30
0.0
  0
SPLINE
  5
B95
100
AcDbEntity
  8
5_ALL_CURVES
100
AcDbSpline
 62
5
  6
BYLAYER
 70
0
 71
3
 72
8
 73
4
 74
0
 42
0.0000001
 43
0.0000001
 44
0.0000000001
 40
0.0
 40
0.0
 40
0.0
 40
0.0
 40
1.0
 40
1.0
 40
1.0
 40
1.0
 10
750.464562344
 20
455.8467264176
 30
0.0
 10
755.2841875878
 20
451.0271011739
 30
0.0
 10
758.0724019659
 20
446.2473102317
 30
0.0
 10
758.8057739269
 20
441.5497677731
 30
0.0
  0
SPLINE
  5
B96
100
AcDbEntity
  8
5_ALL_CURVES
100
AcDbSpline
 62
5
  6
BYLAYER
 70
0
 71
3
 72
8
 73
4
 74
0
 42
0.0000001
 43
0.0000001
 44
0.0000000001
 40
0.0
 40
0.0
 40
0.0
 40
0.0
 40
1.0
 40
1.0
 40
1.0
 40
1.0
 10
758.8057739269
 20
441.5497677731
 30
0.0
 10
759.54617206
 20
436.8072198551
 30
0.0
 10
758.1520648707
 20
432.7045633843
 30
0.0
 10
754.6867129529
 20
429.2392114664
 30
0.0
  0
SPLINE
  5
B97
100
AcDbEntity
  8
5_ALL_CURVES
100
AcDbSpline
 62
5
  6
BYLAYER
 70
0
 71
3
 72
8
 73
4
 74
0
 42
0.0000001
 43
0.0000001
 44
0.0000000001
 40
0.0
 40
0.0
 40
0.0
 40
0.0
 40
1.0
 40
1.0
 40
1.0
 40
1.0
 10
754.6867129529
 20
429.2392114664
 30
0.0
 10
750.8628794978
 20
425.4153780113
 30
0.0
 10
746.561064669
 20
423.742449121
 30
0.0
 10
741.8190310387
 20
424.3226980512
 30
0.0
  0
SPLINE
  5
B98
100
AcDbEntity
  8
5_ALL_CURVES
100
AcDbSpline
 62
5
  6
BYLAYER
 70
0
 71
3
 72
8
 73
4
 74
0
 42
0.0000001
 43
0.0000001
 44
0.0000000001
 40
0.0
 40
0.0
 40
0.0
 40
0.0
 40
1.0
 40
1.0
 40
1.0
 40
1.0
 10
741.8190310387
 20
424.3226980512
 30
0.0
 10
737.1209742923
 20
424.8975658426
 30
0.0
 10
732.3013551853
 20
427.6459520559
 30
0.0
 10
727.44189827
 20
432.5054089712
 30
0.0
  0
SPLINE
  5
B99
100
AcDbEntity
  8
5_ALL_CURVES
100
AcDbSpline
 62
5
  6
BYLAYER
 70
0
 71
3
 72
8
 73
4
 74
0
 42
0.0000001
 43
0.0000001
 44
0.0000000001
 40
0.0
 40
0.0
 40
0.0
 40
0.0
 40
1.0
 40
1.0
 40
1.0
 40
1.0
 10
727.44189827
 20
432.5054089712
 30
0.0
 10
722.4231164216
 20
437.5241908195
 30
0.0
 10
719.5552378235
 20
442.3836459816
 30
0.0
 10
718.8442349581
 20
447.1981403679
 30
0.0
  0
SPLINE
  5
B9A
100
AcDbEntity
  8
5_ALL_CURVES
100
AcDbSpline
 62
5
  6
BYLAYER
 70
0
 71
3
 72
8
 73
4
 74
0
 42
0.0000001
 43
0.0000001
 44
0.0000000001
 40
0.0
 40
0.0
 40
0.0
 40
0.0
 40
1.0
 40
1.0
 40
1.0
 40
1.0
 10
718.8442349581
 20
447.1981403679
 30
0.0
 10
718.1611293194
 20
451.8237310981
 30
0.0
 10
719.5552343172
 20
455.926389761
 30
0.0
 10
723.140077743
 20
459.5112331869
 30
0.0
  0
SPLINE
  5
B9B
100
AcDbEntity
  8
5_ALL_CURVES
100
AcDbSpline
 62
5
  6
BYLAYER
 70
0
 71
3
 72
8
 73
4
 74
0
 42
0.0000001
 43
0.0000001
 44
0.0000000001
 40
0.0
 40
0.0
 40
0.0
 40
0.0
 40
1.0
 40
1.0
 40
1.0
 40
1.0
 10
723.140077743
 20
459.5112331869
 30
0.0
 10
726.685093004
 20
463.0562484478
 30
0.0
 10
730.747919995
 20
464.649511803
 30
0.0
 10
735.2037127153
 20
464.2719024476
 30
0.0
  0
SPLINE
  5
B9C
100
AcDbEntity
  8
5_ALL_CURVES
100
AcDbSpline
 62
5
  6
BYLAYER
 70
0
 71
3
 72
8
 73
4
 74
0
 42
0.0000001
 43
0.0000001
 44
0.0000000001
 40
0.0
 40
0.0
 40
0.0
 40
0.0
 40
1.0
 40
1.0
 40
1.0
 40
1.0
 10
735.2037127153
 20
464.2719024476
 30
0.0
 10
740.1481787001
 20
463.8528801252
 30
0.0
 10
745.246622138
 20
461.0646666237
 30
0.0
 10
750.464562344
 20
455.8467264176
 30
0.0
  0
SPLINE
  5
B9D
100
AcDbEntity
  8
5_ALL_CURVES
100
AcDbSpline
 62
5
  6
BYLAYER
 70
0
 71
3
 72
8
 73
4
 74
0
 42
0.0000001
 43
0.0000001
 44
0.0000000001
 40
0.0
 40
0.0
 40
0.0
 40
0.0
 40
1.0
 40
1.0
 40
1.0
 40
1.0
 10
795.6336077447
 20
516.7890856979
 30
0.0
 10
791.6504476034
 20
520.7722458392
 30
0.0
 10
787.2689637334
 20
522.8434857463
 30
0.0
 10
782.5290085395
 20
523.0426438223
 30
0.0
  0
SPLINE
  5
B9E
100
AcDbEntity
  8
5_ALL_CURVES
100
AcDbSpline
 62
5
  6
BYLAYER
 70
0
 71
3
 72
8
 73
4
 74
0
 42
0.0000001
 43
0.0000001
 44
0.0000000001
 40
0.0
 40
0.0
 40
0.0
 40
0.0
 40
1.0
 40
1.0
 40
1.0
 40
1.0
 10
782.5290085395
 20
523.0426438223
 30
0.0
 10
777.7890399321
 20
523.2418024618
 30
0.0
 10
773.6067249394
 20
521.5290440923
 30
0.0
 10
770.0218815133
 20
517.9442006661
 30
0.0
  0
SPLINE
  5
B9F
100
AcDbEntity
  8
5_ALL_CURVES
100
AcDbSpline
 62
5
  6
BYLAYER
 70
0
 71
3
 72
8
 73
4
 74
0
 42
0.0000001
 43
0.0000001
 44
0.0000000001
 40
0.0
 40
0.0
 40
0.0
 40
0.0
 40
1.0
 40
1.0
 40
1.0
 40
1.0
 10
770.0218815133
 20
517.9442006661
 30
0.0
 10
765.0030979118
 20
512.9254170646
 30
0.0
 10
763.3700028853
 20
505.7955583776
 30
0.0
 10
765.1225929267
 20
496.5546281121
 30
0.0
  0
SPLINE
  5
BA0
100
AcDbEntity
  8
5_ALL_CURVES
100
AcDbSpline
 62
5
  6
BYLAYER
 70
0
 71
3
 72
8
 73
4
 74
0
 42
0.0000001
 43
0.0000001
 44
0.0000000001
 40
0.0
 40
0.0
 40
0.0
 40
0.0
 40
1.0
 40
1.0
 40
1.0
 40
1.0
 10
772.7702615904
 20
488.9069594484
 30
0.0
 10
769.8227231558
 20
491.854497883
 30
0.0
 10
768.3887864868
 20
495.2003547862
 30
0.0
 10
768.428621665
 20
498.9843600764
 30
0.0
  0
SPLINE
  5
BA1
100
AcDbEntity
  8
5_ALL_CURVES
100
AcDbSpline
 62
5
  6
BYLAYER
 70
0
 71
3
 72
8
 73
4
 74
0
 42
0.0000001
 43
0.0000001
 44
0.0000000001
 40
0.0
 40
0.0
 40
0.0
 40
0.0
 40
1.0
 40
1.0
 40
1.0
 40
1.0
 10
768.428621665
 20
498.9843600764
 30
0.0
 10
768.4684568432
 20
502.7683653666
 30
0.0
 10
769.9422181705
 20
506.1540469281
 30
0.0
 10
772.9295900298
 20
509.1414187874
 30
0.0
  0
SPLINE
  5
BA2
100
AcDbEntity
  8
5_ALL_CURVES
100
AcDbSpline
 62
5
  6
BYLAYER
 70
0
 71
3
 72
8
 73
4
 74
0
 42
0.0000001
 43
0.0000001
 44
0.0000000001
 40
0.0
 40
0.0
 40
0.0
 40
0.0
 40
1.0
 40
1.0
 40
1.0
 40
1.0
 10
772.9295900298
 20
509.1414187874
 30
0.0
 10
775.5186381606
 20
511.7304669183
 30
0.0
 10
778.3865150053
 20
512.925413558
 30
0.0
 10
781.5332170574
 20
512.7262622135
 30
0.0
  0
SPLINE
  5
BA3
100
AcDbEntity
  8
5_ALL_CURVES
100
AcDbSpline
 62
5
  6
BYLAYER
 70
0
 71
3
 72
8
 73
4
 74
0
 42
0.0000001
 43
0.0000001
 44
0.0000000001
 40
0.0
 40
0.0
 40
0.0
 40
0.0
 40
1.0
 40
1.0
 40
1.0
 40
1.0
 10
781.5332170574
 20
512.7262622135
 30
0.0
 10
784.6799191095
 20
512.5271108691
 30
0.0
 10
787.7867842302
 20
510.9338422538
 30
0.0
 10
790.8139860076
 20
507.9066404764
 30
0.0
  0
SPLINE
  5
BA4
100
AcDbEntity
  8
5_ALL_CURVES
100
AcDbSpline
 62
5
  6
BYLAYER
 70
0
 71
3
 72
8
 73
4
 74
0
 42
0.0000001
 43
0.0000001
 44
0.0000000001
 40
0.0
 40
0.0
 40
0.0
 40
0.0
 40
1.0
 40
1.0
 40
1.0
 40
1.0
 10
799.7760945722
 20
562.1174577848
 30
0.0
 10
797.8641778447
 20
564.0293745124
 30
0.0
 10
796.8285578911
 20
565.7023012107
 30
0.0
 10
796.7679365233
 20
567.1369191592
 30
0.0
  0
SPLINE
  5
BA5
100
AcDbEntity
  8
5_ALL_CURVES
100
AcDbSpline
 62
5
  6
BYLAYER
 70
0
 71
3
 72
8
 73
4
 74
0
 42
0.0000001
 43
0.0000001
 44
0.0000000001
 40
0.0
 40
0.0
 40
0.0
 40
0.0
 40
1.0
 40
1.0
 40
1.0
 40
1.0
 10
796.7679365233
 20
567.1369191592
 30
0.0
 10
796.7090558632
 20
568.5303428771
 30
0.0
 10
797.545520966
 20
570.1634343975
 30
0.0
 10
799.37778487
 20
571.9956983016
 30
0.0
  0
SPLINE
  5
BA6
100
AcDbEntity
  8
5_ALL_CURVES
100
AcDbSpline
 62
5
  6
BYLAYER
 70
0
 71
3
 72
8
 73
4
 74
0
 42
0.0000001
 43
0.0000001
 44
0.0000000001
 40
0.0
 40
0.0
 40
0.0
 40
0.0
 40
1.0
 40
1.0
 40
1.0
 40
1.0
 10
799.37778487
 20
571.9956983016
 30
0.0
 10
800.2540746311
 20
572.8719880626
 30
0.0
 10
801.3693544211
 20
573.8279411665
 30
0.0
 10
802.6439714172
 20
574.8635681333
 30
0.0
  0
SPLINE
  5
BA7
100
AcDbEntity
  8
5_ALL_CURVES
100
AcDbSpline
 62
5
  6
BYLAYER
 70
0
 71
3
 72
8
 73
4
 74
0
 42
0.0000001
 43
0.0000001
 44
0.0000000001
 40
0.0
 40
0.0
 40
0.0
 40
0.0
 40
1.0
 40
1.0
 40
1.0
 40
1.0
 10
796.9082177279
 20
580.5993218226
 30
0.0
 10
794.5581596263
 20
578.7272437796
 30
0.0
 10
792.686060544
 20
577.1737980697
 30
0.0
 10
791.3716259026
 20
575.8593634283
 30
0.0
  0
SPLINE
  5
BA8
100
AcDbEntity
  8
5_ALL_CURVES
100
AcDbSpline
 62
5
  6
BYLAYER
 70
0
 71
3
 72
8
 73
4
 74
0
 42
0.0000001
 43
0.0000001
 44
0.0000000001
 40
0.0
 40
0.0
 40
0.0
 40
0.0
 40
1.0
 40
1.0
 40
1.0
 40
1.0
 10
791.3716259026
 20
575.8593634283
 30
0.0
 10
787.7071121204
 20
572.1948496461
 30
0.0
 10
785.8748622423
 20
569.0083159227
 30
0.0
 10
785.7952025091
 20
566.3794395178
 30
0.0
  0
SPLINE
  5
BA9
100
AcDbEntity
  8
5_ALL_CURVES
100
AcDbSpline
 62
5
  6
BYLAYER
 70
0
 71
3
 72
8
 73
4
 74
0
 42
0.0000001
 43
0.0000001
 44
0.0000000001
 40
0.0
 40
0.0
 40
0.0
 40
0.0
 40
1.0
 40
1.0
 40
1.0
 40
1.0
 10
785.7952025091
 20
566.3794395178
 30
0.0
 10
785.7155425697
 20
563.7505563182
 30
0.0
 10
787.4681326111
 20
560.7233527874
 30
0.0
 10
790.8936493507
 20
557.2978360477
 30
0.0
  0
SPLINE
  5
BAA
100
AcDbEntity
  8
5_ALL_CURVES
100
AcDbSpline
 62
5
  6
BYLAYER
 70
0
 71
3
 72
8
 73
4
 74
0
 42
0.0000001
 43
0.0000001
 44
0.0000000001
 40
0.0
 40
0.0
 40
0.0
 40
0.0
 40
1.0
 40
1.0
 40
1.0
 40
1.0
 10
882.984309154
 20
609.7162141103
 30
0.0
 10
878.2841859381
 20
611.3891443152
 30
0.0
 10
874.5001946742
 20
612.3052832804
 30
0.0
 10
871.7115967861
 20
612.3659063952
 30
0.0
  0
SPLINE
  5
BAB
100
AcDbEntity
  8
5_ALL_CURVES
100
AcDbSpline
 62
5
  6
BYLAYER
 70
0
 71
3
 72
8
 73
4
 74
0
 42
0.0000001
 43
0.0000001
 44
0.0000000001
 40
0.0
 40
0.0
 40
0.0
 40
0.0
 40
1.0
 40
1.0
 40
1.0
 40
1.0
 10
871.7115967861
 20
612.3659063952
 30
0.0
 10
867.1711776297
 20
612.4646134732
 30
0.0
 10
863.1481823099
 20
610.7518480904
 30
0.0
 10
859.6429952139
 20
607.2466609944
 30
0.0
  0
SPLINE
  5
BAC
100
AcDbEntity
  8
5_ALL_CURVES
100
AcDbSpline
 62
5
  6
BYLAYER
 70
0
 71
3
 72
8
 73
4
 74
0
 42
0.0000001
 43
0.0000001
 44
0.0000000001
 40
0.0
 40
0.0
 40
0.0
 40
0.0
 40
1.0
 40
1.0
 40
1.0
 40
1.0
 10
859.6429952139
 20
607.2466609944
 30
0.0
 10
855.1420268491
 20
602.7456926296
 30
0.0
 10
853.4690966445
 20
597.1692656262
 30
0.0
 10
854.5843834475
 20
590.4775588327
 30
0.0
  0
SPLINE
  5
BAD
100
AcDbEntity
  8
5_ALL_CURVES
100
AcDbSpline
 62
5
  6
BYLAYER
 70
0
 71
3
 72
8
 73
4
 74
0
 42
0.0000001
 43
0.0000001
 44
0.0000000001
 40
0.0
 40
0.0
 40
0.0
 40
0.0
 40
1.0
 40
1.0
 40
1.0
 40
1.0
 10
854.5843834475
 20
590.4775588327
 30
0.0
 10
855.6996702507
 20
583.7858520396
 30
0.0
 10
859.3641805263
 20
577.3331317691
 30
0.0
 10
865.5779107678
 20
571.1194015276
 30
0.0
  0
SPLINE
  5
BAE
100
AcDbEntity
  8
5_ALL_CURVES
100
AcDbSpline
 62
5
  6
BYLAYER
 70
0
 71
3
 72
8
 73
4
 74
0
 42
0.0000001
 43
0.0000001
 44
0.0000000001
 40
0.0
 40
0.0
 40
0.0
 40
0.0
 40
1.0
 40
1.0
 40
1.0
 40
1.0
 10
865.5779107678
 20
571.1194015276
 30
0.0
 10
872.110295258
 20
564.5870170374
 30
0.0
 10
878.6426744884
 20
560.7631774456
 30
0.0
 10
885.1761726812
 20
559.6544617759
 30
0.0
  0
SPLINE
  5
BAF
100
AcDbEntity
  8
5_ALL_CURVES
100
AcDbSpline
 62
5
  6
BYLAYER
 70
0
 71
3
 72
8
 73
4
 74
0
 42
0.0000001
 43
0.0000001
 44
0.0000000001
 40
0.0
 40
0.0
 40
0.0
 40
0.0
 40
1.0
 40
1.0
 40
1.0
 40
1.0
 10
885.1761726812
 20
559.6544617759
 30
0.0
 10
891.7871027577
 20
558.5326061405
 30
0.0
 10
897.3635337061
 20
560.2852027566
 30
0.0
 10
901.9839935789
 20
564.9056626294
 30
0.0
  0
SPLINE
  5
BB0
100
AcDbEntity
  8
5_ALL_CURVES
100
AcDbSpline
 62
5
  6
BYLAYER
 70
0
 71
3
 72
8
 73
4
 74
0
 42
0.0000001
 43
0.0000001
 44
0.0000000001
 40
0.0
 40
0.0
 40
0.0
 40
0.0
 40
1.0
 40
1.0
 40
1.0
 40
1.0
 10
901.9839935789
 20
564.9056626294
 30
0.0
 10
905.5290158531
 20
568.4506849036
 30
0.0
 10
907.1621128077
 20
572.4736782952
 30
0.0
 10
906.9525607382
 20
577.0537885287
 30
0.0
  0
SPLINE
  5
BB1
100
AcDbEntity
  8
5_ALL_CURVES
100
AcDbSpline
 62
5
  6
BYLAYER
 70
0
 71
3
 72
8
 73
4
 74
0
 42
0.0000001
 43
0.0000001
 44
0.0000000001
 40
0.0
 40
0.0
 40
0.0
 40
0.0
 40
1.0
 40
1.0
 40
1.0
 40
1.0
 10
906.9525607382
 20
577.0537885287
 30
0.0
 10
906.8832857818
 20
578.5679083269
 30
0.0
 10
906.0468136663
 20
582.3519030975
 30
0.0
 10
904.334050913
 20
588.3664723513
 30
0.0
  0
SPLINE
  5
BB2
100
AcDbEntity
  8
5_ALL_CURVES
100
AcDbSpline
 62
5
  6
BYLAYER
 70
0
 71
3
 72
8
 73
4
 74
0
 42
0.0000001
 43
0.0000001
 44
0.0000000001
 40
0.0
 40
0.0
 40
0.0
 40
0.0
 40
1.0
 40
1.0
 40
1.0
 40
1.0
 10
893.5396863339
 20
599.1608369304
 30
0.0
 10
899.3152681881
 20
593.3852550762
 30
0.0
 10
902.1433352776
 20
587.928346757
 30
0.0
 10
902.077227429
 20
582.750075634
 30
0.0
  0
SPLINE
  5
BB3
100
AcDbEntity
  8
5_ALL_CURVES
100
AcDbSpline
 62
5
  6
BYLAYER
 70
0
 71
3
 72
8
 73
4
 74
0
 42
0.0000001
 43
0.0000001
 44
0.0000000001
 40
0.0
 40
0.0
 40
0.0
 40
0.0
 40
1.0
 40
1.0
 40
1.0
 40
1.0
 10
902.077227429
 20
582.750075634
 30
0.0
 10
902.023836318
 20
578.5679149019
 30
0.0
 10
900.6297225538
 20
575.1025577243
 30
0.0
 10
897.9211688887
 20
572.3940040592
 30
0.0
  0
SPLINE
  5
BB4
100
AcDbEntity
  8
5_ALL_CURVES
100
AcDbSpline
 62
5
  6
BYLAYER
 70
0
 71
3
 72
8
 73
4
 74
0
 42
0.0000001
 43
0.0000001
 44
0.0000000001
 40
0.0
 40
0.0
 40
0.0
 40
0.0
 40
1.0
 40
1.0
 40
1.0
 40
1.0
 10
897.9211688887
 20
572.3940040592
 30
0.0
 10
894.8541406996
 20
569.32697587
 30
0.0
 10
891.1896291092
 20
568.211686875
 30
0.0
 10
886.9276482104
 20
569.04815144
 30
0.0
  0
SPLINE
  5
BB5
100
AcDbEntity
  8
5_ALL_CURVES
100
AcDbSpline
 62
5
  6
BYLAYER
 70
0
 71
3
 72
8
 73
4
 74
0
 42
0.0000001
 43
0.0000001
 44
0.0000000001
 40
0.0
 40
0.0
 40
0.0
 40
0.0
 40
1.0
 40
1.0
 40
1.0
 40
1.0
 10
886.9276482104
 20
569.04815144
 30
0.0
 10
882.6656663015
 20
569.8846162033
 30
0.0
 10
878.2841990878
 20
572.5931742514
 30
0.0
 10
873.7035647499
 20
577.1738085893
 30
0.0
  0
SPLINE
  5
BB6
100
AcDbEntity
  8
5_ALL_CURVES
100
AcDbSpline
 62
5
  6
BYLAYER
 70
0
 71
3
 72
8
 73
4
 74
0
 42
0.0000001
 43
0.0000001
 44
0.0000000001
 40
0.0
 40
0.0
 40
0.0
 40
0.0
 40
1.0
 40
1.0
 40
1.0
 40
1.0
 10
873.7035647499
 20
577.1738085893
 30
0.0
 10
862.9490309654
 20
587.9283423737
 30
0.0
 10
860.7582890307
 20
596.651464416
 30
0.0
 10
867.0462735788
 20
603.4278373658
 30
0.0
  0
SPLINE
  5
BB7
100
AcDbEntity
  8
5_ALL_CURVES
100
AcDbSpline
 62
5
  6
BYLAYER
 70
0
 71
3
 72
8
 73
4
 74
0
 42
0.0000001
 43
0.0000001
 44
0.0000000001
 40
0.0
 40
0.0
 40
0.0
 40
0.0
 40
1.0
 40
1.0
 40
1.0
 40
1.0
 10
867.0462735788
 20
603.4278373658
 30
0.0
 10
868.9635923293
 20
605.4940744593
 30
0.0
 10
871.592486158
 20
606.7686914554
 30
0.0
 10
874.8171381961
 20
607.2968649525
 30
0.0
  0
SPLINE
  5
BB8
100
AcDbEntity
  8
5_ALL_CURVES
100
AcDbSpline
 62
5
  6
BYLAYER
 70
0
 71
3
 72
8
 73
4
 74
0
 42
0.0000001
 43
0.0000001
 44
0.0000000001
 40
0.0
 40
0.0
 40
0.0
 40
0.0
 40
1.0
 40
1.0
 40
1.0
 40
1.0
 10
874.8171381961
 20
607.2968649525
 30
0.0
 10
880.8334094104
 20
608.2822844545
 30
0.0
 10
887.0869643099
 20
605.6135589543
 30
0.0
 10
893.5396863339
 20
599.1608369304
 30
0.0
  0
SPLINE
  5
BB9
100
AcDbEntity
  8
5_ALL_CURVES
100
AcDbSpline
 62
5
  6
BYLAYER
 70
0
 71
3
 72
8
 73
4
 74
0
 42
0.0000001
 43
0.0000001
 44
0.0000000001
 40
0.0
 40
0.0
 40
0.0
 40
0.0
 40
1.0
 40
1.0
 40
1.0
 40
1.0
 10
945.7589288317
 20
655.3632430765
 30
0.0
 10
940.2621669251
 20
660.860004983
 30
0.0
 10
934.0484314238
 20
663.8075364043
 30
0.0
 10
927.1962891375
 20
664.1849050294
 30
0.0
  0
SPLINE
  5
BBA
100
AcDbEntity
  8
5_ALL_CURVES
100
AcDbSpline
 62
5
  6
BYLAYER
 70
0
 71
3
 72
8
 73
4
 74
0
 42
0.0000001
 43
0.0000001
 44
0.0000000001
 40
0.0
 40
0.0
 40
0.0
 40
0.0
 40
1.0
 40
1.0
 40
1.0
 40
1.0
 10
927.1962891375
 20
664.1849050294
 30
0.0
 10
920.3065327933
 20
664.5643451767
 30
0.0
 10
914.4114559242
 20
662.3337750771
 30
0.0
 10
909.4723426788
 20
657.3946618316
 30
0.0
  0
SPLINE
  5
BBB
100
AcDbEntity
  8
5_ALL_CURVES
100
AcDbSpline
 62
5
  6
BYLAYER
 70
0
 71
3
 72
8
 73
4
 74
0
 42
0.0000001
 43
0.0000001
 44
0.0000000001
 40
0.0
 40
0.0
 40
0.0
 40
0.0
 40
1.0
 40
1.0
 40
1.0
 40
1.0
 10
909.4723426788
 20
657.3946618316
 30
0.0
 10
904.0552353486
 20
651.9775545014
 30
0.0
 10
901.6653385627
 20
645.6044975737
 30
0.0
 10
902.2414600759
 20
638.3136661305
 30
0.0
  0
SPLINE
  5
BBC
100
AcDbEntity
  8
5_ALL_CURVES
100
AcDbSpline
 62
5
  6
BYLAYER
 70
0
 71
3
 72
8
 73
4
 74
0
 42
0.0000001
 43
0.0000001
 44
0.0000000001
 40
0.0
 40
0.0
 40
0.0
 40
0.0
 40
1.0
 40
1.0
 40
1.0
 40
1.0
 10
902.2414600759
 20
638.3136661305
 30
0.0
 10
902.8204675575
 20
630.9863126894
 30
0.0
 10
906.2459772839
 20
624.2149285267
 30
0.0
 10
912.5393708685
 20
617.9215349421
 30
0.0
  0
SPLINE
  5
BBD
100
AcDbEntity
  8
5_ALL_CURVES
100
AcDbSpline
 62
5
  6
BYLAYER
 70
0
 71
3
 72
8
 73
4
 74
0
 42
0.0000001
 43
0.0000001
 44
0.0000000001
 40
0.0
 40
0.0
 40
0.0
 40
0.0
 40
1.0
 40
1.0
 40
1.0
 40
1.0
 10
912.5393708685
 20
617.9215349421
 30
0.0
 10
918.9124286725
 20
611.5484771381
 30
0.0
 10
925.683808452
 20
608.0433014385
 30
0.0
 10
932.8897161166
 20
607.4063152693
 30
0.0
  0
SPLINE
  5
BBE
100
AcDbEntity
  8
5_ALL_CURVES
100
AcDbSpline
 62
5
  6
BYLAYER
 70
0
 71
3
 72
8
 73
4
 74
0
 42
0.0000001
 43
0.0000001
 44
0.0000000001
 40
0.0
 40
0.0
 40
0.0
 40
0.0
 40
1.0
 40
1.0
 40
1.0
 40
1.0
 10
932.8897161166
 20
607.4063152693
 30
0.0
 10
940.1028501559
 20
606.768690305
 30
0.0
 10
946.3962406171
 20
609.1585832009
 30
0.0
 10
951.733677591
 20
614.4960201747
 30
0.0
  0
SPLINE
  5
BBF
100
AcDbEntity
  8
5_ALL_CURVES
100
AcDbSpline
 62
5
  6
BYLAYER
 70
0
 71
3
 72
8
 73
4
 74
0
 42
0.0000001
 43
0.0000001
 44
0.0000000001
 40
0.0
 40
0.0
 40
0.0
 40
0.0
 40
1.0
 40
1.0
 40
1.0
 40
1.0
 10
951.733677591
 20
614.4960201747
 30
0.0
 10
956.7126260146
 20
619.4749685983
 30
0.0
 10
959.2618626915
 20
625.3700603156
 30
0.0
 10
959.3167888727
 20
632.1811048191
 30
0.0
  0
SPLINE
  5
BC0
100
AcDbEntity
  8
5_ALL_CURVES
100
AcDbSpline
 62
5
  6
BYLAYER
 70
0
 71
3
 72
8
 73
4
 74
0
 42
0.0000001
 43
0.0000001
 44
0.0000000001
 40
0.0
 40
0.0
 40
0.0
 40
0.0
 40
1.0
 40
1.0
 40
1.0
 40
1.0
 10
959.3167888727
 20
632.1811048191
 30
0.0
 10
959.341523569
 20
635.2482962847
 30
0.0
 10
958.5847112897
 20
638.8729608622
 30
0.0
 10
957.0312804827
 20
642.9756186482
 30
0.0
  0
SPLINE
  5
BC1
100
AcDbEntity
  8
5_ALL_CURVES
100
AcDbSpline
 62
5
  6
BYLAYER
 70
0
 71
3
 72
8
 73
4
 74
0
 42
0.0000001
 43
0.0000001
 44
0.0000000001
 40
0.0
 40
0.0
 40
0.0
 40
0.0
 40
1.0
 40
1.0
 40
1.0
 40
1.0
 10
948.8657886924
 20
640.2272254217
 30
0.0
 10
952.5701280094
 20
632.1414092479
 30
0.0
 10
951.8930027431
 20
625.5692053592
 30
0.0
 10
946.8343839634
 20
620.5105865796
 30
0.0
  0
SPLINE
  5
BC2
100
AcDbEntity
  8
5_ALL_CURVES
100
AcDbSpline
 62
5
  6
BYLAYER
 70
0
 71
3
 72
8
 73
4
 74
0
 42
0.0000001
 43
0.0000001
 44
0.0000000001
 40
0.0
 40
0.0
 40
0.0
 40
0.0
 40
1.0
 40
1.0
 40
1.0
 40
1.0
 10
946.8343839634
 20
620.5105865796
 30
0.0
 10
944.5639751787
 20
618.2401777948
 30
0.0
 10
942.0147701162
 20
616.8062577818
 30
0.0
 10
939.1499643066
 20
616.2332963799
 30
0.0
  0
SPLINE
  5
BC3
100
AcDbEntity
  8
5_ALL_CURVES
100
AcDbSpline
 62
5
  6
BYLAYER
 70
0
 71
3
 72
8
 73
4
 74
0
 42
0.0000001
 43
0.0000001
 44
0.0000000001
 40
0.0
 40
0.0
 40
0.0
 40
0.0
 40
1.0
 40
1.0
 40
1.0
 40
1.0
 10
939.1499643066
 20
616.2332963799
 30
0.0
 10
933.6501313647
 20
615.1333293304
 30
0.0
 10
927.8745556468
 20
617.3240756489
 30
0.0
 10
921.8599609703
 20
622.8606481872
 30
0.0
  0
SPLINE
  5
BC4
100
AcDbEntity
  8
5_ALL_CURVES
100
AcDbSpline
 62
5
  6
BYLAYER
 70
0
 71
3
 72
8
 73
4
 74
0
 42
0.0000001
 43
0.0000001
 44
0.0000000001
 40
0.0
 40
0.0
 40
0.0
 40
0.0
 40
1.0
 40
1.0
 40
1.0
 40
1.0
 10
949.9014296857
 20
650.9021169026
 30
0.0
 10
947.7106702178
 20
653.2521609776
 30
0.0
 10
946.3564039049
 20
654.7657680033
 30
0.0
 10
945.7589288317
 20
655.3632430765
 30
0.0
  0
SPLINE
  5
BC5
100
AcDbEntity
  8
5_ALL_CURVES
100
AcDbSpline
 62
5
  6
BYLAYER
 70
0
 71
3
 72
8
 73
4
 74
0
 42
0.0000001
 43
0.0000001
 44
0.0000000001
 40
0.0
 40
0.0
 40
0.0
 40
0.0
 40
1.0
 40
1.0
 40
1.0
 40
1.0
 10
916.5623714478
 20
628.4769191352
 30
0.0
 10
908.6757232747
 20
637.1602147658
 30
0.0
 10
908.0383954901
 20
644.8875309925
 30
0.0
 10
914.6902811316
 20
651.539416634
 30
0.0
  0
SPLINE
  5
BC6
100
AcDbEntity
  8
5_ALL_CURVES
100
AcDbSpline
 62
5
  6
BYLAYER
 70
0
 71
3
 72
8
 73
4
 74
0
 42
0.0000001
 43
0.0000001
 44
0.0000000001
 40
0.0
 40
0.0
 40
0.0
 40
0.0
 40
1.0
 40
1.0
 40
1.0
 40
1.0
 10
914.6902811316
 20
651.539416634
 30
0.0
 10
916.642036544
 20
653.4911720464
 30
0.0
 10
918.9522629741
 20
654.7657750163
 30
0.0
 10
921.5842177303
 20
655.3084446962
 30
0.0
  0
SPLINE
  5
BC7
100
AcDbEntity
  8
5_ALL_CURVES
100
AcDbSpline
 62
5
  6
BYLAYER
 70
0
 71
3
 72
8
 73
4
 74
0
 42
0.0000001
 43
0.0000001
 44
0.0000000001
 40
0.0
 40
0.0
 40
0.0
 40
0.0
 40
1.0
 40
1.0
 40
1.0
 40
1.0
 10
921.5842177303
 20
655.3084446962
 30
0.0
 10
926.6795932274
 20
656.3590348648
 30
0.0
 10
931.977205543
 20
654.4072969856
 30
0.0
 10
937.5137956147
 20
649.4283433022
 30
0.0
  0
SPLINE
  5
BC8
100
AcDbEntity
  8
5_ALL_CURVES
100
AcDbSpline
 62
5
  6
BYLAYER
 70
0
 71
3
 72
8
 73
4
 74
0
 42
0.0000001
 43
0.0000001
 44
0.0000000001
 40
0.0
 40
0.0
 40
0.0
 40
0.0
 40
1.0
 40
1.0
 40
1.0
 40
1.0
 10
984.2761096304
 20
705.4315875836
 30
0.0
 10
980.2929494892
 20
709.4147477249
 30
0.0
 10
975.9114515929
 20
711.4859736058
 30
0.0
 10
971.1715101187
 20
711.6851384129
 30
0.0
  0
SPLINE
  5
BC9
100
AcDbEntity
  8
5_ALL_CURVES
100
AcDbSpline
 62
5
  6
BYLAYER
 70
0
 71
3
 72
8
 73
4
 74
0
 42
0.0000001
 43
0.0000001
 44
0.0000000001
 40
0.0
 40
0.0
 40
0.0
 40
0.0
 40
1.0
 40
1.0
 40
1.0
 40
1.0
 10
971.1715101187
 20
711.6851384129
 30
0.0
 10
966.4315418178
 20
711.8843043475
 30
0.0
 10
962.2492127985
 20
710.1715319514
 30
0.0
 10
958.6643833993
 20
706.5867025521
 30
0.0
  0
SPLINE
  5
BCA
100
AcDbEntity
  8
5_ALL_CURVES
100
AcDbSpline
 62
5
  6
BYLAYER
 70
0
 71
3
 72
8
 73
4
 74
0
 42
0.0000001
 43
0.0000001
 44
0.0000000001
 40
0.0
 40
0.0
 40
0.0
 40
0.0
 40
1.0
 40
1.0
 40
1.0
 40
1.0
 10
958.6643833993
 20
706.5867025521
 30
0.0
 10
953.6455997978
 20
701.5679189506
 30
0.0
 10
952.012504771
 20
694.4380602633
 30
0.0
 10
953.7650948124
 20
685.1971299978
 30
0.0
  0
SPLINE
  5
BCB
100
AcDbEntity
  8
5_ALL_CURVES
100
AcDbSpline
 62
5
  6
BYLAYER
 70
0
 71
3
 72
8
 73
4
 74
0
 42
0.0000001
 43
0.0000001
 44
0.0000000001
 40
0.0
 40
0.0
 40
0.0
 40
0.0
 40
1.0
 40
1.0
 40
1.0
 40
1.0
 10
961.4127634761
 20
677.5494613341
 30
0.0
 10
958.4652250415
 20
680.4969997687
 30
0.0
 10
957.0312883725
 20
683.8428566719
 30
0.0
 10
957.0711235507
 20
687.6268619621
 30
0.0
  0
SPLINE
  5
BCC
100
AcDbEntity
  8
5_ALL_CURVES
100
AcDbSpline
 62
5
  6
BYLAYER
 70
0
 71
3
 72
8
 73
4
 74
0
 42
0.0000001
 43
0.0000001
 44
0.0000000001
 40
0.0
 40
0.0
 40
0.0
 40
0.0
 40
1.0
 40
1.0
 40
1.0
 40
1.0
 10
957.0711235507
 20
687.6268619621
 30
0.0
 10
957.1109587289
 20
691.4108672523
 30
0.0
 10
958.5847200565
 20
694.7965488141
 30
0.0
 10
961.5720778892
 20
697.7839066469
 30
0.0
  0
SPLINE
  5
BCD
100
AcDbEntity
  8
5_ALL_CURVES
100
AcDbSpline
 62
5
  6
BYLAYER
 70
0
 71
3
 72
8
 73
4
 74
0
 42
0.0000001
 43
0.0000001
 44
0.0000000001
 40
0.0
 40
0.0
 40
0.0
 40
0.0
 40
1.0
 40
1.0
 40
1.0
 40
1.0
 10
961.5720778892
 20
697.7839066469
 30
0.0
 10
964.1611400463
 20
700.372968804
 30
0.0
 10
967.0290028644
 20
701.5679014171
 30
0.0
 10
970.1757180027
 20
701.3687492446
 30
0.0
  0
SPLINE
  5
BCE
100
AcDbEntity
  8
5_ALL_CURVES
100
AcDbSpline
 62
5
  6
BYLAYER
 70
0
 71
3
 72
8
 73
4
 74
0
 42
0.0000001
 43
0.0000001
 44
0.0000000001
 40
0.0
 40
0.0
 40
0.0
 40
0.0
 40
1.0
 40
1.0
 40
1.0
 40
1.0
 10
970.1757180027
 20
701.3687492446
 30
0.0
 10
973.3224069686
 20
701.1695987282
 30
0.0
 10
976.429286116
 20
699.5763441395
 30
0.0
 10
979.4564878933
 20
696.5491423621
 30
0.0
  0
SPLINE
  5
BCF
100
AcDbEntity
  8
5_ALL_CURVES
100
AcDbSpline
 62
5
  6
BYLAYER
 70
0
 71
3
 72
8
 73
4
 74
0
 42
0.0000001
 43
0.0000001
 44
0.0000000001
 40
0.0
 40
0.0
 40
0.0
 40
0.0
 40
1.0
 40
1.0
 40
1.0
 40
1.0
 10
1022.5941031424
 20
700.0144776237
 30
0.0
 10
1025.2229893003
 20
697.3855914657
 30
0.0
 10
1027.7722133206
 20
696.1109809349
 30
0.0
 10
1030.2393844405
 20
696.3717345241
 30
0.0
  0
SPLINE
  5
BD0
100
AcDbEntity
  8
5_ALL_CURVES
100
AcDbSpline
 62
5
  6
BYLAYER
 70
0
 71
3
 72
8
 73
4
 74
0
 42
0.0000001
 43
0.0000001
 44
0.0000000001
 40
0.0
 40
0.0
 40
0.0
 40
0.0
 40
1.0
 40
1.0
 40
1.0
 40
1.0
 10
1030.2393844405
 20
696.3717345241
 30
0.0
 10
1032.6714913328
 20
696.6287821998
 30
0.0
 10
1035.499539081
 20
698.2618816647
 30
0.0
 10
1038.6462376264
 20
701.4085802102
 30
0.0
  0
SPLINE
  5
BD1
100
AcDbEntity
  8
5_ALL_CURVES
100
AcDbSpline
 62
5
  6
BYLAYER
 70
0
 71
3
 72
8
 73
4
 74
0
 42
0.0000001
 43
0.0000001
 44
0.0000000001
 40
0.0
 40
0.0
 40
0.0
 40
0.0
 40
1.0
 40
1.0
 40
1.0
 40
1.0
 10
1038.6462376264
 20
701.4085802102
 30
0.0
 10
1040.0005214723
 20
702.762864056
 30
0.0
 10
1041.7531014867
 20
705.1527498292
 30
0.0
 10
1043.9438373674
 20
708.5384339384
 30
0.0
  0
SPLINE
  5
BD2
100
AcDbEntity
  8
5_ALL_CURVES
100
AcDbSpline
 62
5
  6
BYLAYER
 70
0
 71
3
 72
8
 73
4
 74
0
 42
0.0000001
 43
0.0000001
 44
0.0000000001
 40
0.0
 40
0.0
 40
0.0
 40
0.0
 40
1.0
 40
1.0
 40
1.0
 40
1.0
 10
1038.2479176235
 20
714.2343536823
 30
0.0
 10
1036.6148287335
 20
711.6453064284
 30
0.0
 10
1035.3402218187
 20
709.8927203322
 30
0.0
 10
1034.463932058
 20
709.0164305715
 30
0.0
  0
SPLINE
  5
BD3
100
AcDbEntity
  8
5_ALL_CURVES
100
AcDbSpline
 62
5
  6
BYLAYER
 70
0
 71
3
 72
8
 73
4
 74
0
 42
0.0000001
 43
0.0000001
 44
0.0000000001
 40
0.0
 40
0.0
 40
0.0
 40
0.0
 40
1.0
 40
1.0
 40
1.0
 40
1.0
 10
1034.463932058
 20
709.0164305715
 30
0.0
 10
1032.8706651961
 20
707.4231637096
 30
0.0
 10
1031.3172238694
 20
706.9053440894
 30
0.0
 10
1029.7638018379
 20
707.5028246215
 30
0.0
  0
SPLINE
  5
BD4
100
AcDbEntity
  8
5_ALL_CURVES
100
AcDbSpline
 62
5
  6
BYLAYER
 70
0
 71
3
 72
8
 73
4
 74
0
 42
0.0000001
 43
0.0000001
 44
0.0000000001
 40
0.0
 40
0.0
 40
0.0
 40
0.0
 40
1.0
 40
1.0
 40
1.0
 40
1.0
 10
1029.7638018379
 20
707.5028246215
 30
0.0
 10
1028.7281823136
 20
707.9011468365
 30
0.0
 10
1027.2543981933
 20
709.0562495313
 30
0.0
 10
1025.3823131373
 20
710.9283345874
 30
0.0
  0
SPLINE
  5
BD5
100
AcDbEntity
  8
5_ALL_CURVES
100
AcDbSpline
 62
5
  6
BYLAYER
 70
0
 71
3
 72
8
 73
4
 74
0
 42
0.0000001
 43
0.0000001
 44
0.0000000001
 40
0.0
 40
0.0
 40
0.0
 40
0.0
 40
1.0
 40
1.0
 40
1.0
 40
1.0
 10
1104.1692376002
 20
778.0844302456
 30
0.0
 10
1102.496300382
 20
776.4114930274
 30
0.0
 10
1100.9030554366
 20
775.9335331315
 30
0.0
 10
1099.4974985381
 20
776.6668540811
 30
0.0
  0
SPLINE
  5
BD6
100
AcDbEntity
  8
5_ALL_CURVES
100
AcDbSpline
 62
5
  6
BYLAYER
 70
0
 71
3
 72
8
 73
4
 74
0
 42
0.0000001
 43
0.0000001
 44
0.0000000001
 40
0.0
 40
0.0
 40
0.0
 40
0.0
 40
1.0
 40
1.0
 40
1.0
 40
1.0
 10
1099.4974985381
 20
776.6668540811
 30
0.0
 10
1099.070790217
 20
776.8894805372
 30
0.0
 10
1097.7875018047
 20
778.1547397966
 30
0.0
 10
1095.5656088194
 20
780.3946619348
 30
0.0
  0
SPLINE
  5
BD7
100
AcDbEntity
  8
5_ALL_CURVES
100
AcDbSpline
 62
5
  6
BYLAYER
 70
0
 71
3
 72
8
 73
4
 74
0
 42
0.0000001
 43
0.0000001
 44
0.0000000001
 40
0.0
 40
0.0
 40
0.0
 40
0.0
 40
1.0
 40
1.0
 40
1.0
 40
1.0
 10
1075.9286350732
 20
800.1909763937
 30
0.0
 10
1072.6226098416
 20
803.4970016254
 30
0.0
 10
1069.4759112961
 20
805.3690866814
 30
0.0
 10
1066.5650675966
 20
805.7849207744
 30
0.0
  0
SPLINE
  5
BD8
100
AcDbEntity
  8
5_ALL_CURVES
100
AcDbSpline
 62
5
  6
BYLAYER
 70
0
 71
3
 72
8
 73
4
 74
0
 42
0.0000001
 43
0.0000001
 44
0.0000000001
 40
0.0
 40
0.0
 40
0.0
 40
0.0
 40
1.0
 40
1.0
 40
1.0
 40
1.0
 10
1066.5650675966
 20
805.7849207744
 30
0.0
 10
1061.3900924922
 20
806.5242016496
 30
0.0
 10
1055.5746824728
 20
803.6563283119
 30
0.0
 10
1049.1617798473
 20
797.2434256864
 30
0.0
  0
SPLINE
  5
BD9
100
AcDbEntity
  8
5_ALL_CURVES
100
AcDbSpline
 62
5
  6
BYLAYER
 70
0
 71
3
 72
8
 73
4
 74
0
 42
0.0000001
 43
0.0000001
 44
0.0000000001
 40
0.0
 40
0.0
 40
0.0
 40
0.0
 40
1.0
 40
1.0
 40
1.0
 40
1.0
 10
1049.1617798473
 20
797.2434256864
 30
0.0
 10
1043.6650302135
 20
791.7466760526
 30
0.0
 10
1040.5979844915
 20
786.4490637367
 30
0.0
 10
1039.9710278223
 20
781.5086495977
 30
0.0
  0
SPLINE
  5
BDA
100
AcDbEntity
  8
5_ALL_CURVES
100
AcDbSpline
 62
5
  6
BYLAYER
 70
0
 71
3
 72
8
 73
4
 74
0
 42
0.0000001
 43
0.0000001
 44
0.0000000001
 40
0.0
 40
0.0
 40
0.0
 40
0.0
 40
1.0
 40
1.0
 40
1.0
 40
1.0
 10
1039.9710278223
 20
781.5086495977
 30
0.0
 10
1039.6021927029
 20
778.6022314555
 30
0.0
 10
1040.2395169808
 20
775.2563955921
 30
0.0
 10
1041.7929346379
 20
771.4723762753
 30
0.0
  0
SPLINE
  5
BDB
100
AcDbEntity
  8
5_ALL_CURVES
100
AcDbSpline
 62
5
  6
BYLAYER
 70
0
 71
3
 72
8
 73
4
 74
0
 42
0.0000001
 43
0.0000001
 44
0.0000000001
 40
0.0
 40
0.0
 40
0.0
 40
0.0
 40
1.0
 40
1.0
 40
1.0
 40
1.0
 10
1050.4363915836
 20
774.0614296657
 30
0.0
 10
1047.9668472341
 20
780.0361891643
 30
0.0
 10
1049.5601105893
 20
785.9312660332
 30
0.0
 10
1055.3356784173
 20
791.7068338611
 30
0.0
  0
SPLINE
  5
BDC
100
AcDbEntity
  8
5_ALL_CURVES
100
AcDbSpline
 62
5
  6
BYLAYER
 70
0
 71
3
 72
8
 73
4
 74
0
 42
0.0000001
 43
0.0000001
 44
0.0000000001
 40
0.0
 40
0.0
 40
0.0
 40
0.0
 40
1.0
 40
1.0
 40
1.0
 40
1.0
 10
1055.3356784173
 20
791.7068338611
 30
0.0
 10
1058.3230643031
 20
794.694219747
 30
0.0
 10
1060.7926104058
 20
796.2874690756
 30
0.0
 10
1062.6273431012
 20
796.5044885374
 30
0.0
  0
SPLINE
  5
BDD
100
AcDbEntity
  8
5_ALL_CURVES
100
AcDbSpline
 62
5
  6
BYLAYER
 70
0
 71
3
 72
8
 73
4
 74
0
 42
0.0000001
 43
0.0000001
 44
0.0000000001
 40
0.0
 40
0.0
 40
0.0
 40
0.0
 40
1.0
 40
1.0
 40
1.0
 40
1.0
 10
1062.6273431012
 20
796.5044885374
 30
0.0
 10
1064.4969663794
 20
796.7256349958
 30
0.0
 10
1066.647866123
 20
795.6103376726
 30
0.0
 10
1069.157264937
 20
793.2602795713
 30
0.0
  0
SPLINE
  5
BDE
100
AcDbEntity
  8
5_ALL_CURVES
100
AcDbSpline
 62
5
  6
BYLAYER
 70
0
 71
3
 72
8
 73
4
 74
0
 42
0.0000001
 43
0.0000001
 44
0.0000000001
 40
0.0
 40
0.0
 40
0.0
 40
0.0
 40
1.0
 40
1.0
 40
1.0
 40
1.0
 10
1069.157264937
 20
793.2602795713
 30
0.0
 10
1069.1970931019
 20
790.6712244275
 30
0.0
 10
1068.9182556214
 20
788.7194602484
 30
0.0
 10
1068.3207794913
 20
787.4050155677
 30
0.0
  0
SPLINE
  5
BDF
100
AcDbEntity
  8
5_ALL_CURVES
100
AcDbSpline
 62
5
  6
BYLAYER
 70
0
 71
3
 72
8
 73
4
 74
0
 42
0.0000001
 43
0.0000001
 44
0.0000000001
 40
0.0
 40
0.0
 40
0.0
 40
0.0
 40
1.0
 40
1.0
 40
1.0
 40
1.0
 10
1068.3207794913
 20
787.4050155677
 30
0.0
 10
1067.7233037215
 20
786.0905716798
 30
0.0
 10
1066.1300649125
 20
783.8600261261
 30
0.0
 10
1063.5747389532
 20
780.6783952116
 30
0.0
  0
SPLINE
  5
BE0
100
AcDbEntity
  8
5_ALL_CURVES
100
AcDbSpline
 62
5
  6
BYLAYER
 70
0
 71
3
 72
8
 73
4
 74
0
 42
0.0000001
 43
0.0000001
 44
0.0000000001
 40
0.0
 40
0.0
 40
0.0
 40
0.0
 40
1.0
 40
1.0
 40
1.0
 40
1.0
 10
1063.5747389532
 20
780.6783952116
 30
0.0
 10
1058.0044126839
 20
773.7427938265
 30
0.0
 10
1055.2560255938
 20
767.5688864904
 30
0.0
 10
1055.3387221276
 20
762.1518489797
 30
0.0
  0
SPLINE
  5
BE1
100
AcDbEntity
  8
5_ALL_CURVES
100
AcDbSpline
 62
5
  6
BYLAYER
 70
0
 71
3
 72
8
 73
4
 74
0
 42
0.0000001
 43
0.0000001
 44
0.0000000001
 40
0.0
 40
0.0
 40
0.0
 40
0.0
 40
1.0
 40
1.0
 40
1.0
 40
1.0
 10
1055.3387221276
 20
762.1518489797
 30
0.0
 10
1055.4153400069
 20
757.1329938052
 30
0.0
 10
1057.1679353084
 20
752.9905122375
 30
0.0
 10
1060.5536221297
 20
749.6048254163
 30
0.0
  0
SPLINE
  5
BE2
100
AcDbEntity
  8
5_ALL_CURVES
100
AcDbSpline
 62
5
  6
BYLAYER
 70
0
 71
3
 72
8
 73
4
 74
0
 42
0.0000001
 43
0.0000001
 44
0.0000000001
 40
0.0
 40
0.0
 40
0.0
 40
0.0
 40
1.0
 40
1.0
 40
1.0
 40
1.0
 10
1060.5536221297
 20
749.6048254163
 30
0.0
 10
1064.2977931186
 20
745.8606544274
 30
0.0
 10
1068.639433044
 20
743.9089007682
 30
0.0
 10
1073.5387383754
 20
743.7894093652
 30
0.0
  0
SPLINE
  5
BE3
100
AcDbEntity
  8
5_ALL_CURVES
100
AcDbSpline
 62
5
  6
BYLAYER
 70
0
 71
3
 72
8
 73
4
 74
0
 42
0.0000001
 43
0.0000001
 44
0.0000000001
 40
0.0
 40
0.0
 40
0.0
 40
0.0
 40
1.0
 40
1.0
 40
1.0
 40
1.0
 10
1073.5387383754
 20
743.7894093652
 30
0.0
 10
1078.4380163544
 20
743.6699186287
 30
0.0
 10
1082.6203469073
 20
745.3826894911
 30
0.0
 10
1086.2051763066
 20
748.9675188904
 30
0.0
  0
SPLINE
  5
BE4
100
AcDbEntity
  8
5_ALL_CURVES
100
AcDbSpline
 62
5
  6
BYLAYER
 70
0
 71
3
 72
8
 73
4
 74
0
 42
0.0000001
 43
0.0000001
 44
0.0000000001
 40
0.0
 40
0.0
 40
0.0
 40
0.0
 40
1.0
 40
1.0
 40
1.0
 40
1.0
 10
1086.2051763066
 20
748.9675188904
 30
0.0
 10
1090.9451417142
 20
753.707484298
 30
0.0
 10
1092.8172379476
 20
760.8373528472
 30
0.0
 10
1091.7816057207
 20
770.3969277186
 30
0.0
  0
SPLINE
  5
BE5
100
AcDbEntity
  8
5_ALL_CURVES
100
AcDbSpline
 62
5
  6
BYLAYER
 70
0
 71
3
 72
8
 73
4
 74
0
 42
0.0000001
 43
0.0000001
 44
0.0000000001
 40
0.0
 40
0.0
 40
0.0
 40
0.0
 40
1.0
 40
1.0
 40
1.0
 40
1.0
 10
1091.7816057207
 20
770.3969277186
 30
0.0
 10
1097.0792092698
 20
765.0993241694
 30
0.0
 10
1101.6200156619
 20
764.3823582457
 30
0.0
 10
1105.4438561303
 20
768.2061987141
 30
0.0
  0
SPLINE
  5
BE6
100
AcDbEntity
  8
5_ALL_CURVES
100
AcDbSpline
 62
5
  6
BYLAYER
 70
0
 71
3
 72
8
 73
4
 74
0
 42
0.0000001
 43
0.0000001
 44
0.0000000001
 40
0.0
 40
0.0
 40
0.0
 40
0.0
 40
1.0
 40
1.0
 40
1.0
 40
1.0
 10
1105.4438561303
 20
768.2061987141
 30
0.0
 10
1106.3599810692
 20
769.122323653
 30
0.0
 10
1107.4752543393
 20
770.8749026817
 30
0.0
 10
1108.8295356374
 20
773.4241322084
 30
0.0
  0
SPLINE
  5
BE7
100
AcDbEntity
  8
5_ALL_CURVES
100
AcDbSpline
 62
5
  6
BYLAYER
 70
0
 71
3
 72
8
 73
4
 74
0
 42
0.0000001
 43
0.0000001
 44
0.0000000001
 40
0.0
 40
0.0
 40
0.0
 40
0.0
 40
1.0
 40
1.0
 40
1.0
 40
1.0
 10
1080.8279236604
 20
781.5896208479
 30
0.0
 10
1085.2890638602
 20
777.1284806481
 30
0.0
 10
1087.4798040421
 20
772.4681838437
 30
0.0
 10
1087.3973353577
 20
767.7680858838
 30
0.0
  0
SPLINE
  5
BE8
100
AcDbEntity
  8
5_ALL_CURVES
100
AcDbSpline
 62
5
  6
BYLAYER
 70
0
 71
3
 72
8
 73
4
 74
0
 42
0.0000001
 43
0.0000001
 44
0.0000000001
 40
0.0
 40
0.0
 40
0.0
 40
0.0
 40
1.0
 40
1.0
 40
1.0
 40
1.0
 10
1087.3973353577
 20
767.7680858838
 30
0.0
 10
1087.3204563161
 20
763.386555718
 30
0.0
 10
1085.80687559
 20
759.7220682354
 30
0.0
 10
1082.8991600606
 20
756.8143527059
 30
0.0
  0
SPLINE
  5
BE9
100
AcDbEntity
  8
5_ALL_CURVES
100
AcDbSpline
 62
5
  6
BYLAYER
 70
0
 71
3
 72
8
 73
4
 74
0
 42
0.0000001
 43
0.0000001
 44
0.0000000001
 40
0.0
 40
0.0
 40
0.0
 40
0.0
 40
1.0
 40
1.0
 40
1.0
 40
1.0
 10
1082.8991600606
 20
756.8143527059
 30
0.0
 10
1080.668586454
 20
754.5837790994
 30
0.0
 10
1078.1591990368
 20
753.4286667609
 30
0.0
 10
1075.3311672019
 20
753.3888331041
 30
0.0
  0
SPLINE
  5
BEA
100
AcDbEntity
  8
5_ALL_CURVES
100
AcDbSpline
 62
5
  6
BYLAYER
 70
0
 71
3
 72
8
 73
4
 74
0
 42
0.0000001
 43
0.0000001
 44
0.0000000001
 40
0.0
 40
0.0
 40
0.0
 40
0.0
 40
1.0
 40
1.0
 40
1.0
 40
1.0
 10
1075.3311672019
 20
753.3888331041
 30
0.0
 10
1072.5031060605
 20
753.3489990346
 30
0.0
 10
1070.0335424247
 20
754.4642788246
 30
0.0
 10
1067.8029723244
 20
756.6948489249
 30
0.0
  0
SPLINE
  5
BEB
100
AcDbEntity
  8
5_ALL_CURVES
100
AcDbSpline
 62
5
  6
BYLAYER
 70
0
 71
3
 72
8
 73
4
 74
0
 42
0.0000001
 43
0.0000001
 44
0.0000000001
 40
0.0
 40
0.0
 40
0.0
 40
0.0
 40
1.0
 40
1.0
 40
1.0
 40
1.0
 10
1067.8029723244
 20
756.6948489249
 30
0.0
 10
1065.8910547203
 20
758.606766529
 30
0.0
 10
1064.8554373968
 20
760.9966676983
 30
0.0
 10
1064.6342832635
 20
763.9823494978
 30
0.0
  0
SPLINE
  5
BEC
100
AcDbEntity
  8
5_ALL_CURVES
100
AcDbSpline
 62
5
  6
BYLAYER
 70
0
 71
3
 72
8
 73
4
 74
0
 42
0.0000001
 43
0.0000001
 44
0.0000000001
 40
0.0
 40
0.0
 40
0.0
 40
0.0
 40
1.0
 40
1.0
 40
1.0
 40
1.0
 10
1064.6342832635
 20
763.9823494978
 30
0.0
 10
1064.377473118
 20
767.4494037488
 30
0.0
 10
1065.9308837621
 20
771.6316977017
 30
0.0
 10
1069.3205193542
 20
776.4485446189
 30
0.0
  0
SPLINE
  5
BED
100
AcDbEntity
  8
5_ALL_CURVES
100
AcDbSpline
 62
5
  6
BYLAYER
 70
0
 71
3
 72
8
 73
4
 74
0
 42
0.0000001
 43
0.0000001
 44
0.0000000001
 40
0.0
 40
0.0
 40
0.0
 40
0.0
 40
1.0
 40
1.0
 40
1.0
 40
1.0
 10
1069.3205193542
 20
776.4485446189
 30
0.0
 10
1071.2285013375
 20
779.1598853773
 30
0.0
 10
1072.4234514839
 20
781.1514689546
 30
0.0
 10
1072.9714609209
 20
782.43016181
 30
0.0
  0
SPLINE
  5
BEE
100
AcDbEntity
  8
5_ALL_CURVES
100
AcDbSpline
 62
5
  6
BYLAYER
 70
0
 71
3
 72
8
 73
4
 74
0
 42
0.0000001
 43
0.0000001
 44
0.0000000001
 40
0.0
 40
0.0
 40
0.0
 40
0.0
 40
1.0
 40
1.0
 40
1.0
 40
1.0
 10
1072.9714609209
 20
782.43016181
 30
0.0
 10
1073.4988978491
 20
783.6608519886
 30
0.0
 10
1073.9768708944
 20
785.5727652095
 30
0.0
 10
1074.2955400465
 20
788.1220044618
 30
0.0
  0
SPLINE
  5
BEF
100
AcDbEntity
  8
0
100
AcDbSpline
 62
7
420
26316
  6
BYLAYER
 70
0
 71
3
 72
39
 73
35
 74
0
 42
0.0000001
 43
0.0000001
 44
0.0000000001
 40
0.0
 40
0.0
 40
0.0
 40
0.0
 40
0.0268126977
 40
0.0543735335
 40
0.0832658247
 40
0.113810416
 40
0.1460481448
 40
0.1797746735
 40
0.2145977054
 40
0.25
 40
0.2854022946
 40
0.3202253265
 40
0.3539518552
 40
0.386189584
 40
0.4167341753
 40
0.4456264665
 40
0.4731873022
 40
0.5
 40
0.5268126978
 40
0.5543735335
 40
0.5832658247
 40
0.613810416
 40
0.6460481449
 40
0.6797746735
 40
0.7145977054
 40
0.75
 40
0.7854022946
 40
0.8202253265
 40
0.8539518552
 40
0.8861895841
 40
0.9167341753
 40
0.9456264665
 40
0.9731873022
 40
1.0
 40
1.0
 40
1.0
 40
1.0
 10
797.0927611215
 20
694.3535285042
 30
0.0
 10
796.161766073
 20
693.8749360613
 30
0.0
 10
794.3943472523
 20
692.6485612741
 30
0.0
 10
792.2602283742
 20
690.154792678
 30
0.0
 10
790.7008884874
 20
687.105225135
 30
0.0
 10
789.7681652938
 20
683.6254858404
 30
0.0
 10
789.4874659906
 20
679.8481293056
 30
0.0
 10
789.86385031
 20
675.9138758181
 30
0.0
 10
790.8802519257
 20
671.9685188686
 30
0.0
 10
792.4974113511
 20
668.1586891073
 30
0.0
 10
794.6545579923
 20
664.6264481482
 30
0.0
 10
797.2715256388
 20
661.5038869896
 30
0.0
 10
800.251934376
 20
658.9082726378
 30
0.0
 10
803.4870926145
 20
656.9382971974
 30
0.0
 10
806.8598280788
 20
655.671845696
 30
0.0
 10
810.2468358241
 20
655.1650248631
 30
0.0
 10
813.5182962197
 20
655.4500781238
 30
0.0
 10
816.5377006913
 20
656.5277276018
 30
0.0
 10
819.1712116607
 20
658.3560469753
 30
0.0
 10
821.306846954
 20
660.850595106
 30
0.0
 10
822.8657527998
 20
663.8999395254
 30
0.0
 10
823.7986019853
 20
667.379743588
 30
0.0
 10
824.0792647487
 20
671.1570813382
 30
0.0
 10
823.7028908894
 20
675.0913402037
 30
0.0
 10
822.6864863858
 20
679.0366956676
 30
0.0
 10
821.0693275505
 20
682.8465257328
 30
0.0
 10
818.912181505
 20
686.3787669982
 30
0.0
 10
816.2952109666
 20
689.5013266702
 30
0.0
 10
813.3148126922
 20
692.0969464008
 30
0.0
 10
810.0796179114
 20
694.0669030555
 30
0.0
 10
806.7070084387
 20
695.3334193242
 30
0.0
 10
803.3195666545
 20
695.8400170341
 30
0.0
 10
800.0496226725
 20
695.5557433072
 30
0.0
 10
798.0237561703
 20
694.8321209472
 30
0.0
 10
797.0927611215
 20
694.3535285042
 30
0.0
  0
SPLINE
  5
BF0
100
AcDbEntity
  8
5_ALL_CURVES
100
AcDbSpline
 62
5
  6
BYLAYER
 70
0
 71
3
 72
8
 73
4
 74
0
 42
0.0000001
 43
0.0000001
 44
0.0000000001
 40
0.0
 40
0.0
 40
0.0
 40
0.0
 40
1.0
 40
1.0
 40
1.0
 40
1.0
 10
1006.468162233
 20
463.2217574007
 30
0.0
 10
1006.468162233
 20
464.2395132564
 30
0.0
 10
1006.1754871185
 20
465.0708097735
 30
0.0
 10
1005.5884801093
 20
465.7135765608
 30
0.0
  0
SPLINE
  5
BF1
100
AcDbEntity
  8
5_ALL_CURVES
100
AcDbSpline
 62
5
  6
BYLAYER
 70
0
 71
3
 72
8
 73
4
 74
0
 42
0.0000001
 43
0.0000001
 44
0.0000000001
 40
0.0
 40
0.0
 40
0.0
 40
0.0
 40
1.0
 40
1.0
 40
1.0
 40
1.0
 10
1005.5884801093
 20
465.7135765608
 30
0.0
 10
1005.0047860739
 20
466.3527156746
 30
0.0
 10
1004.2398393922
 20
466.6790188334
 30
0.0
 10
1003.3086002839
 20
466.6790188334
 30
0.0
  0
SPLINE
  5
BF2
100
AcDbEntity
  8
5_ALL_CURVES
100
AcDbSpline
 62
5
  6
BYLAYER
 70
0
 71
3
 72
8
 73
4
 74
0
 42
0.0000001
 43
0.0000001
 44
0.0000000001
 40
0.0
 40
0.0
 40
0.0
 40
0.0
 40
1.0
 40
1.0
 40
1.0
 40
1.0
 10
1003.0358803308
 20
459.8499564983
 30
0.0
 10
1004.0801986863
 20
459.8499564983
 30
0.0
 10
1004.9116625732
 20
460.1529525817
 30
0.0
 10
1005.5371858711
 20
460.7663478327
 30
0.0
  0
SPLINE
  5
BF3
100
AcDbEntity
  8
5_ALL_CURVES
100
AcDbSpline
 62
5
  6
BYLAYER
 70
0
 71
3
 72
8
 73
4
 74
0
 42
0.0000001
 43
0.0000001
 44
0.0000000001
 40
0.0
 40
0.0
 40
0.0
 40
0.0
 40
1.0
 40
1.0
 40
1.0
 40
1.0
 10
1005.5371858711
 20
460.7663478327
 30
0.0
 10
1006.1555319572
 20
461.3727050284
 30
0.0
 10
1006.468162233
 20
462.1962330903
 30
0.0
 10
1006.468162233
 20
463.2217574007
 30
0.0
  0
SPLINE
  5
BF4
100
AcDbEntity
  8
5_ALL_CURVES
100
AcDbSpline
 62
5
  6
BYLAYER
 70
0
 71
3
 72
8
 73
4
 74
0
 42
0.0000001
 43
0.0000001
 44
0.0000000001
 40
0.0
 40
0.0
 40
0.0
 40
0.0
 40
1.0
 40
1.0
 40
1.0
 40
1.0
 10
1004.9582240307
 20
463.2217574007
 30
0.0
 10
1004.9582240307
 20
462.3516151881
 30
0.0
 10
1004.6455937544
 20
461.7689311231
 30
0.0
 10
1004.0292003034
 20
461.4828617594
 30
0.0
  0
SPLINE
  5
BF5
100
AcDbEntity
  8
5_ALL_CURVES
100
AcDbSpline
 62
5
  6
BYLAYER
 70
0
 71
3
 72
8
 73
4
 74
0
 42
0.0000001
 43
0.0000001
 44
0.0000000001
 40
0.0
 40
0.0
 40
0.0
 40
0.0
 40
1.0
 40
1.0
 40
1.0
 40
1.0
 10
1004.0292003034
 20
461.4828617594
 30
0.0
 10
1003.6411857215
 20
461.3027834603
 30
0.0
 10
1002.9760148464
 20
461.2173229301
 30
0.0
 10
1002.0447754458
 20
461.2173229301
 30
0.0
  0
SPLINE
  5
BF6
100
AcDbEntity
  8
5_ALL_CURVES
100
AcDbSpline
 62
5
  6
BYLAYER
 70
0
 71
3
 72
8
 73
4
 74
0
 42
0.0000001
 43
0.0000001
 44
0.0000000001
 40
0.0
 40
0.0
 40
0.0
 40
0.0
 40
1.0
 40
1.0
 40
1.0
 40
1.0
 10
1002.8030701146
 20
465.2883449847
 30
0.0
 10
1004.2398393922
 20
465.2883449847
 30
0.0
 10
1004.9582240307
 20
464.5968929716
 30
0.0
 10
1004.9582240307
 20
463.2217574007
 30
0.0
  0
SPLINE
  5
BF7
100
AcDbEntity
  8
5_ALL_CURVES
100
AcDbSpline
 62
5
  6
BYLAYER
 70
0
 71
3
 72
8
 73
4
 74
0
 42
0.0000001
 43
0.0000001
 44
0.0000000001
 40
0.0
 40
0.0
 40
0.0
 40
0.0
 40
1.0
 40
1.0
 40
1.0
 40
1.0
 10
1017.2106737972
 20
460.9454030612
 30
0.0
 10
1017.2106737972
 20
462.7866862944
 30
0.0
 10
1016.7184476543
 20
464.2705898129
 30
0.0
 10
1015.736433776
 20
465.3998568283
 30
0.0
  0
SPLINE
  5
BF8
100
AcDbEntity
  8
5_ALL_CURVES
100
AcDbSpline
 62
5
  6
BYLAYER
 70
0
 71
3
 72
8
 73
4
 74
0
 42
0.0000001
 43
0.0000001
 44
0.0000000001
 40
0.0
 40
0.0
 40
0.0
 40
0.0
 40
1.0
 40
1.0
 40
1.0
 40
1.0
 10
1015.736433776
 20
465.3998568283
 30
0.0
 10
1014.9956538114
 20
466.2517168662
 30
0.0
 10
1013.9646388966
 20
466.6790188334
 30
0.0
 10
1012.6476005875
 20
466.6790188334
 30
0.0
  0
SPLINE
  5
BF9
100
AcDbEntity
  8
5_ALL_CURVES
100
AcDbSpline
 62
5
  6
BYLAYER
 70
0
 71
3
 72
8
 73
4
 74
0
 42
0.0000001
 43
0.0000001
 44
0.0000000001
 40
0.0
 40
0.0
 40
0.0
 40
0.0
 40
1.0
 40
1.0
 40
1.0
 40
1.0
 10
1012.8072418785
 20
455.2040188334
 30
0.0
 10
1014.177493951
 20
455.2040188334
 30
0.0
 10
1015.248419189
 20
455.7090120636
 30
0.0
 10
1016.0333210596
 20
456.7345368161
 30
0.0
  0
SPLINE
  5
BFA
100
AcDbEntity
  8
5_ALL_CURVES
100
AcDbSpline
 62
5
  6
BYLAYER
 70
0
 71
3
 72
8
 73
4
 74
0
 42
0.0000001
 43
0.0000001
 44
0.0000000001
 40
0.0
 40
0.0
 40
0.0
 40
0.0
 40
1.0
 40
1.0
 40
1.0
 40
1.0
 10
1016.0333210596
 20
456.7345368161
 30
0.0
 10
1016.8182228757
 20
457.7600614974
 30
0.0
 10
1017.2106737972
 20
459.1585041433
 30
0.0
 10
1017.2106737972
 20
460.9454030612
 30
0.0
  0
SPLINE
  5
BFB
100
AcDbEntity
  8
5_ALL_CURVES
100
AcDbSpline
 62
5
  6
BYLAYER
 70
0
 71
3
 72
8
 73
4
 74
0
 42
0.0000001
 43
0.0000001
 44
0.0000000001
 40
0.0
 40
0.0
 40
0.0
 40
0.0
 40
1.0
 40
1.0
 40
1.0
 40
1.0
 10
1015.7805556546
 20
460.8677120121
 30
0.0
 10
1015.7805556546
 20
459.5391916178
 30
0.0
 10
1015.5078357014
 20
458.4981283447
 30
0.0
 10
1014.9756992716
 20
457.7445231843
 30
0.0
  0
SPLINE
  5
BFC
100
AcDbEntity
  8
5_ALL_CURVES
100
AcDbSpline
 62
5
  6
BYLAYER
 70
0
 71
3
 72
8
 73
4
 74
0
 42
0.0000001
 43
0.0000001
 44
0.0000000001
 40
0.0
 40
0.0
 40
0.0
 40
0.0
 40
1.0
 40
1.0
 40
1.0
 40
1.0
 10
1014.9756992716
 20
457.7445231843
 30
0.0
 10
1014.4435627698
 20
456.9909179221
 30
0.0
 10
1013.7052223842
 20
456.6179998433
 30
0.0
 10
1012.7673315559
 20
456.6179998433
 30
0.0
  0
SPLINE
  5
BFD
100
AcDbEntity
  8
5_ALL_CURVES
100
AcDbSpline
 62
5
  6
BYLAYER
 70
0
 71
3
 72
8
 73
4
 74
0
 42
0.0000001
 43
0.0000001
 44
0.0000000001
 40
0.0
 40
0.0
 40
0.0
 40
0.0
 40
1.0
 40
1.0
 40
1.0
 40
1.0
 10
1012.6609040282
 20
465.2728067065
 30
0.0
 10
1013.532277652
 20
465.2728067065
 30
0.0
 10
1014.2174042741
 20
464.9931183824
 30
0.0
 10
1014.7120480798
 20
464.4441070333
 30
0.0
  0
SPLINE
  5
BFE
100
AcDbEntity
  8
5_ALL_CURVES
100
AcDbSpline
 62
5
  6
BYLAYER
 70
0
 71
3
 72
8
 73
4
 74
0
 42
0.0000001
 43
0.0000001
 44
0.0000000001
 40
0.0
 40
0.0
 40
0.0
 40
0.0
 40
1.0
 40
1.0
 40
1.0
 40
1.0
 10
1014.7120480798
 20
464.4441070333
 30
0.0
 10
1015.4213639207
 20
463.656828507
 30
0.0
 10
1015.7805556546
 20
462.4603831357
 30
0.0
 10
1015.7805556546
 20
460.8677120121
 30
0.0
  0
SPLINE
  5
BFF
100
AcDbEntity
  8
5_ALL_CURVES
100
AcDbSpline
 62
5
  6
BYLAYER
 70
0
 71
3
 72
8
 73
4
 74
0
 42
0.0000001
 43
0.0000001
 44
0.0000000001
 40
0.0
 40
0.0
 40
0.0
 40
0.0
 40
1.0
 40
1.0
 40
1.0
 40
1.0
 10
1004.6724532475
 20
440.013822393
 30
0.0
 10
1004.6724532475
 20
440.9896248973
 30
0.0
 10
1004.5077403213
 20
441.7727530253
 30
0.0
 10
1004.1771718486
 20
442.3683744795
 30
0.0
  0
SPLINE
  5
C00
100
AcDbEntity
  8
5_ALL_CURVES
100
AcDbSpline
 62
5
  6
BYLAYER
 70
0
 71
3
 72
8
 73
4
 74
0
 42
0.0000001
 43
0.0000001
 44
0.0000000001
 40
0.0
 40
0.0
 40
0.0
 40
0.0
 40
1.0
 40
1.0
 40
1.0
 40
1.0
 10
1004.1771718486
 20
442.3683744795
 30
0.0
 10
1003.8488903223
 20
442.9598752929
 30
0.0
 10
1003.4177304422
 20
443.2582096874
 30
0.0
 10
1002.8799924627
 20
443.2582096874
 30
0.0
  0
SPLINE
  5
C01
100
AcDbEntity
  8
5_ALL_CURVES
100
AcDbSpline
 62
5
  6
BYLAYER
 70
0
 71
3
 72
8
 73
4
 74
0
 42
0.0000001
 43
0.0000001
 44
0.0000000001
 40
0.0
 40
0.0
 40
0.0
 40
0.0
 40
1.0
 40
1.0
 40
1.0
 40
1.0
 10
1002.8799924627
 20
443.2582096874
 30
0.0
 10
1002.4342986624
 20
443.2582096874
 30
0.0
 10
1002.075806676
 20
443.0841815187
 30
0.0
 10
1001.7977449056
 20
442.7387041435
 30
0.0
  0
SPLINE
  5
C02
100
AcDbEntity
  8
5_ALL_CURVES
100
AcDbSpline
 62
5
  6
BYLAYER
 70
0
 71
3
 72
8
 73
4
 74
0
 42
0.0000001
 43
0.0000001
 44
0.0000000001
 40
0.0
 40
0.0
 40
0.0
 40
0.0
 40
1.0
 40
1.0
 40
1.0
 40
1.0
 10
1001.7977449056
 20
442.7387041435
 30
0.0
 10
1001.6155798084
 20
442.512373427
 30
0.0
 10
1001.4363338154
 20
442.1518859196
 30
0.0
 10
1001.2619327464
 20
441.6546621108
 30
0.0
  0
SPLINE
  5
C03
100
AcDbEntity
  8
5_ALL_CURVES
100
AcDbSpline
 62
5
  6
BYLAYER
 70
0
 71
3
 72
8
 73
4
 74
0
 42
0.0000001
 43
0.0000001
 44
0.0000000001
 40
0.0
 40
0.0
 40
0.0
 40
0.0
 40
1.0
 40
1.0
 40
1.0
 40
1.0
 10
1001.2619327464
 20
438.2797534157
 30
0.0
 10
1001.4605567312
 20
437.7576681569
 30
0.0
 10
1001.6446467954
 20
437.3909653379
 30
0.0
 10
1001.8093597225
 20
437.1796450969
 30
0.0
  0
SPLINE
  5
C04
100
AcDbEntity
  8
5_ALL_CURVES
100
AcDbSpline
 62
5
  6
BYLAYER
 70
0
 71
3
 72
8
 73
4
 74
0
 42
0.0000001
 43
0.0000001
 44
0.0000000001
 40
0.0
 40
0.0
 40
0.0
 40
0.0
 40
1.0
 40
1.0
 40
1.0
 40
1.0
 10
1001.8093597225
 20
437.1796450969
 30
0.0
 10
1002.0709626043
 20
436.8440188334
 30
0.0
 10
1002.4003876038
 20
436.6824209965
 30
0.0
 10
1002.7976355729
 20
436.6824209965
 30
0.0
  0
SPLINE
  5
C05
100
AcDbEntity
  8
5_ALL_CURVES
100
AcDbSpline
 62
5
  6
BYLAYER
 70
0
 71
3
 72
8
 73
4
 74
0
 42
0.0000001
 43
0.0000001
 44
0.0000000001
 40
0.0
 40
0.0
 40
0.0
 40
0.0
 40
1.0
 40
1.0
 40
1.0
 40
1.0
 10
1002.7976355729
 20
436.6824209965
 30
0.0
 10
1003.3644413922
 20
436.6824209965
 30
0.0
 10
1003.8198233353
 20
436.9807554594
 30
0.0
 10
1004.1600838634
 20
437.5887961652
 30
0.0
  0
SPLINE
  5
C06
100
AcDbEntity
  8
5_ALL_CURVES
100
AcDbSpline
 62
5
  6
BYLAYER
 70
0
 71
3
 72
8
 73
4
 74
0
 42
0.0000001
 43
0.0000001
 44
0.0000000001
 40
0.0
 40
0.0
 40
0.0
 40
0.0
 40
1.0
 40
1.0
 40
1.0
 40
1.0
 10
1004.1600838634
 20
437.5887961652
 30
0.0
 10
1004.4980513256
 20
438.1927391944
 30
0.0
 10
1004.6724532475
 20
439.0007284309
 30
0.0
 10
1004.6724532475
 20
440.013822393
 30
0.0
  0
SPLINE
  5
C07
100
AcDbEntity
  8
5_ALL_CURVES
100
AcDbSpline
 62
5
  6
BYLAYER
 70
0
 71
3
 72
8
 73
4
 74
0
 42
0.0000001
 43
0.0000001
 44
0.0000000001
 40
0.0
 40
0.0
 40
0.0
 40
0.0
 40
1.0
 40
1.0
 40
1.0
 40
1.0
 10
1003.7907563483
 20
440.0884061282
 30
0.0
 10
1003.7907563483
 20
439.0566660958
 30
0.0
 10
1003.6405773423
 20
438.348121703
 30
0.0
 10
1003.343154301
 20
437.9589831889
 30
0.0
  0
SPLINE
  5
C08
100
AcDbEntity
  8
5_ALL_CURVES
100
AcDbSpline
 62
5
  6
BYLAYER
 70
0
 71
3
 72
8
 73
4
 74
0
 42
0.0000001
 43
0.0000001
 44
0.0000000001
 40
0.0
 40
0.0
 40
0.0
 40
0.0
 40
1.0
 40
1.0
 40
1.0
 40
1.0
 10
1003.343154301
 20
437.9589831889
 30
0.0
 10
1003.1512834878
 20
437.7079457348
 30
0.0
 10
1002.9090585964
 20
437.5836397142
 30
0.0
 10
1002.6280785756
 20
437.5836397142
 30
0.0
  0
SPLINE
  5
C09
100
AcDbEntity
  8
5_ALL_CURVES
100
AcDbSpline
 62
5
  6
BYLAYER
 70
0
 71
3
 72
8
 73
4
 74
0
 42
0.0000001
 43
0.0000001
 44
0.0000000001
 40
0.0
 40
0.0
 40
0.0
 40
0.0
 40
1.0
 40
1.0
 40
1.0
 40
1.0
 10
1002.6280785756
 20
437.5836397142
 30
0.0
 10
1002.2114526152
 20
437.5836397142
 30
0.0
 10
1001.8771826912
 20
437.7949599562
 30
0.0
 10
1001.6312754998
 20
438.2187061362
 30
0.0
  0
SPLINE
  5
C0A
100
AcDbEntity
  8
5_ALL_CURVES
100
AcDbSpline
 62
5
  6
BYLAYER
 70
0
 71
3
 72
8
 73
4
 74
0
 42
0.0000001
 43
0.0000001
 44
0.0000000001
 40
0.0
 40
0.0
 40
0.0
 40
0.0
 40
1.0
 40
1.0
 40
1.0
 40
1.0
 10
1001.6312754998
 20
438.2187061362
 30
0.0
 10
1001.3830447659
 20
438.6464562347
 30
0.0
 10
1001.2619327464
 20
439.2182639156
 30
0.0
 10
1001.2619327464
 20
439.945454242
 30
0.0
  0
SPLINE
  5
C0B
100
AcDbEntity
  8
5_ALL_CURVES
100
AcDbSpline
 62
5
  6
BYLAYER
 70
0
 71
3
 72
8
 73
4
 74
0
 42
0.0000001
 43
0.0000001
 44
0.0000000001
 40
0.0
 40
0.0
 40
0.0
 40
0.0
 40
1.0
 40
1.0
 40
1.0
 40
1.0
 10
1001.2619327464
 20
439.945454242
 30
0.0
 10
1001.2619327464
 20
440.69750554
 30
0.0
 10
1001.3830447659
 20
441.2817439806
 30
0.0
 10
1001.6252691851
 20
441.7105995581
 30
0.0
  0
SPLINE
  5
C0C
100
AcDbEntity
  8
5_ALL_CURVES
100
AcDbSpline
 62
5
  6
BYLAYER
 70
0
 71
3
 72
8
 73
4
 74
0
 42
0.0000001
 43
0.0000001
 44
0.0000000001
 40
0.0
 40
0.0
 40
0.0
 40
0.0
 40
1.0
 40
1.0
 40
1.0
 40
1.0
 10
1001.6252691851
 20
441.7105995581
 30
0.0
 10
1001.8674936955
 20
442.1394552968
 30
0.0
 10
1002.2017636195
 20
442.3569911919
 30
0.0
 10
1002.6280785756
 20
442.3569911919
 30
0.0
  0
SPLINE
  5
C0D
100
AcDbEntity
  8
5_ALL_CURVES
100
AcDbSpline
 62
5
  6
BYLAYER
 70
0
 71
3
 72
8
 73
4
 74
0
 42
0.0000001
 43
0.0000001
 44
0.0000000001
 40
0.0
 40
0.0
 40
0.0
 40
0.0
 40
1.0
 40
1.0
 40
1.0
 40
1.0
 10
1002.6280785756
 20
442.3569911919
 30
0.0
 10
1003.4031973749
 20
442.3569911919
 30
0.0
 10
1003.7907563483
 20
441.5987243091
 30
0.0
 10
1003.7907563483
 20
440.0884061282
 30
0.0
  0
SPLINE
  5
C0E
100
AcDbEntity
  8
5_ALL_CURVES
100
AcDbSpline
 62
5
  6
BYLAYER
 70
0
 71
3
 72
8
 73
4
 74
0
 42
0.0000001
 43
0.0000001
 44
0.0000000001
 40
0.0
 40
0.0
 40
0.0
 40
0.0
 40
1.0
 40
1.0
 40
1.0
 40
1.0
 10
1010.568198149
 20
440.013822393
 30
0.0
 10
1010.568198149
 20
440.9896248973
 30
0.0
 10
1010.40348437
 20
441.7727530253
 30
0.0
 10
1010.0729161855
 20
442.3683739609
 30
0.0
  0
SPLINE
  5
C0F
100
AcDbEntity
  8
5_ALL_CURVES
100
AcDbSpline
 62
5
  6
BYLAYER
 70
0
 71
3
 72
8
 73
4
 74
0
 42
0.0000001
 43
0.0000001
 44
0.0000000001
 40
0.0
 40
0.0
 40
0.0
 40
0.0
 40
1.0
 40
1.0
 40
1.0
 40
1.0
 10
1010.0729161855
 20
442.3683739609
 30
0.0
 10
1009.7446343709
 20
442.9598752929
 30
0.0
 10
1009.3134753437
 20
443.2582096874
 30
0.0
 10
1008.7757365114
 20
443.2582096874
 30
0.0
  0
SPLINE
  5
C10
100
AcDbEntity
  8
5_ALL_CURVES
100
AcDbSpline
 62
5
  6
BYLAYER
 70
0
 71
3
 72
8
 73
4
 74
0
 42
0.0000001
 43
0.0000001
 44
0.0000000001
 40
0.0
 40
0.0
 40
0.0
 40
0.0
 40
1.0
 40
1.0
 40
1.0
 40
1.0
 10
1008.7757365114
 20
443.2582096874
 30
0.0
 10
1008.3300427111
 20
443.2582096874
 30
0.0
 10
1007.9715507246
 20
443.0841815187
 30
0.0
 10
1007.6934893995
 20
442.7387046961
 30
0.0
  0
SPLINE
  5
C11
100
AcDbEntity
  8
5_ALL_CURVES
100
AcDbSpline
 62
5
  6
BYLAYER
 70
0
 71
3
 72
8
 73
4
 74
0
 42
0.0000001
 43
0.0000001
 44
0.0000000001
 40
0.0
 40
0.0
 40
0.0
 40
0.0
 40
1.0
 40
1.0
 40
1.0
 40
1.0
 10
1007.6934893995
 20
442.7387046961
 30
0.0
 10
1007.5113238571
 20
442.512373427
 30
0.0
 10
1007.3320787169
 20
442.1518859196
 30
0.0
 10
1007.1576767951
 20
441.6546621108
 30
0.0
  0
SPLINE
  5
C12
100
AcDbEntity
  8
5_ALL_CURVES
100
AcDbSpline
 62
5
  6
BYLAYER
 70
0
 71
3
 72
8
 73
4
 74
0
 42
0.0000001
 43
0.0000001
 44
0.0000000001
 40
0.0
 40
0.0
 40
0.0
 40
0.0
 40
1.0
 40
1.0
 40
1.0
 40
1.0
 10
1007.1576767951
 20
438.2797534157
 30
0.0
 10
1007.3563016327
 20
437.7576681569
 30
0.0
 10
1007.5403916974
 20
437.3909653379
 30
0.0
 10
1007.705103868
 20
437.1796452212
 30
0.0
  0
SPLINE
  5
C13
100
AcDbEntity
  8
5_ALL_CURVES
100
AcDbSpline
 62
5
  6
BYLAYER
 70
0
 71
3
 72
8
 73
4
 74
0
 42
0.0000001
 43
0.0000001
 44
0.0000000001
 40
0.0
 40
0.0
 40
0.0
 40
0.0
 40
1.0
 40
1.0
 40
1.0
 40
1.0
 10
1007.705103868
 20
437.1796452212
 30
0.0
 10
1007.9667058002
 20
436.8440188334
 30
0.0
 10
1008.2961316525
 20
436.6824209965
 30
0.0
 10
1008.6933796216
 20
436.6824209965
 30
0.0
  0
SPLINE
  5
C14
100
AcDbEntity
  8
5_ALL_CURVES
100
AcDbSpline
 62
5
  6
BYLAYER
 70
0
 71
3
 72
8
 73
4
 74
0
 42
0.0000001
 43
0.0000001
 44
0.0000000001
 40
0.0
 40
0.0
 40
0.0
 40
0.0
 40
1.0
 40
1.0
 40
1.0
 40
1.0
 10
1008.6933796216
 20
436.6824209965
 30
0.0
 10
1009.2601845881
 20
436.6824209965
 30
0.0
 10
1009.7155682373
 20
436.9807554594
 30
0.0
 10
1010.0558287653
 20
437.5887961652
 30
0.0
  0
SPLINE
  5
C15
100
AcDbEntity
  8
5_ALL_CURVES
100
AcDbSpline
 62
5
  6
BYLAYER
 70
0
 71
3
 72
8
 73
4
 74
0
 42
0.0000001
 43
0.0000001
 44
0.0000000001
 40
0.0
 40
0.0
 40
0.0
 40
0.0
 40
1.0
 40
1.0
 40
1.0
 40
1.0
 10
1010.0558287653
 20
437.5887961652
 30
0.0
 10
1010.3937962271
 20
438.1927391944
 30
0.0
 10
1010.568198149
 20
439.0007284309
 30
0.0
 10
1010.568198149
 20
440.013822393
 30
0.0
  0
SPLINE
  5
C16
100
AcDbEntity
  8
5_ALL_CURVES
100
AcDbSpline
 62
5
  6
BYLAYER
 70
0
 71
3
 72
8
 73
4
 74
0
 42
0.0000001
 43
0.0000001
 44
0.0000000001
 40
0.0
 40
0.0
 40
0.0
 40
0.0
 40
1.0
 40
1.0
 40
1.0
 40
1.0
 10
1009.686500397
 20
440.0884061282
 30
0.0
 10
1009.686500397
 20
439.0566660958
 30
0.0
 10
1009.536321391
 20
438.348121703
 30
0.0
 10
1009.2388990318
 20
437.9589834033
 30
0.0
  0
SPLINE
  5
C17
100
AcDbEntity
  8
5_ALL_CURVES
100
AcDbSpline
 62
5
  6
BYLAYER
 70
0
 71
3
 72
8
 73
4
 74
0
 42
0.0000001
 43
0.0000001
 44
0.0000000001
 40
0.0
 40
0.0
 40
0.0
 40
0.0
 40
1.0
 40
1.0
 40
1.0
 40
1.0
 10
1009.2388990318
 20
437.9589834033
 30
0.0
 10
1009.0470283897
 20
437.7079457348
 30
0.0
 10
1008.804802645
 20
437.5836397142
 30
0.0
 10
1008.5238226243
 20
437.5836397142
 30
0.0
  0
SPLINE
  5
C18
100
AcDbEntity
  8
5_ALL_CURVES
100
AcDbSpline
 62
5
  6
BYLAYER
 70
0
 71
3
 72
8
 73
4
 74
0
 42
0.0000001
 43
0.0000001
 44
0.0000000001
 40
0.0
 40
0.0
 40
0.0
 40
0.0
 40
1.0
 40
1.0
 40
1.0
 40
1.0
 10
1008.5238226243
 20
437.5836397142
 30
0.0
 10
1008.1071966638
 20
437.5836397142
 30
0.0
 10
1007.7729275931
 20
437.7949599562
 30
0.0
 10
1007.5270204018
 20
438.2187061362
 30
0.0
  0
SPLINE
  5
C19
100
AcDbEntity
  8
5_ALL_CURVES
100
AcDbSpline
 62
5
  6
BYLAYER
 70
0
 71
3
 72
8
 73
4
 74
0
 42
0.0000001
 43
0.0000001
 44
0.0000000001
 40
0.0
 40
0.0
 40
0.0
 40
0.0
 40
1.0
 40
1.0
 40
1.0
 40
1.0
 10
1007.5270204018
 20
438.2187061362
 30
0.0
 10
1007.2787896675
 20
438.6464562347
 30
0.0
 10
1007.1576767951
 20
439.2182639156
 30
0.0
 10
1007.1576767951
 20
439.945454242
 30
0.0
  0
SPLINE
  5
C1A
100
AcDbEntity
  8
5_ALL_CURVES
100
AcDbSpline
 62
5
  6
BYLAYER
 70
0
 71
3
 72
8
 73
4
 74
0
 42
0.0000001
 43
0.0000001
 44
0.0000000001
 40
0.0
 40
0.0
 40
0.0
 40
0.0
 40
1.0
 40
1.0
 40
1.0
 40
1.0
 10
1007.1576767951
 20
439.945454242
 30
0.0
 10
1007.1576767951
 20
440.69750554
 30
0.0
 10
1007.2787896675
 20
441.2817439806
 30
0.0
 10
1007.521013807
 20
441.7105998179
 30
0.0
  0
SPLINE
  5
C1B
100
AcDbEntity
  8
5_ALL_CURVES
100
AcDbSpline
 62
5
  6
BYLAYER
 70
0
 71
3
 72
8
 73
4
 74
0
 42
0.0000001
 43
0.0000001
 44
0.0000000001
 40
0.0
 40
0.0
 40
0.0
 40
0.0
 40
1.0
 40
1.0
 40
1.0
 40
1.0
 10
1007.521013807
 20
441.7105998179
 30
0.0
 10
1007.7632377442
 20
442.1394552968
 30
0.0
 10
1008.097508521
 20
442.3569911919
 30
0.0
 10
1008.5238226243
 20
442.3569911919
 30
0.0
  0
SPLINE
  5
C1C
100
AcDbEntity
  8
5_ALL_CURVES
100
AcDbSpline
 62
5
  6
BYLAYER
 70
0
 71
3
 72
8
 73
4
 74
0
 42
0.0000001
 43
0.0000001
 44
0.0000000001
 40
0.0
 40
0.0
 40
0.0
 40
0.0
 40
1.0
 40
1.0
 40
1.0
 40
1.0
 10
1008.5238226243
 20
442.3569911919
 30
0.0
 10
1009.2989405707
 20
442.3569911919
 30
0.0
 10
1009.686500397
 20
441.5987243091
 30
0.0
 10
1009.686500397
 20
440.0884061282
 30
0.0
  0
SPLINE
  5
C1D
100
AcDbEntity
  8
5_ALL_CURVES
100
AcDbSpline
 62
5
  6
BYLAYER
 70
0
 71
3
 72
8
 73
4
 74
0
 42
0.0000001
 43
0.0000001
 44
0.0000000001
 40
0.0
 40
0.0
 40
0.0
 40
0.0
 40
1.0
 40
1.0
 40
1.0
 40
1.0
 10
1014.5794355275
 20
443.2582096874
 30
0.0
 10
1014.4050336057
 20
443.2706403097
 30
0.0
 10
1014.2936105822
 20
443.2830709326
 30
0.0
 10
1014.2354766083
 20
443.2830709326
 30
0.0
  0
SPLINE
  5
C1E
100
AcDbEntity
  8
5_ALL_CURVES
100
AcDbSpline
 62
5
  6
BYLAYER
 70
0
 71
3
 72
8
 73
4
 74
0
 42
0.0000001
 43
0.0000001
 44
0.0000000001
 40
0.0
 40
0.0
 40
0.0
 40
0.0
 40
1.0
 40
1.0
 40
1.0
 40
1.0
 10
1014.2354766083
 20
443.2830709326
 30
0.0
 10
1013.9157406044
 20
443.2830709326
 30
0.0
 10
1013.6396038016
 20
443.1276886975
 30
0.0
 10
1013.4083476777
 20
442.8153791291
 30
0.0
  0
SPLINE
  5
C1F
100
AcDbEntity
  8
5_ALL_CURVES
100
AcDbSpline
 62
5
  6
BYLAYER
 70
0
 71
3
 72
8
 73
4
 74
0
 42
0.0000001
 43
0.0000001
 44
0.0000000001
 40
0.0
 40
0.0
 40
0.0
 40
0.0
 40
1.0
 40
1.0
 40
1.0
 40
1.0
 10
1013.4083476777
 20
442.8153791291
 30
0.0
 10
1013.2714236727
 20
442.6304643415
 30
0.0
 10
1013.1115548177
 20
442.3321299471
 30
0.0
 10
1012.9323096775
 20
441.9094893264
 30
0.0
  0
SPLINE
  5
C20
100
AcDbEntity
  8
5_ALL_CURVES
100
AcDbSpline
 62
5
  6
BYLAYER
 70
0
 71
3
 72
8
 73
4
 74
0
 42
0.0000001
 43
0.0000001
 44
0.0000000001
 40
0.0
 40
0.0
 40
0.0
 40
0.0
 40
1.0
 40
1.0
 40
1.0
 40
1.0
 10
1012.9323096775
 20
440.5731995878
 30
0.0
 10
1012.9323096775
 20
441.045562425
 30
0.0
 10
1013.0437327014
 20
441.4371262156
 30
0.0
 10
1013.2714237792
 20
441.7416763376
 30
0.0
  0
SPLINE
  5
C21
100
AcDbEntity
  8
5_ALL_CURVES
100
AcDbSpline
 62
5
  6
BYLAYER
 70
0
 71
3
 72
8
 73
4
 74
0
 42
0.0000001
 43
0.0000001
 44
0.0000000001
 40
0.0
 40
0.0
 40
0.0
 40
0.0
 40
1.0
 40
1.0
 40
1.0
 40
1.0
 10
1013.2714237792
 20
441.7416763376
 30
0.0
 10
1013.499114644
 20
442.0462261745
 30
0.0
 10
1013.7946277321
 20
442.2016084096
 30
0.0
 10
1014.1531197186
 20
442.2016084096
 30
0.0
  0
SPLINE
  5
C22
100
AcDbEntity
  8
5_ALL_CURVES
100
AcDbSpline
 62
5
  6
BYLAYER
 70
0
 71
3
 72
8
 73
4
 74
0
 42
0.0000001
 43
0.0000001
 44
0.0000000001
 40
0.0
 40
0.0
 40
0.0
 40
0.0
 40
1.0
 40
1.0
 40
1.0
 40
1.0
 10
1014.1531197186
 20
442.2016084096
 30
0.0
 10
1014.2548545996
 20
442.2016084096
 30
0.0
 10
1014.3953454633
 20
442.182962476
 30
0.0
 10
1014.5794355275
 20
442.1518859196
 30
0.0
  0
SPLINE
  5
C23
100
AcDbEntity
  8
0
100
AcDbSpline
 62
5
  6
BYLAYER
 70
0
 71
3
 72
8
 73
4
 74
0
 42
0.0000001
 43
0.0000001
 44
0.0000000001
 40
0.0
 40
0.0
 40
0.0
 40
0.0
 40
1.0
 40
1.0
 40
1.0
 40
1.0
 10
1019.3028136606
 20
439.9765307984
 30
0.0
 10
1019.3028136606
 20
439.2244792268
 30
0.0
 10
1019.1817007882
 20
438.6340256119
 30
0.0
 10
1018.9406316978
 20
438.2103074813
 30
0.0
  0
SPLINE
  5
C24
100
AcDbEntity
  8
0
100
AcDbSpline
 62
5
  6
BYLAYER
 70
0
 71
3
 72
8
 73
4
 74
0
 42
0.0000001
 43
0.0000001
 44
0.0000000001
 40
0.0
 40
0.0
 40
0.0
 40
0.0
 40
1.0
 40
1.0
 40
1.0
 40
1.0
 10
1018.9406316978
 20
438.2103074813
 30
0.0
 10
1018.6972527115
 20
437.7825293333
 30
0.0
 10
1018.3629819347
 20
437.5712090918
 30
0.0
 10
1017.9415110502
 20
437.5712090918
 30
0.0
  0
SPLINE
  5
C25
100
AcDbEntity
  8
0
100
AcDbSpline
 62
5
  6
BYLAYER
 70
0
 71
3
 72
8
 73
4
 74
0
 42
0.0000001
 43
0.0000001
 44
0.0000000001
 40
0.0
 40
0.0
 40
0.0
 40
0.0
 40
1.0
 40
1.0
 40
1.0
 40
1.0
 10
1017.9415110502
 20
437.5712090918
 30
0.0
 10
1017.4764409644
 20
437.5712090918
 30
0.0
 10
1017.1131040539
 20
437.7763140221
 30
0.0
 10
1016.8600164588
 20
438.1915572524
 30
0.0
  0
SPLINE
  5
C26
100
AcDbEntity
  8
0
100
AcDbSpline
 62
5
  6
BYLAYER
 70
0
 71
3
 72
8
 73
4
 74
0
 42
0.0000001
 43
0.0000001
 44
0.0000000001
 40
0.0
 40
0.0
 40
0.0
 40
0.0
 40
1.0
 40
1.0
 40
1.0
 40
1.0
 10
1016.8600164588
 20
438.1915572524
 30
0.0
 10
1016.6092762797
 20
438.6029490554
 30
0.0
 10
1016.483320189
 20
439.1934026704
 30
0.0
 10
1016.483320189
 20
439.9516695536
 30
0.0
  0
SPLINE
  5
C27
100
AcDbEntity
  8
0
100
AcDbSpline
 62
5
  6
BYLAYER
 70
0
 71
3
 72
8
 73
4
 74
0
 42
0.0000001
 43
0.0000001
 44
0.0000000001
 40
0.0
 40
0.0
 40
0.0
 40
0.0
 40
1.0
 40
1.0
 40
1.0
 40
1.0
 10
1016.483320189
 20
439.9516695536
 30
0.0
 10
1016.483320189
 20
440.7347974081
 30
0.0
 10
1016.6044330613
 20
441.3376817822
 30
0.0
 10
1016.8539748337
 20
441.7687789818
 30
0.0
  0
SPLINE
  5
C28
100
AcDbEntity
  8
0
100
AcDbSpline
 62
5
  6
BYLAYER
 70
0
 71
3
 72
8
 73
4
 74
0
 42
0.0000001
 43
0.0000001
 44
0.0000000001
 40
0.0
 40
0.0
 40
0.0
 40
0.0
 40
1.0
 40
1.0
 40
1.0
 40
1.0
 10
1016.8539748337
 20
441.7687789818
 30
0.0
 10
1017.0937260625
 20
442.182962476
 30
0.0
 10
1017.4279951332
 20
442.39428306
 30
0.0
 10
1017.863999085
 20
442.39428306
 30
0.0
  0
SPLINE
  5
C29
100
AcDbEntity
  8
0
100
AcDbSpline
 62
5
  6
BYLAYER
 70
0
 71
3
 72
8
 73
4
 74
0
 42
0.0000001
 43
0.0000001
 44
0.0000000001
 40
0.0
 40
0.0
 40
0.0
 40
0.0
 40
1.0
 40
1.0
 40
1.0
 40
1.0
 10
1017.863999085
 20
442.39428306
 30
0.0
 10
1018.2951598184
 20
442.39428306
 30
0.0
 10
1018.6391187375
 20
442.2016084096
 30
0.0
 10
1018.887120827
 20
441.8245085751
 30
0.0
  0
SPLINE
  5
C2A
100
AcDbEntity
  8
0
100
AcDbSpline
 62
5
  6
BYLAYER
 70
0
 71
3
 72
8
 73
4
 74
0
 42
0.0000001
 43
0.0000001
 44
0.0000000001
 40
0.0
 40
0.0
 40
0.0
 40
0.0
 40
1.0
 40
1.0
 40
1.0
 40
1.0
 10
1018.887120827
 20
441.8245085751
 30
0.0
 10
1019.1623227969
 20
441.4060499328
 30
0.0
 10
1019.3028136606
 20
440.7907352093
 30
0.0
 10
1019.3028136606
 20
439.9765307984
 30
0.0
  0
SPLINE
  5
C2B
100
AcDbEntity
  8
0
100
AcDbSpline
 62
5
  6
BYLAYER
 70
0
 71
3
 72
8
 73
4
 74
0
 42
0.0000001
 43
0.0000001
 44
0.0000000001
 40
0.0
 40
0.0
 40
0.0
 40
0.0
 40
1.0
 40
1.0
 40
1.0
 40
1.0
 10
1020.174819858
 20
440.0511142606
 30
0.0
 10
1020.174819858
 20
441.0020555197
 30
0.0
 10
1019.9568187352
 20
441.7789677894
 30
0.0
 10
1019.5279765907
 20
442.3851078427
 30
0.0
  0
SPLINE
  5
C2C
100
AcDbEntity
  8
0
100
AcDbSpline
 62
5
  6
BYLAYER
 70
0
 71
3
 72
8
 73
4
 74
0
 42
0.0000001
 43
0.0000001
 44
0.0000000001
 40
0.0
 40
0.0
 40
0.0
 40
0.0
 40
1.0
 40
1.0
 40
1.0
 40
1.0
 10
1019.5279765907
 20
442.3851078427
 30
0.0
 10
1019.099343899
 20
442.9909518493
 30
0.0
 10
1018.5470719993
 20
443.295501555
 30
0.0
 10
1017.8736889335
 20
443.295501555
 30
0.0
  0
SPLINE
  5
C2D
100
AcDbEntity
  8
0
100
AcDbSpline
 62
5
  6
BYLAYER
 70
0
 71
3
 72
8
 73
4
 74
0
 42
0.0000001
 43
0.0000001
 44
0.0000000001
 40
0.0
 40
0.0
 40
0.0
 40
0.0
 40
1.0
 40
1.0
 40
1.0
 40
1.0
 10
1017.8736889335
 20
443.295501555
 30
0.0
 10
1017.2099940104
 20
443.295501555
 30
0.0
 10
1016.6674102536
 20
442.9847365377
 30
0.0
 10
1016.2457885523
 20
442.3758090641
 30
0.0
  0
SPLINE
  5
C2E
100
AcDbEntity
  8
0
100
AcDbSpline
 62
5
  6
BYLAYER
 70
0
 71
3
 72
8
 73
4
 74
0
 42
0.0000001
 43
0.0000001
 44
0.0000000001
 40
0.0
 40
0.0
 40
0.0
 40
0.0
 40
1.0
 40
1.0
 40
1.0
 40
1.0
 10
1016.2457885523
 20
442.3758090641
 30
0.0
 10
1015.8196252659
 20
441.7603224025
 30
0.0
 10
1015.6113122859
 20
440.9709789632
 30
0.0
 10
1015.6113122859
 20
440.013822393
 30
0.0
  0
SPLINE
  5
C2F
100
AcDbEntity
  8
0
100
AcDbSpline
 62
5
  6
BYLAYER
 70
0
 71
3
 72
8
 73
4
 74
0
 42
0.0000001
 43
0.0000001
 44
0.0000000001
 40
0.0
 40
0.0
 40
0.0
 40
0.0
 40
1.0
 40
1.0
 40
1.0
 40
1.0
 10
1015.6113122859
 20
440.013822393
 30
0.0
 10
1015.6113122859
 20
439.0193742281
 30
0.0
 10
1015.8196252659
 20
438.2051698172
 30
0.0
 10
1016.2362512163
 20
437.5836397032
 30
0.0
  0
SPLINE
  5
C30
100
AcDbEntity
  8
0
100
AcDbSpline
 62
5
  6
BYLAYER
 70
0
 71
3
 72
8
 73
4
 74
0
 42
0.0000001
 43
0.0000001
 44
0.0000000001
 40
0.0
 40
0.0
 40
0.0
 40
0.0
 40
1.0
 40
1.0
 40
1.0
 40
1.0
 10
1016.2362512163
 20
437.5836397032
 30
0.0
 10
1016.6528771863
 20
436.9621095598
 30
0.0
 10
1017.1954609436
 20
436.6513444915
 30
0.0
 10
1017.863999085
 20
436.6513444915
 30
0.0
  0
SPLINE
  5
C31
100
AcDbEntity
  8
0
100
AcDbSpline
 62
5
  6
BYLAYER
 70
0
 71
3
 72
8
 73
4
 74
0
 42
0.0000001
 43
0.0000001
 44
0.0000000001
 40
0.0
 40
0.0
 40
0.0
 40
0.0
 40
1.0
 40
1.0
 40
1.0
 40
1.0
 10
1017.863999085
 20
436.6513444915
 30
0.0
 10
1018.5616067723
 20
436.6513444915
 30
0.0
 10
1019.1235668143
 20
436.9558942573
 30
0.0
 10
1019.5436622524
 20
437.5727464678
 30
0.0
  0
SPLINE
  5
C32
100
AcDbEntity
  8
0
100
AcDbSpline
 62
5
  6
BYLAYER
 70
0
 71
3
 72
8
 73
4
 74
0
 42
0.0000001
 43
0.0000001
 44
0.0000000001
 40
0.0
 40
0.0
 40
0.0
 40
0.0
 40
1.0
 40
1.0
 40
1.0
 40
1.0
 10
1019.5436622524
 20
437.5727464678
 30
0.0
 10
1019.9616636596
 20
438.1865238832
 30
0.0
 10
1020.174819858
 20
439.0131589169
 30
0.0
 10
1020.174819858
 20
440.0511142606
 30
0.0
  0
HATCH
  5
C33
100
AcDbEntity
  8
0
100
AcDbHatch
 62
5
  6
BYLAYER
 10
0.0
 20
0.0
 30
0.0
210
0.0
220
0.0
230
1.0
  2
SOLID
 70
1
 71
1
 91
2
 92
1
 93
8
 72
4
 94
3
 73
0
 74
0
 95
8
 96
4
 40
0.0
 40
0.0
 40
0.0
 40
0.0
 40
1.0
 40
1.0
 40
1.0
 40
1.0
 10
1018.9406316978
 20
438.2103074813
 10
1018.6972527115
 20
437.7825293333
 10
1018.3629819347
 20
437.5712090918
 10
1017.9415110502
 20
437.5712090918
 72
4
 94
3
 73
0
 74
0
 95
8
 96
4
 40
0.0
 40
0.0
 40
0.0
 40
0.0
 40
1.0
 40
1.0
 40
1.0
 40
1.0
 10
1017.9415110502
 20
437.5712090918
 10
1017.4764409644
 20
437.5712090918
 10
1017.1131040539
 20
437.7763140221
 10
1016.8600164588
 20
438.1915572524
 72
4
 94
3
 73
0
 74
0
 95
8
 96
4
 40
0.0
 40
0.0
 40
0.0
 40
0.0
 40
1.0
 40
1.0
 40
1.0
 40
1.0
 10
1016.8600164588
 20
438.1915572524
 10
1016.6092762797
 20
438.6029490554
 10
1016.483320189
 20
439.1934026704
 10
1016.483320189
 20
439.9516695536
 72
4
 94
3
 73
0
 74
0
 95
8
 96
4
 40
0.0
 40
0.0
 40
0.0
 40
0.0
 40
1.0
 40
1.0
 40
1.0
 40
1.0
 10
1016.483320189
 20
439.9516695536
 10
1016.483320189
 20
440.7347974081
 10
1016.6044330613
 20
441.3376817822
 10
1016.8539748337
 20
441.7687789818
 72
4
 94
3
 73
0
 74
0
 95
8
 96
4
 40
0.0
 40
0.0
 40
0.0
 40
0.0
 40
1.0
 40
1.0
 40
1.0
 40
1.0
 10
1016.8539748337
 20
441.7687789818
 10
1017.0937260625
 20
442.182962476
 10
1017.4279951332
 20
442.39428306
 10
1017.863999085
 20
442.39428306
 72
4
 94
3
 73
0
 74
0
 95
8
 96
4
 40
0.0
 40
0.0
 40
0.0
 40
0.0
 40
1.0
 40
1.0
 40
1.0
 40
1.0
 10
1017.863999085
 20
442.39428306
 10
1018.2951598184
 20
442.39428306
 10
1018.6391187375
 20
442.2016084096
 10
1018.887120827
 20
441.8245085751
 72
4
 94
3
 73
0
 74
0
 95
8
 96
4
 40
0.0
 40
0.0
 40
0.0
 40
0.0
 40
1.0
 40
1.0
 40
1.0
 40
1.0
 10
1018.887120827
 20
441.8245085751
 10
1019.1623227969
 20
441.4060499328
 10
1019.3028136606
 20
440.7907352093
 10
1019.3028136606
 20
439.9765307984
 72
4
 94
3
 73
0
 74
0
 95
8
 96
4
 40
0.0
 40
0.0
 40
0.0
 40
0.0
 40
1.0
 40
1.0
 40
1.0
 40
1.0
 10
1019.3028136606
 20
439.9765307984
 10
1019.3028136606
 20
439.2244792268
 10
1019.1817007882
 20
438.6340256119
 10
1018.9406316978
 20
438.2103074813
 97
16
330
C23
330
C24
330
C25
330
C26
330
C27
330
C28
330
C29
330
C2A
330
C2B
330
C2C
330
C2D
330
C2E
330
C2F
330
C30
330
C31
330
C32
 92
1
 93
8
 72
4
 94
3
 73
0
 74
0
 95
8
 96
4
 40
0.0
 40
0.0
 40
0.0
 40
0.0
 40
1.0
 40
1.0
 40
1.0
 40
1.0
 10
1019.5279765907
 20
442.3851078427
 10
1019.099343899
 20
442.9909518493
 10
1018.5470719993
 20
443.295501555
 10
1017.8736889335
 20
443.295501555
 72
4
 94
3
 73
0
 74
0
 95
8
 96
4
 40
0.0
 40
0.0
 40
0.0
 40
0.0
 40
1.0
 40
1.0
 40
1.0
 40
1.0
 10
1017.8736889335
 20
443.295501555
 10
1017.2099940104
 20
443.295501555
 10
1016.6674102536
 20
442.9847365377
 10
1016.2457885523
 20
442.3758090641
 72
4
 94
3
 73
0
 74
0
 95
8
 96
4
 40
0.0
 40
0.0
 40
0.0
 40
0.0
 40
1.0
 40
1.0
 40
1.0
 40
1.0
 10
1016.2457885523
 20
442.3758090641
 10
1015.8196252659
 20
441.7603224025
 10
1015.6113122859
 20
440.9709789632
 10
1015.6113122859
 20
440.013822393
 72
4
 94
3
 73
0
 74
0
 95
8
 96
4
 40
0.0
 40
0.0
 40
0.0
 40
0.0
 40
1.0
 40
1.0
 40
1.0
 40
1.0
 10
1015.6113122859
 20
440.013822393
 10
1015.6113122859
 20
439.0193742281
 10
1015.8196252659
 20
438.2051698172
 10
1016.2362512163
 20
437.5836397032
 72
4
 94
3
 73
0
 74
0
 95
8
 96
4
 40
0.0
 40
0.0
 40
0.0
 40
0.0
 40
1.0
 40
1.0
 40
1.0
 40
1.0
 10
1016.2362512163
 20
437.5836397032
 10
1016.6528771863
 20
436.9621095598
 10
1017.1954609436
 20
436.6513444915
 10
1017.863999085
 20
436.6513444915
 72
4
 94
3
 73
0
 74
0
 95
8
 96
4
 40
0.0
 40
0.0
 40
0.0
 40
0.0
 40
1.0
 40
1.0
 40
1.0
 40
1.0
 10
1017.863999085
 20
436.6513444915
 10
1018.5616067723
 20
436.6513444915
 10
1019.1235668143
 20
436.9558942573
 10
1019.5436622524
 20
437.5727464678
 72
4
 94
3
 73
0
 74
0
 95
8
 96
4
 40
0.0
 40
0.0
 40
0.0
 40
0.0
 40
1.0
 40
1.0
 40
1.0
 40
1.0
 10
1019.5436622524
 20
437.5727464678
 10
1019.9616636596
 20
438.1865238832
 10
1020.174819858
 20
439.0131589169
 10
1020.174819858
 20
440.0511142606
 72
4
 94
3
 73
0
 74
0
 95
8
 96
4
 40
0.0
 40
0.0
 40
0.0
 40
0.0
 40
1.0
 40
1.0
 40
1.0
 40
1.0
 10
1020.174819858
 20
440.0511142606
 10
1020.174819858
 20
441.0020555197
 10
1019.9568187352
 20
441.7789677894
 10
1019.5279765907
 20
442.3851078427
 97
16
330
C23
330
C24
330
C25
330
C26
330
C27
330
C28
330
C29
330
C2A
330
C2B
330
C2C
330
C2D
330
C2E
330
C2F
330
C30
330
C31
330
C32
 75
0
 76
1
 98
1
 10
0.0
 20
0.0
  0
SPLINE
  5
C34
100
AcDbEntity
  8
5_ALL_CURVES
100
AcDbSpline
 62
5
  6
BYLAYER
 70
0
 71
3
 72
8
 73
4
 74
0
 42
0.0000001
 43
0.0000001
 44
0.0000000001
 40
0.0
 40
0.0
 40
0.0
 40
0.0
 40
1.0
 40
1.0
 40
1.0
 40
1.0
 10
1020.174819858
 20
440.0511142606
 30
0.0
 10
1020.174819858
 20
441.0020555197
 30
0.0
 10
1019.9568187352
 20
441.7789677894
 30
0.0
 10
1019.5279765907
 20
442.3851078427
 30
0.0
  0
SPLINE
  5
C35
100
AcDbEntity
  8
5_ALL_CURVES
100
AcDbSpline
 62
5
  6
BYLAYER
 70
0
 71
3
 72
8
 73
4
 74
0
 42
0.0000001
 43
0.0000001
 44
0.0000000001
 40
0.0
 40
0.0
 40
0.0
 40
0.0
 40
1.0
 40
1.0
 40
1.0
 40
1.0
 10
1019.5279765907
 20
442.3851078427
 30
0.0
 10
1019.099343899
 20
442.9909518493
 30
0.0
 10
1018.5470719993
 20
443.295501555
 30
0.0
 10
1017.8736889335
 20
443.295501555
 30
0.0
  0
SPLINE
  5
C36
100
AcDbEntity
  8
5_ALL_CURVES
100
AcDbSpline
 62
5
  6
BYLAYER
 70
0
 71
3
 72
8
 73
4
 74
0
 42
0.0000001
 43
0.0000001
 44
0.0000000001
 40
0.0
 40
0.0
 40
0.0
 40
0.0
 40
1.0
 40
1.0
 40
1.0
 40
1.0
 10
1017.8736889335
 20
443.295501555
 30
0.0
 10
1017.2099940104
 20
443.295501555
 30
0.0
 10
1016.6674102536
 20
442.9847365377
 30
0.0
 10
1016.2457885523
 20
442.3758090641
 30
0.0
  0
SPLINE
  5
C37
100
AcDbEntity
  8
5_ALL_CURVES
100
AcDbSpline
 62
5
  6
BYLAYER
 70
0
 71
3
 72
8
 73
4
 74
0
 42
0.0000001
 43
0.0000001
 44
0.0000000001
 40
0.0
 40
0.0
 40
0.0
 40
0.0
 40
1.0
 40
1.0
 40
1.0
 40
1.0
 10
1016.2457885523
 20
442.3758090641
 30
0.0
 10
1015.8196252659
 20
441.7603224025
 30
0.0
 10
1015.6113122859
 20
440.9709789632
 30
0.0
 10
1015.6113122859
 20
440.013822393
 30
0.0
  0
SPLINE
  5
C38
100
AcDbEntity
  8
5_ALL_CURVES
100
AcDbSpline
 62
5
  6
BYLAYER
 70
0
 71
3
 72
8
 73
4
 74
0
 42
0.0000001
 43
0.0000001
 44
0.0000000001
 40
0.0
 40
0.0
 40
0.0
 40
0.0
 40
1.0
 40
1.0
 40
1.0
 40
1.0
 10
1015.6113122859
 20
440.013822393
 30
0.0
 10
1015.6113122859
 20
439.0193742281
 30
0.0
 10
1015.8196252659
 20
438.2051698172
 30
0.0
 10
1016.2362512163
 20
437.5836397032
 30
0.0
  0
SPLINE
  5
C39
100
AcDbEntity
  8
5_ALL_CURVES
100
AcDbSpline
 62
5
  6
BYLAYER
 70
0
 71
3
 72
8
 73
4
 74
0
 42
0.0000001
 43
0.0000001
 44
0.0000000001
 40
0.0
 40
0.0
 40
0.0
 40
0.0
 40
1.0
 40
1.0
 40
1.0
 40
1.0
 10
1016.2362512163
 20
437.5836397032
 30
0.0
 10
1016.6528771863
 20
436.9621095598
 30
0.0
 10
1017.1954609436
 20
436.6513444915
 30
0.0
 10
1017.863999085
 20
436.6513444915
 30
0.0
  0
SPLINE
  5
C3A
100
AcDbEntity
  8
5_ALL_CURVES
100
AcDbSpline
 62
5
  6
BYLAYER
 70
0
 71
3
 72
8
 73
4
 74
0
 42
0.0000001
 43
0.0000001
 44
0.0000000001
 40
0.0
 40
0.0
 40
0.0
 40
0.0
 40
1.0
 40
1.0
 40
1.0
 40
1.0
 10
1017.863999085
 20
436.6513444915
 30
0.0
 10
1018.5616067723
 20
436.6513444915
 30
0.0
 10
1019.1235668143
 20
436.9558942573
 30
0.0
 10
1019.5436622524
 20
437.5727464678
 30
0.0
  0
SPLINE
  5
C3B
100
AcDbEntity
  8
5_ALL_CURVES
100
AcDbSpline
 62
5
  6
BYLAYER
 70
0
 71
3
 72
8
 73
4
 74
0
 42
0.0000001
 43
0.0000001
 44
0.0000000001
 40
0.0
 40
0.0
 40
0.0
 40
0.0
 40
1.0
 40
1.0
 40
1.0
 40
1.0
 10
1019.5436622524
 20
437.5727464678
 30
0.0
 10
1019.9616636596
 20
438.1865238832
 30
0.0
 10
1020.174819858
 20
439.0131589169
 30
0.0
 10
1020.174819858
 20
440.0511142606
 30
0.0
  0
SPLINE
  5
C3C
100
AcDbEntity
  8
5_ALL_CURVES
100
AcDbSpline
 62
5
  6
BYLAYER
 70
0
 71
3
 72
8
 73
4
 74
0
 42
0.0000001
 43
0.0000001
 44
0.0000000001
 40
0.0
 40
0.0
 40
0.0
 40
0.0
 40
1.0
 40
1.0
 40
1.0
 40
1.0
 10
1019.3028136606
 20
439.9765307984
 30
0.0
 10
1019.3028136606
 20
439.2244792268
 30
0.0
 10
1019.1817007882
 20
438.6340256119
 30
0.0
 10
1018.9406316978
 20
438.2103074813
 30
0.0
  0
SPLINE
  5
C3D
100
AcDbEntity
  8
5_ALL_CURVES
100
AcDbSpline
 62
5
  6
BYLAYER
 70
0
 71
3
 72
8
 73
4
 74
0
 42
0.0000001
 43
0.0000001
 44
0.0000000001
 40
0.0
 40
0.0
 40
0.0
 40
0.0
 40
1.0
 40
1.0
 40
1.0
 40
1.0
 10
1018.9406316978
 20
438.2103074813
 30
0.0
 10
1018.6972527115
 20
437.7825293333
 30
0.0
 10
1018.3629819347
 20
437.5712090918
 30
0.0
 10
1017.9415110502
 20
437.5712090918
 30
0.0
  0
SPLINE
  5
C3E
100
AcDbEntity
  8
5_ALL_CURVES
100
AcDbSpline
 62
5
  6
BYLAYER
 70
0
 71
3
 72
8
 73
4
 74
0
 42
0.0000001
 43
0.0000001
 44
0.0000000001
 40
0.0
 40
0.0
 40
0.0
 40
0.0
 40
1.0
 40
1.0
 40
1.0
 40
1.0
 10
1017.9415110502
 20
437.5712090918
 30
0.0
 10
1017.4764409644
 20
437.5712090918
 30
0.0
 10
1017.1131040539
 20
437.7763140221
 30
0.0
 10
1016.8600164588
 20
438.1915572524
 30
0.0
  0
SPLINE
  5
C3F
100
AcDbEntity
  8
5_ALL_CURVES
100
AcDbSpline
 62
5
  6
BYLAYER
 70
0
 71
3
 72
8
 73
4
 74
0
 42
0.0000001
 43
0.0000001
 44
0.0000000001
 40
0.0
 40
0.0
 40
0.0
 40
0.0
 40
1.0
 40
1.0
 40
1.0
 40
1.0
 10
1016.8600164588
 20
438.1915572524
 30
0.0
 10
1016.6092762797
 20
438.6029490554
 30
0.0
 10
1016.483320189
 20
439.1934026704
 30
0.0
 10
1016.483320189
 20
439.9516695536
 30
0.0
  0
SPLINE
  5
C40
100
AcDbEntity
  8
5_ALL_CURVES
100
AcDbSpline
 62
5
  6
BYLAYER
 70
0
 71
3
 72
8
 73
4
 74
0
 42
0.0000001
 43
0.0000001
 44
0.0000000001
 40
0.0
 40
0.0
 40
0.0
 40
0.0
 40
1.0
 40
1.0
 40
1.0
 40
1.0
 10
1016.483320189
 20
439.9516695536
 30
0.0
 10
1016.483320189
 20
440.7347974081
 30
0.0
 10
1016.6044330613
 20
441.3376817822
 30
0.0
 10
1016.8539748337
 20
441.7687789818
 30
0.0
  0
SPLINE
  5
C41
100
AcDbEntity
  8
5_ALL_CURVES
100
AcDbSpline
 62
5
  6
BYLAYER
 70
0
 71
3
 72
8
 73
4
 74
0
 42
0.0000001
 43
0.0000001
 44
0.0000000001
 40
0.0
 40
0.0
 40
0.0
 40
0.0
 40
1.0
 40
1.0
 40
1.0
 40
1.0
 10
1016.8539748337
 20
441.7687789818
 30
0.0
 10
1017.0937260625
 20
442.182962476
 30
0.0
 10
1017.4279951332
 20
442.39428306
 30
0.0
 10
1017.863999085
 20
442.39428306
 30
0.0
  0
SPLINE
  5
C42
100
AcDbEntity
  8
5_ALL_CURVES
100
AcDbSpline
 62
5
  6
BYLAYER
 70
0
 71
3
 72
8
 73
4
 74
0
 42
0.0000001
 43
0.0000001
 44
0.0000000001
 40
0.0
 40
0.0
 40
0.0
 40
0.0
 40
1.0
 40
1.0
 40
1.0
 40
1.0
 10
1017.863999085
 20
442.39428306
 30
0.0
 10
1018.2951598184
 20
442.39428306
 30
0.0
 10
1018.6391187375
 20
442.2016084096
 30
0.0
 10
1018.887120827
 20
441.8245085751
 30
0.0
  0
SPLINE
  5
C43
100
AcDbEntity
  8
5_ALL_CURVES
100
AcDbSpline
 62
5
  6
BYLAYER
 70
0
 71
3
 72
8
 73
4
 74
0
 42
0.0000001
 43
0.0000001
 44
0.0000000001
 40
0.0
 40
0.0
 40
0.0
 40
0.0
 40
1.0
 40
1.0
 40
1.0
 40
1.0
 10
1018.887120827
 20
441.8245085751
 30
0.0
 10
1019.1623227969
 20
441.4060499328
 30
0.0
 10
1019.3028136606
 20
440.7907352093
 30
0.0
 10
1019.3028136606
 20
439.9765307984
 30
0.0
  0
SPLINE
  5
C44
100
AcDbEntity
  8
5_ALL_CURVES
100
AcDbSpline
 62
5
  6
BYLAYER
 70
0
 71
3
 72
8
 73
4
 74
0
 42
0.0000001
 43
0.0000001
 44
0.0000000001
 40
0.0
 40
0.0
 40
0.0
 40
0.0
 40
1.0
 40
1.0
 40
1.0
 40
1.0
 10
1030.3773160793
 20
440.3059417498
 30
0.0
 10
1030.3773160793
 20
441.1636533395
 30
0.0
 10
1030.1786946539
 20
441.8784127699
 30
0.0
 10
1029.7849473929
 20
442.4424582385
 30
0.0
  0
SPLINE
  5
C45
100
AcDbEntity
  8
5_ALL_CURVES
100
AcDbSpline
 62
5
  6
BYLAYER
 70
0
 71
3
 72
8
 73
4
 74
0
 42
0.0000001
 43
0.0000001
 44
0.0000000001
 40
0.0
 40
0.0
 40
0.0
 40
0.0
 40
1.0
 40
1.0
 40
1.0
 40
1.0
 10
1029.7849473929
 20
442.4424582385
 30
0.0
 10
1029.389040228
 20
443.0095977829
 30
0.0
 10
1028.8949023027
 20
443.295501555
 30
0.0
 10
1028.2941862777
 20
443.295501555
 30
0.0
  0
SPLINE
  5
C46
100
AcDbEntity
  8
5_ALL_CURVES
100
AcDbSpline
 62
5
  6
BYLAYER
 70
0
 71
3
 72
8
 73
4
 74
0
 42
0.0000001
 43
0.0000001
 44
0.0000000001
 40
0.0
 40
0.0
 40
0.0
 40
0.0
 40
1.0
 40
1.0
 40
1.0
 40
1.0
 10
1028.2941862777
 20
443.295501555
 30
0.0
 10
1027.635334573
 20
443.295501555
 30
0.0
 10
1027.1024406647
 20
442.9847365377
 30
0.0
 10
1026.6941048304
 20
442.3709591136
 30
0.0
  0
SPLINE
  5
C47
100
AcDbEntity
  8
5_ALL_CURVES
100
AcDbSpline
 62
5
  6
BYLAYER
 70
0
 71
3
 72
8
 73
4
 74
0
 42
0.0000001
 43
0.0000001
 44
0.0000000001
 40
0.0
 40
0.0
 40
0.0
 40
0.0
 40
1.0
 40
1.0
 40
1.0
 40
1.0
 10
1026.6941048304
 20
442.3709591136
 30
0.0
 10
1026.2837235172
 20
441.7541070913
 30
0.0
 10
1026.0802537551
 20
440.9585483408
 30
0.0
 10
1026.0802537551
 20
439.9765307984
 30
0.0
  0
SPLINE
  5
C48
100
AcDbEntity
  8
5_ALL_CURVES
100
AcDbSpline
 62
5
  6
BYLAYER
 70
0
 71
3
 72
8
 73
4
 74
0
 42
0.0000001
 43
0.0000001
 44
0.0000000001
 40
0.0
 40
0.0
 40
0.0
 40
0.0
 40
1.0
 40
1.0
 40
1.0
 40
1.0
 10
1026.0802537551
 20
439.9765307984
 30
0.0
 10
1026.0802537551
 20
438.9820824973
 30
0.0
 10
1026.2788785927
 20
438.180308572
 30
0.0
 10
1026.678350119
 20
437.5684060931
 30
0.0
  0
SPLINE
  5
C49
100
AcDbEntity
  8
5_ALL_CURVES
100
AcDbSpline
 62
5
  6
BYLAYER
 70
0
 71
3
 72
8
 73
4
 74
0
 42
0.0000001
 43
0.0000001
 44
0.0000000001
 40
0.0
 40
0.0
 40
0.0
 40
0.0
 40
1.0
 40
1.0
 40
1.0
 40
1.0
 10
1026.678350119
 20
437.5684060931
 30
0.0
 10
1027.078219455
 20
436.9558942573
 30
0.0
 10
1027.6062684388
 20
436.6513444915
 30
0.0
 10
1028.255430295
 20
436.6513444915
 30
0.0
  0
SPLINE
  5
C4A
100
AcDbEntity
  8
5_ALL_CURVES
100
AcDbSpline
 62
5
  6
BYLAYER
 70
0
 71
3
 72
8
 73
4
 74
0
 42
0.0000001
 43
0.0000001
 44
0.0000000001
 40
0.0
 40
0.0
 40
0.0
 40
0.0
 40
1.0
 40
1.0
 40
1.0
 40
1.0
 10
1028.255430295
 20
436.6513444915
 30
0.0
 10
1028.8609912441
 20
436.6513444915
 30
0.0
 10
1029.3745088672
 20
436.9123871464
 30
0.0
 10
1029.792043191
 20
437.4394975698
 30
0.0
  0
SPLINE
  5
C4B
100
AcDbEntity
  8
5_ALL_CURVES
100
AcDbSpline
 62
5
  6
BYLAYER
 70
0
 71
3
 72
8
 73
4
 74
0
 42
0.0000001
 43
0.0000001
 44
0.0000000001
 40
0.0
 40
0.0
 40
0.0
 40
0.0
 40
1.0
 40
1.0
 40
1.0
 40
1.0
 10
1029.792043191
 20
437.4394975698
 30
0.0
 10
1029.9800698163
 20
437.6768691784
 30
0.0
 10
1030.154470032
 20
438.0187107521
 30
0.0
 10
1030.3094939626
 20
438.4599971696
 30
0.0
  0
SPLINE
  5
C4C
100
AcDbEntity
  8
5_ALL_CURVES
100
AcDbSpline
 62
5
  6
BYLAYER
 70
0
 71
3
 72
8
 73
4
 74
0
 42
0.0000001
 43
0.0000001
 44
0.0000000001
 40
0.0
 40
0.0
 40
0.0
 40
0.0
 40
1.0
 40
1.0
 40
1.0
 40
1.0
 10
1029.6458007456
 20
438.8826376531
 30
0.0
 10
1029.3793537912
 20
437.9627730872
 30
0.0
 10
1028.9385032094
 20
437.5028407356
 30
0.0
 10
1028.3232524118
 20
437.5028407356
 30
0.0
  0
SPLINE
  5
C4D
100
AcDbEntity
  8
5_ALL_CURVES
100
AcDbSpline
 62
5
  6
BYLAYER
 70
0
 71
3
 72
8
 73
4
 74
0
 42
0.0000001
 43
0.0000001
 44
0.0000000001
 40
0.0
 40
0.0
 40
0.0
 40
0.0
 40
1.0
 40
1.0
 40
1.0
 40
1.0
 10
1028.3232524118
 20
437.5028407356
 30
0.0
 10
1028.0471190207
 20
437.5028407356
 30
0.0
 10
1027.8048932764
 20
437.589854957
 30
0.0
 10
1027.5958353188
 20
437.7686640036
 30
0.0
  0
SPLINE
  5
C4E
100
AcDbEntity
  8
5_ALL_CURVES
100
AcDbSpline
 62
5
  6
BYLAYER
 70
0
 71
3
 72
8
 73
4
 74
0
 42
0.0000001
 43
0.0000001
 44
0.0000000001
 40
0.0
 40
0.0
 40
0.0
 40
0.0
 40
1.0
 40
1.0
 40
1.0
 40
1.0
 10
1027.5958353188
 20
437.7686640036
 30
0.0
 10
1027.1944874029
 20
438.1119402847
 30
0.0
 10
1026.97648628
 20
438.7334704561
 30
0.0
 10
1026.9474201464
 20
439.6346892247
 30
0.0
  0
SPLINE
  5
C4F
100
AcDbEntity
  8
5_ALL_CURVES
100
AcDbSpline
 62
5
  6
BYLAYER
 70
0
 71
3
 72
8
 73
4
 74
0
 42
0.0000001
 43
0.0000001
 44
0.0000000001
 40
0.0
 40
0.0
 40
0.0
 40
0.0
 40
1.0
 40
1.0
 40
1.0
 40
1.0
 10
1030.3579397941
 20
439.6346892247
 30
0.0
 10
1030.3676296426
 20
439.9889614213
 30
0.0
 10
1030.3773160793
 20
440.2127120804
 30
0.0
 10
1030.3773160793
 20
440.3059417498
 30
0.0
  0
SPLINE
  5
C50
100
AcDbEntity
  8
5_ALL_CURVES
100
AcDbSpline
 62
5
  6
BYLAYER
 70
0
 71
3
 72
8
 73
4
 74
0
 42
0.0000001
 43
0.0000001
 44
0.0000000001
 40
0.0
 40
0.0
 40
0.0
 40
0.0
 40
1.0
 40
1.0
 40
1.0
 40
1.0
 10
1026.9667964316
 20
440.4861855037
 30
0.0
 10
1027.0152422627
 20
441.7789677894
 30
0.0
 10
1027.4463995843
 20
442.4315749276
 30
0.0
 10
1028.255430295
 20
442.4315749276
 30
0.0
  0
SPLINE
  5
C51
100
AcDbEntity
  8
5_ALL_CURVES
100
AcDbSpline
 62
5
  6
BYLAYER
 70
0
 71
3
 72
8
 73
4
 74
0
 42
0.0000001
 43
0.0000001
 44
0.0000000001
 40
0.0
 40
0.0
 40
0.0
 40
0.0
 40
1.0
 40
1.0
 40
1.0
 40
1.0
 10
1028.255430295
 20
442.4315749276
 30
0.0
 10
1028.4928111153
 20
442.4315749276
 30
0.0
 10
1028.7108122381
 20
442.3507758807
 30
0.0
 10
1028.9038679222
 20
442.1877704556
 30
0.0
  0
SPLINE
  5
C52
100
AcDbEntity
  8
5_ALL_CURVES
100
AcDbSpline
 62
5
  6
BYLAYER
 70
0
 71
3
 72
8
 73
4
 74
0
 42
0.0000001
 43
0.0000001
 44
0.0000000001
 40
0.0
 40
0.0
 40
0.0
 40
0.0
 40
1.0
 40
1.0
 40
1.0
 40
1.0
 10
1028.9038679222
 20
442.1877704556
 30
0.0
 10
1029.2776172046
 20
441.8721974587
 30
0.0
 10
1029.4810869662
 20
441.3066052258
 30
0.0
 10
1029.5149980248
 20
440.4861855037
 30
0.0
  0
SPLINE
  5
C53
100
AcDbEntity
  8
5_ALL_CURVES
100
AcDbSpline
 62
5
  6
BYLAYER
 70
0
 71
3
 72
8
 73
4
 74
0
 42
0.0000001
 43
0.0000001
 44
0.0000000001
 40
0.0
 40
0.0
 40
0.0
 40
0.0
 40
1.0
 40
1.0
 40
1.0
 40
1.0
 10
1034.9359838452
 20
441.6422314884
 30
0.0
 10
1034.7518903688
 20
442.1394552968
 30
0.0
 10
1034.5774901526
 20
442.5061581158
 30
0.0
 10
1034.4115965224
 20
442.728453946
 30
0.0
  0
SPLINE
  5
C54
100
AcDbEntity
  8
5_ALL_CURVES
100
AcDbSpline
 62
5
  6
BYLAYER
 70
0
 71
3
 72
8
 73
4
 74
0
 42
0.0000001
 43
0.0000001
 44
0.0000000001
 40
0.0
 40
0.0
 40
0.0
 40
0.0
 40
1.0
 40
1.0
 40
1.0
 40
1.0
 10
1034.4115965224
 20
442.728453946
 30
0.0
 10
1034.141487907
 20
443.0903968299
 30
0.0
 10
1033.7926840633
 20
443.2706403097
 30
0.0
 10
1033.3663682544
 20
443.2706403097
 30
0.0
  0
SPLINE
  5
C55
100
AcDbEntity
  8
5_ALL_CURVES
100
AcDbSpline
 62
5
  6
BYLAYER
 70
0
 71
3
 72
8
 73
4
 74
0
 42
0.0000001
 43
0.0000001
 44
0.0000000001
 40
0.0
 40
0.0
 40
0.0
 40
0.0
 40
1.0
 40
1.0
 40
1.0
 40
1.0
 10
1033.3663682544
 20
443.2706403097
 30
0.0
 10
1032.8189395732
 20
443.2706403097
 30
0.0
 10
1032.378092403
 20
442.9660906041
 30
0.0
 10
1032.0389784083
 20
442.3569911919
 30
0.0
  0
SPLINE
  5
C56
100
AcDbEntity
  8
5_ALL_CURVES
100
AcDbSpline
 62
5
  6
BYLAYER
 70
0
 71
3
 72
8
 73
4
 74
0
 42
0.0000001
 43
0.0000001
 44
0.0000000001
 40
0.0
 40
0.0
 40
0.0
 40
0.0
 40
1.0
 40
1.0
 40
1.0
 40
1.0
 10
1032.0389784083
 20
442.3569911919
 30
0.0
 10
1031.6998644132
 20
441.7478917801
 30
0.0
 10
1031.5303057097
 20
440.9585483408
 30
0.0
 10
1031.5303057097
 20
439.9889614213
 30
0.0
  0
SPLINE
  5
C57
100
AcDbEntity
  8
5_ALL_CURVES
100
AcDbSpline
 62
5
  6
BYLAYER
 70
0
 71
3
 72
8
 73
4
 74
0
 42
0.0000001
 43
0.0000001
 44
0.0000000001
 40
0.0
 40
0.0
 40
0.0
 40
0.0
 40
1.0
 40
1.0
 40
1.0
 40
1.0
 10
1031.5303057097
 20
439.9889614213
 30
0.0
 10
1031.5303057097
 20
438.9696518744
 30
0.0
 10
1031.6950194887
 20
438.1616626379
 30
0.0
 10
1032.0249109506
 20
437.5654198134
 30
0.0
  0
SPLINE
  5
C58
100
AcDbEntity
  8
5_ALL_CURVES
100
AcDbSpline
 62
5
  6
BYLAYER
 70
0
 71
3
 72
8
 73
4
 74
0
 42
0.0000001
 43
0.0000001
 44
0.0000000001
 40
0.0
 40
0.0
 40
0.0
 40
0.0
 40
1.0
 40
1.0
 40
1.0
 40
1.0
 10
1032.0249109506
 20
437.5654198134
 30
0.0
 10
1032.3587127061
 20
436.9621095598
 30
0.0
 10
1032.8044082124
 20
436.6637750969
 30
0.0
 10
1033.3663682544
 20
436.6637750969
 30
0.0
  0
SPLINE
  5
C59
100
AcDbEntity
  8
5_ALL_CURVES
100
AcDbSpline
 62
5
  6
BYLAYER
 70
0
 71
3
 72
8
 73
4
 74
0
 42
0.0000001
 43
0.0000001
 44
0.0000000001
 40
0.0
 40
0.0
 40
0.0
 40
0.0
 40
1.0
 40
1.0
 40
1.0
 40
1.0
 10
1033.3663682544
 20
436.6637750969
 30
0.0
 10
1033.7975289878
 20
436.6637750969
 30
0.0
 10
1034.141487907
 20
436.8502341345
 30
0.0
 10
1034.4072709358
 20
437.2239241127
 30
0.0
  0
SPLINE
  5
C5A
100
AcDbEntity
  8
5_ALL_CURVES
100
AcDbSpline
 62
5
  6
BYLAYER
 70
0
 71
3
 72
8
 73
4
 74
0
 42
0.0000001
 43
0.0000001
 44
0.0000000001
 40
0.0
 40
0.0
 40
0.0
 40
0.0
 40
1.0
 40
1.0
 40
1.0
 40
1.0
 10
1034.4072709358
 20
437.2239241127
 30
0.0
 10
1034.4951332634
 20
437.347458227
 30
0.0
 10
1034.6743818153
 20
437.7079457348
 30
0.0
 10
1034.9359838452
 20
438.3108299722
 30
0.0
  0
SPLINE
  5
C5B
100
AcDbEntity
  8
5_ALL_CURVES
100
AcDbSpline
 62
5
  6
BYLAYER
 70
0
 71
3
 72
8
 73
4
 74
0
 42
0.0000001
 43
0.0000001
 44
0.0000000001
 40
0.0
 40
0.0
 40
0.0
 40
0.0
 40
1.0
 40
1.0
 40
1.0
 40
1.0
 10
1034.9359838452
 20
439.9951764589
 30
0.0
 10
1034.9359838452
 20
439.0939579634
 30
0.0
 10
1034.7761149902
 20
438.4475665472
 30
0.0
 10
1034.4571931179
 20
438.0487170275
 30
0.0
  0
SPLINE
  5
C5C
100
AcDbEntity
  8
5_ALL_CURVES
100
AcDbSpline
 62
5
  6
BYLAYER
 70
0
 71
3
 72
8
 73
4
 74
0
 42
0.0000001
 43
0.0000001
 44
0.0000000001
 40
0.0
 40
0.0
 40
0.0
 40
0.0
 40
1.0
 40
1.0
 40
1.0
 40
1.0
 10
1034.4571931179
 20
438.0487170275
 30
0.0
 10
1034.1996201753
 20
437.7265916005
 30
0.0
 10
1033.9041070867
 20
437.5649937801
 30
0.0
 10
1033.5746795288
 20
437.5649937801
 30
0.0
  0
SPLINE
  5
C5D
100
AcDbEntity
  8
5_ALL_CURVES
100
AcDbSpline
 62
5
  6
BYLAYER
 70
0
 71
3
 72
8
 73
4
 74
0
 42
0.0000001
 43
0.0000001
 44
0.0000000001
 40
0.0
 40
0.0
 40
0.0
 40
0.0
 40
1.0
 40
1.0
 40
1.0
 40
1.0
 10
1033.5746795288
 20
437.5649937801
 30
0.0
 10
1033.2016544754
 20
437.5649937801
 30
0.0
 10
1032.9109863114
 20
437.7638833997
 30
0.0
 10
1032.7026728256
 20
438.1616636725
 30
0.0
  0
SPLINE
  5
C5E
100
AcDbEntity
  8
5_ALL_CURVES
100
AcDbSpline
 62
5
  6
BYLAYER
 70
0
 71
3
 72
8
 73
4
 74
0
 42
0.0000001
 43
0.0000001
 44
0.0000000001
 40
0.0
 40
0.0
 40
0.0
 40
0.0
 40
1.0
 40
1.0
 40
1.0
 40
1.0
 10
1032.7026728256
 20
438.1616636725
 30
0.0
 10
1032.4943603509
 20
438.5594420134
 30
0.0
 10
1032.3926237642
 20
439.1126037607
 30
0.0
 10
1032.3926237642
 20
439.8273633279
 30
0.0
  0
SPLINE
  5
C5F
100
AcDbEntity
  8
5_ALL_CURVES
100
AcDbSpline
 62
5
  6
BYLAYER
 70
0
 71
3
 72
8
 73
4
 74
0
 42
0.0000001
 43
0.0000001
 44
0.0000000001
 40
0.0
 40
0.0
 40
0.0
 40
0.0
 40
1.0
 40
1.0
 40
1.0
 40
1.0
 10
1032.3926237642
 20
439.8273633279
 30
0.0
 10
1032.3926237642
 20
441.5054946397
 30
0.0
 10
1032.7898734395
 20
442.3569911919
 30
0.0
 10
1033.5843448891
 20
442.395095053
 30
0.0
  0
SPLINE
  5
C60
100
AcDbEntity
  8
5_ALL_CURVES
100
AcDbSpline
 62
5
  6
BYLAYER
 70
0
 71
3
 72
8
 73
4
 74
0
 42
0.0000001
 43
0.0000001
 44
0.0000000001
 40
0.0
 40
0.0
 40
0.0
 40
0.0
 40
1.0
 40
1.0
 40
1.0
 40
1.0
 10
1033.5843448891
 20
442.395095053
 30
0.0
 10
1033.8265951215
 20
442.4067136824
 30
0.0
 10
1034.0639759417
 20
442.3010533906
 30
0.0
 10
1034.2921930666
 20
442.0906745411
 30
0.0
  0
SPLINE
  5
C61
100
AcDbEntity
  8
5_ALL_CURVES
100
AcDbSpline
 62
5
  6
BYLAYER
 70
0
 71
3
 72
8
 73
4
 74
0
 42
0.0000001
 43
0.0000001
 44
0.0000000001
 40
0.0
 40
0.0
 40
0.0
 40
0.0
 40
1.0
 40
1.0
 40
1.0
 40
1.0
 10
1034.2921930666
 20
442.0906745411
 30
0.0
 10
1034.7179793102
 20
441.6981692896
 30
0.0
 10
1034.9359838452
 20
441.0020555197
 30
0.0
 10
1034.9359838452
 20
439.9951764589
 30
0.0
  0
SPLINE
  5
C62
100
AcDbEntity
  8
5_ALL_CURVES
100
AcDbSpline
 62
5
  6
BYLAYER
 70
0
 71
3
 72
8
 73
4
 74
0
 42
0.0000001
 43
0.0000001
 44
0.0000000001
 40
0.0
 40
0.0
 40
0.0
 40
0.0
 40
1.0
 40
1.0
 40
1.0
 40
1.0
 10
1020.2354651026
 20
496.2564673578
 30
0.0
 10
1020.3491834322
 20
493.88370315
 30
0.0
 10
1019.3314812372
 20
492.0795790696
 30
0.0
 10
1017.1796435782
 20
490.8617802696
 30
0.0
  0
SPLINE
  5
C63
100
AcDbEntity
  8
5_ALL_CURVES
100
AcDbSpline
 62
5
  6
BYLAYER
 70
0
 71
3
 72
8
 73
4
 74
0
 42
0.0000001
 43
0.0000001
 44
0.0000000001
 40
0.0
 40
0.0
 40
0.0
 40
0.0
 40
1.0
 40
1.0
 40
1.0
 40
1.0
 10
1017.1796435782
 20
490.8617802696
 30
0.0
 10
1015.6929730581
 20
490.0204223872
 30
0.0
 10
1013.9682851151
 20
489.5494841189
 30
0.0
 10
1012.0071214695
 20
489.4554923719
 30
0.0
  0
SPLINE
  5
C64
100
AcDbEntity
  8
5_ALL_CURVES
100
AcDbSpline
 62
5
  6
BYLAYER
 70
0
 71
3
 72
8
 73
4
 74
0
 42
0.0000001
 43
0.0000001
 44
0.0000000001
 40
0.0
 40
0.0
 40
0.0
 40
0.0
 40
1.0
 40
1.0
 40
1.0
 40
1.0
 10
1012.0071214695
 20
489.4554923719
 30
0.0
 10
1009.4043450572
 20
489.3307503582
 30
0.0
 10
1007.3192579207
 20
489.7970610128
 30
0.0
 10
1005.7448679184
 20
490.8664867275
 30
0.0
  0
SPLINE
  5
C65
100
AcDbEntity
  8
5_ALL_CURVES
100
AcDbSpline
 62
5
  6
BYLAYER
 70
0
 71
3
 72
8
 73
4
 74
0
 42
0.0000001
 43
0.0000001
 44
0.0000000001
 40
0.0
 40
0.0
 40
0.0
 40
0.0
 40
1.0
 40
1.0
 40
1.0
 40
1.0
 10
1005.7448679184
 20
490.8664867275
 30
0.0
 10
1004.1712033068
 20
491.9354197104
 30
0.0
 10
1003.3463707743
 20
493.4490082199
 30
0.0
 10
1003.2523790952
 20
495.4101704439
 30
0.0
  0
SPLINE
  5
C66
100
AcDbEntity
  8
5_ALL_CURVES
100
AcDbSpline
 62
5
  6
BYLAYER
 70
0
 71
3
 72
8
 73
4
 74
0
 42
0.0000001
 43
0.0000001
 44
0.0000000001
 40
0.0
 40
0.0
 40
0.0
 40
0.0
 40
1.0
 40
1.0
 40
1.0
 40
1.0
 10
1003.2523790952
 20
495.4101704439
 30
0.0
 10
1003.1607081687
 20
497.3229095326
 30
0.0
 10
1003.8744878049
 20
498.8859711868
 30
0.0
 10
1005.4055666861
 20
500.0922275092
 30
0.0
  0
SPLINE
  5
C67
100
AcDbEntity
  8
5_ALL_CURVES
100
AcDbSpline
 62
5
  6
BYLAYER
 70
0
 71
3
 72
8
 73
4
 74
0
 42
0.0000001
 43
0.0000001
 44
0.0000000001
 40
0.0
 40
0.0
 40
0.0
 40
0.0
 40
1.0
 40
1.0
 40
1.0
 40
1.0
 10
1005.4055666861
 20
500.0922275092
 30
0.0
 10
1006.9027837249
 20
501.2718058712
 30
0.0
 10
1008.9341060534
 20
501.9273127139
 30
0.0
 10
1011.5005656467
 20
502.050314189
 30
0.0
  0
SPLINE
  5
C68
100
AcDbEntity
  8
5_ALL_CURVES
100
AcDbSpline
 62
5
  6
BYLAYER
 70
0
 71
3
 72
8
 73
4
 74
0
 42
0.0000001
 43
0.0000001
 44
0.0000000001
 40
0.0
 40
0.0
 40
0.0
 40
0.0
 40
1.0
 40
1.0
 40
1.0
 40
1.0
 10
1011.5005656467
 20
502.050314189
 30
0.0
 10
1014.0064943663
 20
502.1704146299
 30
0.0
 10
1016.0677542546
 20
501.69487265
 30
0.0
 10
1017.6807542876
 20
500.6295888475
 30
0.0
  0
SPLINE
  5
C69
100
AcDbEntity
  8
5_ALL_CURVES
100
AcDbSpline
 62
5
  6
BYLAYER
 70
0
 71
3
 72
8
 73
4
 74
0
 42
0.0000001
 43
0.0000001
 44
0.0000000001
 40
0.0
 40
0.0
 40
0.0
 40
0.0
 40
1.0
 40
1.0
 40
1.0
 40
1.0
 10
1017.6807542876
 20
500.6295888475
 30
0.0
 10
1019.2880599759
 20
499.5680657972
 30
0.0
 10
1020.1465017603
 20
498.112711959
 30
0.0
 10
1020.2354651026
 20
496.2564673578
 30
0.0
  0
SPLINE
  5
C6A
100
AcDbEntity
  8
5_ALL_CURVES
100
AcDbSpline
 62
5
  6
BYLAYER
 70
0
 71
3
 72
8
 73
4
 74
0
 42
0.0000001
 43
0.0000001
 44
0.0000000001
 40
0.0
 40
0.0
 40
0.0
 40
0.0
 40
1.0
 40
1.0
 40
1.0
 40
1.0
 10
1017.6319150949
 20
496.1478666262
 30
0.0
 10
1017.5634519984
 20
497.576367962
 30
0.0
 10
1016.9758644786
 20
498.6968689206
 30
0.0
 10
1015.8662589136
 20
499.5075906548
 30
0.0
  0
SPLINE
  5
C6B
100
AcDbEntity
  8
5_ALL_CURVES
100
AcDbSpline
 62
5
  6
BYLAYER
 70
0
 71
3
 72
8
 73
4
 74
0
 42
0.0000001
 43
0.0000001
 44
0.0000000001
 40
0.0
 40
0.0
 40
0.0
 40
0.0
 40
1.0
 40
1.0
 40
1.0
 40
1.0
 10
1015.8662589136
 20
499.5075906548
 30
0.0
 10
1014.7628317214
 20
500.3137982263
 30
0.0
 10
1013.3376573966
 20
500.6823095315
 30
0.0
 10
1011.5701891365
 20
500.59760093
 30
0.0
  0
SPLINE
  5
C6C
100
AcDbEntity
  8
5_ALL_CURVES
100
AcDbSpline
 62
5
  6
BYLAYER
 70
0
 71
3
 72
8
 73
4
 74
0
 42
0.0000001
 43
0.0000001
 44
0.0000000001
 40
0.0
 40
0.0
 40
0.0
 40
0.0
 40
1.0
 40
1.0
 40
1.0
 40
1.0
 10
1011.5701891365
 20
500.59760093
 30
0.0
 10
1009.7300872385
 20
500.509411251
 30
0.0
 10
1008.310752717
 20
499.9964833589
 30
0.0
 10
1007.2872034987
 20
499.0737976106
 30
0.0
  0
SPLINE
  5
C6D
100
AcDbEntity
  8
5_ALL_CURVES
100
AcDbSpline
 62
5
  6
BYLAYER
 70
0
 71
3
 72
8
 73
4
 74
0
 42
0.0000001
 43
0.0000001
 44
0.0000000001
 40
0.0
 40
0.0
 40
0.0
 40
0.0
 40
1.0
 40
1.0
 40
1.0
 40
1.0
 10
1007.2872034987
 20
499.0737976106
 30
0.0
 10
1006.2636559149
 20
498.1511133352
 30
0.0
 10
1005.7882396018
 20
496.9311312292
 30
0.0
 10
1005.8605706587
 20
495.4219238384
 30
0.0
  0
SPLINE
  5
C6E
100
AcDbEntity
  8
5_ALL_CURVES
100
AcDbSpline
 62
5
  6
BYLAYER
 70
0
 71
3
 72
8
 73
4
 74
0
 42
0.0000001
 43
0.0000001
 44
0.0000000001
 40
0.0
 40
0.0
 40
0.0
 40
0.0
 40
1.0
 40
1.0
 40
1.0
 40
1.0
 10
1005.8605706587
 20
495.4219238384
 30
0.0
 10
1005.9286469408
 20
494.0014934989
 30
0.0
 10
1006.5291108032
 20
492.8654316569
 30
0.0
 10
1007.6583119948
 20
492.0281261606
 30
0.0
  0
SPLINE
  5
C6F
100
AcDbEntity
  8
5_ALL_CURVES
100
AcDbSpline
 62
5
  6
BYLAYER
 70
0
 71
3
 72
8
 73
4
 74
0
 42
0.0000001
 43
0.0000001
 44
0.0000000001
 40
0.0
 40
0.0
 40
0.0
 40
0.0
 40
1.0
 40
1.0
 40
1.0
 40
1.0
 10
1007.6583119948
 20
492.0281261606
 30
0.0
 10
1008.7936660474
 20
491.1862583021
 30
0.0
 10
1010.2192271696
 20
490.8096763558
 30
0.0
 10
1011.9624813754
 20
490.8932244621
 30
0.0
  0
SPLINE
  5
C70
100
AcDbEntity
  8
5_ALL_CURVES
100
AcDbSpline
 62
5
  6
BYLAYER
 70
0
 71
3
 72
8
 73
4
 74
0
 42
0.0000001
 43
0.0000001
 44
0.0000000001
 40
0.0
 40
0.0
 40
0.0
 40
0.0
 40
1.0
 40
1.0
 40
1.0
 40
1.0
 10
1011.9624813754
 20
490.8932244621
 30
0.0
 10
1013.7541636897
 20
490.9790935588
 30
0.0
 10
1015.1734939485
 20
491.4920212466
 30
0.0
 10
1016.1954972613
 20
492.4469888514
 30
0.0
  0
SPLINE
  5
C71
100
AcDbEntity
  8
5_ALL_CURVES
100
AcDbSpline
 62
5
  6
BYLAYER
 70
0
 71
3
 72
8
 73
4
 74
0
 42
0.0000001
 43
0.0000001
 44
0.0000000001
 40
0.0
 40
0.0
 40
0.0
 40
0.0
 40
1.0
 40
1.0
 40
1.0
 40
1.0
 10
1016.1954972613
 20
492.4469888514
 30
0.0
 10
1017.217500636
 20
493.4019565145
 30
0.0
 10
1017.7046329328
 20
494.6305889492
 30
0.0
 10
1017.6319150949
 20
496.1478666262
 30
0.0
  0
SPLINE
  5
C72
100
AcDbEntity
  8
5_ALL_CURVES
100
AcDbSpline
 62
5
  6
BYLAYER
 70
0
 71
3
 72
8
 73
4
 74
0
 42
0.0000001
 43
0.0000001
 44
0.0000000001
 40
0.0
 40
0.0
 40
0.0
 40
0.0
 40
1.0
 40
1.0
 40
1.0
 40
1.0
 10
1050.0303021808
 20
475.1408226428
 30
0.0
 10
1049.0638720131
 20
474.2342306017
 30
0.0
 10
1047.9848964586
 20
473.9200051458
 30
0.0
 10
1046.795541453
 20
474.1850404911
 30
0.0
  0
SPLINE
  5
C73
100
AcDbEntity
  8
5_ALL_CURVES
100
AcDbSpline
 62
5
  6
BYLAYER
 70
0
 71
3
 72
8
 73
4
 74
0
 42
0.0000001
 43
0.0000001
 44
0.0000000001
 40
0.0
 40
0.0
 40
0.0
 40
0.0
 40
1.0
 40
1.0
 40
1.0
 40
1.0
 10
1046.795541453
 20
474.1850404911
 30
0.0
 10
1045.3796785711
 20
474.5005507518
 30
0.0
 10
1043.8661130511
 20
475.5235259397
 30
0.0
 10
1042.257461143
 20
477.2383542887
 30
0.0
  0
SPLINE
  5
C74
100
AcDbEntity
  8
5_ALL_CURVES
100
AcDbSpline
 62
5
  6
BYLAYER
 70
0
 71
3
 72
8
 73
4
 74
0
 42
0.0000001
 43
0.0000001
 44
0.0000000001
 40
0.0
 40
0.0
 40
0.0
 40
0.0
 40
1.0
 40
1.0
 40
1.0
 40
1.0
 10
1042.257461143
 20
477.2383542887
 30
0.0
 10
1040.7980727622
 20
478.7940672157
 30
0.0
 10
1039.9213524218
 20
480.248285913
 30
0.0
 10
1039.6135719015
 20
481.6042341763
 30
0.0
  0
SPLINE
  5
C75
100
AcDbEntity
  8
5_ALL_CURVES
100
AcDbSpline
 62
5
  6
BYLAYER
 70
0
 71
3
 72
8
 73
4
 74
0
 42
0.0000001
 43
0.0000001
 44
0.0000000001
 40
0.0
 40
0.0
 40
0.0
 40
0.0
 40
1.0
 40
1.0
 40
1.0
 40
1.0
 10
1039.6135719015
 20
481.6042341763
 30
0.0
 10
1039.3024941987
 20
482.9747084021
 30
0.0
 10
1039.6033346574
 20
484.0711892848
 30
0.0
 10
1040.5108360697
 20
484.9225012418
 30
0.0
  0
SPLINE
  5
C76
100
AcDbEntity
  8
5_ALL_CURVES
100
AcDbSpline
 62
5
  6
BYLAYER
 70
0
 71
3
 72
8
 73
4
 74
0
 42
0.0000001
 43
0.0000001
 44
0.0000000001
 40
0.0
 40
0.0
 40
0.0
 40
0.0
 40
1.0
 40
1.0
 40
1.0
 40
1.0
 10
1042.3060753573
 20
483.2331564365
 30
0.0
 10
1041.0214305568
 20
482.0280525492
 30
0.0
 10
1041.4049149341
 20
480.343796961
 30
0.0
 10
1043.4530413209
 20
478.1604873382
 30
0.0
  0
SPLINE
  5
C77
100
AcDbEntity
  8
5_ALL_CURVES
100
AcDbSpline
 62
5
  6
BYLAYER
 70
0
 71
3
 72
8
 73
4
 74
0
 42
0.0000001
 43
0.0000001
 44
0.0000000001
 40
0.0
 40
0.0
 40
0.0
 40
0.0
 40
1.0
 40
1.0
 40
1.0
 40
1.0
 10
1043.4530413209
 20
478.1604873382
 30
0.0
 10
1044.4314973497
 20
477.1174499171
 30
0.0
 10
1045.3746385423
 20
476.4899722569
 30
0.0
 10
1046.2811136554
 20
476.2859814816
 30
0.0
  0
SPLINE
  5
C78
100
AcDbEntity
  8
5_ALL_CURVES
100
AcDbSpline
 62
5
  6
BYLAYER
 70
0
 71
3
 72
8
 73
4
 74
0
 42
0.0000001
 43
0.0000001
 44
0.0000000001
 40
0.0
 40
0.0
 40
0.0
 40
0.0
 40
1.0
 40
1.0
 40
1.0
 40
1.0
 10
1046.2811136554
 20
476.2859814816
 30
0.0
 10
1047.0176875235
 20
476.1202248353
 30
0.0
 10
1047.7695262412
 20
476.3934552709
 30
0.0
 10
1048.5297061529
 20
477.1065673828
 30
0.0
  0
ENDSEC
  0
SECTION
  2
OBJECTS
  0
DICTIONARY
  5
C
100
AcDbDictionary
280
0
281
1
  3
ACAD_GROUP
350
D
  3
ACAD_MLINESTYLE
350
17
  3
ACAD_LAYOUT
350
1A
  3
ACAD_PLOTSETTINGS
350
19
  3
ACAD_PLOTSTYLENAME
350
E
  0
DICTIONARY
  5
D
102
{ACAD_REACTORS
330
C
102
}
100
AcDbDictionary
280
0
281
1
  0
ACDBDICTIONARYWDFLT
  5
E
102
{ACAD_REACTORS
330
C
102
}
100
AcDbDictionary
281
1
  3
Normal
350
F
100
AcDbDictionaryWithDefault
340
F
  0
DICTIONARY
  5
17
102
{ACAD_REACTORS
330
C
102
}
100
AcDbDictionary
280
0
281
1
  3
Standard
350
18
  0
DICTIONARY
  5
19
102
{ACAD_REACTORS
330
C
102
}
100
AcDbDictionary
281
1
  0
DICTIONARY
  5
1A
102
{ACAD_REACTORS
330
C
102
}
100
AcDbDictionary
281
1
  3
Model
350
C79
  3
Layout1
350
C7A
  0
ACDBPLACEHOLDER
  5
F
102
{ACAD_REACTORS
330
E
102
}
  0
MLINESTYLE
  5
18
102
{ACAD_REACTORS
330
17
102
}
100
AcDbMlineStyle
  2
STANDARD
 70
0
  3

 62
256
 51
90.0
 52
90.0
 71
2
 49
0.5
 62
256
  6
BYLAYER
 49
-0.5
 62
256
  6
BYLAYER
  0
LAYOUT
  5
C79
102
{ACAD_REACTORS
330
1A
102
}
100
AcDbPlotSettings
  1

  2
none_device
  4

  6

 40
0.0
 41
0.0
 42
0.0
 43
0.0
 44
1600.0
 45
1108.0
 46
0.0
 47
0.0
 48
0.0
 49
0.0
140
0.0
141
0.0
142
1.0
143
1.0
 70
1024
 72
1
 73
0
 74
0
  7

 75
0
147
1.0
148
0.0
149
0.0
100
AcDbLayout
  1
Model
 70
0
 71
0
 10
0.0
 20
0.0
 11
1600.0
 21
1108.0
 12
0.0
 22
0.0
 32
0.0
 14
0.0
 24
0.0
 34
0.0
 15
0.0
 25
0.0
 35
0.0
146
0.0
 13
0.0
 23
0.0
 33
0.0
 16
1.0
 26
0.0
 36
0.0
 17
0.0
 27
1.0
 37
0.0
 76
0
330
268
345
0
346
0
  0
LAYOUT
  5
C7A
102
{ACAD_REACTORS
330
1A
102
}
100
AcDbPlotSettings
  1

  2
none_device
  4

  6

 40
0.0
 41
0.0
 42
0.0
 43
0.0
 44
1600.0
 45
1108.0
 46
0.0
 47
0.0
 48
0.0
 49
0.0
140
0.0
141
0.0
142
1.0
143
1.0
 70
0
 72
1
 73
0
 74
0
  7

 75
0
147
1.0
148
0.0
149
0.0
100
AcDbLayout
  1
Layout1
 70
0
 71
1
 10
0.0
 20
0.0
 11
1600.0
 21
1108.0
 12
0.0
 22
0.0
 32
0.0
 14
0.0
 24
0.0
 34
0.0
 15
0.0
 25
0.0
 35
0.0
146
0.0
 13
0.0
 23
0.0
 33
0.0
 16
1.0
 26
0.0
 36
0.0
 17
0.0
 27
1.0
 37
0.0
 76
0
330
269
345
0
346
0
  0
ENDSEC
  0
EOF
